Template,In layout,Enabled,Loc. X,Loc. Y,Loc. Z,X focus,Y focus,Cant vect.,Cant vect.,Cant vect.,Aim pt. X,Aim pt. Y,Aim pt. Z,
,,,[m],[m],[m],[m],[m],<i>,<j>,<k>,[m],[m],[m],
0,1,1,1232.772084,837.380140,0.000000,NULL,NULL,NULL,NULL,NULL,3.308835,2.247579,174.570000
0,1,1,-1232.772084,837.380140,0.000000,NULL,NULL,NULL,NULL,NULL,-3.308835,2.247579,174.570000
0,1,1,1276.553518,768.988704,0.000000,NULL,NULL,NULL,NULL,NULL,3.426347,2.064012,174.570000
0,1,1,849.172347,1224.679075,0.000000,NULL,NULL,NULL,NULL,NULL,2.279230,3.287113,174.570000
0,1,1,-849.172347,1224.679075,0.000000,NULL,NULL,NULL,NULL,NULL,-2.279230,3.287113,174.570000
0,1,1,272.556977,1465.143407,0.000000,NULL,NULL,NULL,NULL,NULL,0.731559,3.932534,174.570000
0,1,1,781.204226,1269.114836,0.000000,NULL,NULL,NULL,NULL,NULL,2.096799,3.406381,174.570000
0,1,1,-1276.553518,768.988704,0.000000,NULL,NULL,NULL,NULL,NULL,-3.426347,2.064012,174.570000
0,1,1,-272.556977,1465.143407,0.000000,NULL,NULL,NULL,NULL,NULL,-0.731559,3.932534,174.570000
0,1,1,-781.204226,1269.114836,0.000000,NULL,NULL,NULL,NULL,NULL,-2.096799,3.406381,174.570000
0,1,1,1185.330410,903.285298,0.000000,NULL,NULL,NULL,NULL,NULL,3.181499,2.424472,174.570000
0,1,1,351.957764,1448.122316,0.000000,NULL,NULL,NULL,NULL,NULL,0.944676,3.886848,174.570000
0,1,1,914.619178,1176.607101,0.000000,NULL,NULL,NULL,NULL,NULL,2.454893,3.158085,174.570000
0,1,1,-1185.330410,903.285298,0.000000,NULL,NULL,NULL,NULL,NULL,-3.181499,2.424472,174.570000
0,1,1,-351.957764,1448.122316,0.000000,NULL,NULL,NULL,NULL,NULL,-0.944676,3.886848,174.570000
0,1,1,1316.544718,698.314053,0.000000,NULL,NULL,NULL,NULL,NULL,3.533686,1.874317,174.570000
0,1,1,-914.619178,1176.607101,0.000000,NULL,NULL,NULL,NULL,NULL,-2.454893,3.158085,174.570000
0,1,1,-192.346939,1477.814320,0.000000,NULL,NULL,NULL,NULL,NULL,-0.516271,3.966543,174.570000
0,1,1,-1316.544718,698.314053,0.000000,NULL,NULL,NULL,NULL,NULL,-3.533686,1.874317,174.570000
0,1,1,192.346939,1477.814320,0.000000,NULL,NULL,NULL,NULL,NULL,0.516271,3.966543,174.570000
0,1,1,430.313547,1426.801585,0.000000,NULL,NULL,NULL,NULL,NULL,1.154988,3.829622,174.570000
0,1,1,710.916620,1309.782451,0.000000,NULL,NULL,NULL,NULL,NULL,1.908143,3.515535,174.570000
0,1,1,-710.916620,1309.782451,0.000000,NULL,NULL,NULL,NULL,NULL,-1.908143,3.515535,174.570000
0,1,1,977.350400,1125.041646,0.000000,NULL,NULL,NULL,NULL,NULL,2.623268,3.019680,174.570000
0,1,1,-430.313547,1426.801585,0.000000,NULL,NULL,NULL,NULL,NULL,-1.154988,3.829622,174.570000
0,1,1,1134.369354,966.508499,0.000000,NULL,NULL,NULL,NULL,NULL,3.044716,2.594167,174.570000
0,1,1,-1134.369354,966.508499,0.000000,NULL,NULL,NULL,NULL,NULL,-3.044716,2.594167,174.570000
0,1,1,-977.350400,1125.041646,0.000000,NULL,NULL,NULL,NULL,NULL,-2.623268,3.019680,174.570000
0,1,1,-111.565800,1486.097434,0.000000,NULL,NULL,NULL,NULL,NULL,-0.299449,3.988776,174.570000
0,1,1,111.565800,1486.097434,0.000000,NULL,NULL,NULL,NULL,NULL,0.299449,3.988776,174.570000
0,1,1,507.391680,1401.244516,0.000000,NULL,NULL,NULL,NULL,NULL,1.361870,3.761025,174.570000
0,1,1,1037.179758,1070.135814,0.000000,NULL,NULL,NULL,NULL,NULL,2.783853,2.872309,174.570000
0,1,1,638.518222,1346.561172,0.000000,NULL,NULL,NULL,NULL,NULL,1.713822,3.614252,174.570000
0,1,1,-638.518222,1346.561172,0.000000,NULL,NULL,NULL,NULL,NULL,-1.713822,3.614252,174.570000
0,1,1,-507.391680,1401.244516,0.000000,NULL,NULL,NULL,NULL,NULL,-1.361870,3.761025,174.570000
0,1,1,1080.040226,1026.862026,0.000000,NULL,NULL,NULL,NULL,NULL,2.898893,2.756160,174.570000
0,1,1,-1037.179758,1070.135814,0.000000,NULL,NULL,NULL,NULL,NULL,-2.783853,2.872309,174.570000
0,1,1,-1080.040226,1026.862026,0.000000,NULL,NULL,NULL,NULL,NULL,-2.898893,2.756160,174.570000
0,1,1,-30.453409,1489.968154,0.000000,NULL,NULL,NULL,NULL,NULL,-0.081739,3.999165,174.570000
0,1,1,30.453409,1489.968154,0.000000,NULL,NULL,NULL,NULL,NULL,0.081739,3.999165,174.570000
0,1,1,1093.929610,1012.052627,0.000000,NULL,NULL,NULL,NULL,NULL,2.936173,2.716411,174.570000
0,1,1,582.963309,1371.526992,0.000000,NULL,NULL,NULL,NULL,NULL,1.564709,3.681262,174.570000
0,1,1,564.223990,1379.341799,0.000000,NULL,NULL,NULL,NULL,NULL,1.514411,3.702237,174.570000
0,1,1,-582.963309,1371.526992,0.000000,NULL,NULL,NULL,NULL,NULL,-1.564709,3.681262,174.570000
0,1,1,-564.223990,1379.341799,0.000000,NULL,NULL,NULL,NULL,NULL,-1.514411,3.702237,174.570000
0,1,1,-1093.929610,1012.052627,0.000000,NULL,NULL,NULL,NULL,NULL,-2.936173,2.716411,174.570000
0,1,1,1022.504335,1084.166682,0.000000,NULL,NULL,NULL,NULL,NULL,2.744464,2.909969,174.570000
0,1,1,-1022.504335,1084.166682,0.000000,NULL,NULL,NULL,NULL,NULL,-2.744464,2.909969,174.570000
0,1,1,50.749401,1489.414989,0.000000,NULL,NULL,NULL,NULL,NULL,0.136214,3.997680,174.570000
0,1,1,1147.431460,950.964539,0.000000,NULL,NULL,NULL,NULL,NULL,3.079776,2.552446,174.570000
0,1,1,-50.749401,1489.414989,0.000000,NULL,NULL,NULL,NULL,NULL,-0.136214,3.997680,174.570000
0,1,1,656.804054,1337.737248,0.000000,NULL,NULL,NULL,NULL,NULL,1.762902,3.590568,174.570000
0,1,1,1306.908941,716.185401,0.000000,NULL,NULL,NULL,NULL,NULL,3.507823,1.922285,174.570000
0,1,1,-1147.431460,950.964539,0.000000,NULL,NULL,NULL,NULL,NULL,-3.079776,2.552446,174.570000
0,1,1,-656.804054,1337.737248,0.000000,NULL,NULL,NULL,NULL,NULL,-1.762902,3.590568,174.570000
0,1,1,488.254513,1408.027003,0.000000,NULL,NULL,NULL,NULL,NULL,1.310505,3.779230,174.570000
0,1,1,-1306.908941,716.185401,0.000000,NULL,NULL,NULL,NULL,NULL,-3.507823,1.922285,174.570000
0,1,1,-488.254513,1408.027003,0.000000,NULL,NULL,NULL,NULL,NULL,-1.310505,3.779230,174.570000
0,1,1,961.932512,1138.252324,0.000000,NULL,NULL,NULL,NULL,NULL,2.581885,3.055138,174.570000
0,1,1,746.502615,-813.795345,0.000000,NULL,NULL,NULL,NULL,NULL,2.703929,-2.947672,174.570000
0,1,1,1014.709222,-435.768531,0.000000,NULL,NULL,NULL,NULL,NULL,3.675408,-1.578410,174.570000
0,1,1,346.787929,-1048.459418,0.000000,NULL,NULL,NULL,NULL,NULL,1.256111,-3.797655,174.570000
0,1,1,1104.158974,19.025707,0.000000,NULL,NULL,NULL,NULL,NULL,3.999406,0.068914,174.570000
0,1,1,-961.932512,1138.252324,0.000000,NULL,NULL,NULL,NULL,NULL,-2.581885,3.055138,174.570000
0,1,1,-346.787929,-1048.459418,0.000000,NULL,NULL,NULL,NULL,NULL,-1.256111,-3.797655,174.570000
0,1,1,684.690932,-866.445235,0.000000,NULL,NULL,NULL,NULL,NULL,2.480039,-3.138376,174.570000
0,1,1,-746.502615,-813.795345,0.000000,NULL,NULL,NULL,NULL,NULL,-2.703929,-2.947672,174.570000
0,1,1,979.948244,-509.146793,0.000000,NULL,NULL,NULL,NULL,NULL,3.549499,-1.844195,174.570000
0,1,1,-268.814634,-1071.105835,0.000000,NULL,NULL,NULL,NULL,NULL,-0.973681,-3.879684,174.570000
0,1,1,-684.690932,-866.445235,0.000000,NULL,NULL,NULL,NULL,NULL,-2.480039,-3.138376,174.570000
0,1,1,-1014.709222,-435.768531,0.000000,NULL,NULL,NULL,NULL,NULL,-3.675408,-1.578410,174.570000
0,1,1,1197.526455,887.052930,0.000000,NULL,NULL,NULL,NULL,NULL,3.214234,2.380904,174.570000
0,1,1,268.814634,-1071.105835,0.000000,NULL,NULL,NULL,NULL,NULL,0.973681,-3.879684,174.570000
0,1,1,422.886510,-1020.145096,0.000000,NULL,NULL,NULL,NULL,NULL,1.531750,-3.695097,174.570000
0,1,1,-1104.158974,19.025707,0.000000,NULL,NULL,NULL,NULL,NULL,-3.999406,0.068914,174.570000
0,1,1,-979.948244,-509.146793,0.000000,NULL,NULL,NULL,NULL,NULL,-3.549499,-1.844195,174.570000
0,1,1,1102.572389,-62.154202,0.000000,NULL,NULL,NULL,NULL,NULL,3.993660,-0.225131,174.570000
0,1,1,131.801531,1484.439580,0.000000,NULL,NULL,NULL,NULL,NULL,0.353763,3.984326,174.570000
0,1,1,999.093902,470.468270,0.000000,NULL,NULL,NULL,NULL,NULL,3.618847,1.704097,174.570000
0,1,1,-131.801531,1484.439580,0.000000,NULL,NULL,NULL,NULL,NULL,-0.353763,3.984326,174.570000
0,1,1,-422.886510,-1020.145096,0.000000,NULL,NULL,NULL,NULL,NULL,-1.531750,-3.695097,174.570000
0,1,1,728.694672,1299.975609,0.000000,NULL,NULL,NULL,NULL,NULL,1.955861,3.489213,174.570000
0,1,1,804.278752,-756.746131,0.000000,NULL,NULL,NULL,NULL,NULL,2.913201,-2.741032,174.570000
0,1,1,1265.958605,786.308667,0.000000,NULL,NULL,NULL,NULL,NULL,3.397910,2.110500,174.570000
0,1,1,-1197.526455,887.052930,0.000000,NULL,NULL,NULL,NULL,NULL,-3.214234,2.380904,174.570000
0,1,1,48.189704,-1103.270942,0.000000,NULL,NULL,NULL,NULL,NULL,0.174549,-3.996190,174.570000
0,1,1,-999.093902,470.468270,0.000000,NULL,NULL,NULL,NULL,NULL,-3.618847,1.704097,174.570000
0,1,1,-1102.572389,-62.154202,0.000000,NULL,NULL,NULL,NULL,NULL,-3.993660,-0.225131,174.570000
0,1,1,-728.694672,1299.975609,0.000000,NULL,NULL,NULL,NULL,NULL,-1.955861,3.489213,174.570000
0,1,1,-189.388145,-1087.961924,0.000000,NULL,NULL,NULL,NULL,NULL,-0.685988,-3.940739,174.570000
0,1,1,-804.278752,-756.746131,0.000000,NULL,NULL,NULL,NULL,NULL,-2.913201,-2.741032,174.570000
0,1,1,619.177855,-914.411178,0.000000,NULL,NULL,NULL,NULL,NULL,2.242742,-3.312115,174.570000
0,1,1,-48.189704,-1103.270942,0.000000,NULL,NULL,NULL,NULL,NULL,-0.174549,-3.996190,174.570000
0,1,1,1043.984748,-360.034532,0.000000,NULL,NULL,NULL,NULL,NULL,3.781448,-1.304092,174.570000
0,1,1,718.022856,839.030510,0.000000,NULL,NULL,NULL,NULL,NULL,2.600771,3.039077,174.570000
0,1,1,1030.961211,395.787821,0.000000,NULL,NULL,NULL,NULL,NULL,3.734275,1.433595,174.570000
0,1,1,-1265.958605,786.308667,0.000000,NULL,NULL,NULL,NULL,NULL,-3.397910,2.110500,174.570000
0,1,1,-619.177855,-914.411178,0.000000,NULL,NULL,NULL,NULL,NULL,-2.242742,-3.312115,174.570000
0,1,1,189.388145,-1087.961924,0.000000,NULL,NULL,NULL,NULL,NULL,0.685988,-3.940739,174.570000
0,1,1,410.835353,1432.531613,0.000000,NULL,NULL,NULL,NULL,NULL,1.102707,3.845002,174.570000
0,1,1,-410.835353,1432.531613,0.000000,NULL,NULL,NULL,NULL,NULL,-1.102707,3.845002,174.570000
0,1,1,496.698995,-986.315936,0.000000,NULL,NULL,NULL,NULL,NULL,1.799108,-3.572564,174.570000
0,1,1,1099.776548,100.102765,0.000000,NULL,NULL,NULL,NULL,NULL,3.983533,0.362585,174.570000
0,1,1,961.825556,542.605399,0.000000,NULL,NULL,NULL,NULL,NULL,3.483856,1.965387,174.570000
0,1,1,939.889730,-579.772640,0.000000,NULL,NULL,NULL,NULL,NULL,3.404402,-2.100011,174.570000
0,1,1,898.504601,1188.958364,0.000000,NULL,NULL,NULL,NULL,NULL,2.411641,3.191236,174.570000
0,1,1,1244.065857,820.507559,0.000000,NULL,NULL,NULL,NULL,NULL,3.339148,2.202292,174.570000
0,1,1,654.433991,889.519629,0.000000,NULL,NULL,NULL,NULL,NULL,2.370444,3.221955,174.570000
0,1,1,-898.504601,1188.958364,0.000000,NULL,NULL,NULL,NULL,NULL,-2.411641,3.191236,174.570000
0,1,1,-1043.984748,-360.034532,0.000000,NULL,NULL,NULL,NULL,NULL,-3.781448,-1.304092,174.570000
0,1,1,-718.022856,839.030510,0.000000,NULL,NULL,NULL,NULL,NULL,-2.600771,3.039077,174.570000
0,1,1,-961.825556,542.605399,0.000000,NULL,NULL,NULL,NULL,NULL,-3.483856,1.965387,174.570000
0,1,1,231.753672,1079.731103,0.000000,NULL,NULL,NULL,NULL,NULL,0.839442,3.910925,174.570000
0,1,1,-654.433991,889.519629,0.000000,NULL,NULL,NULL,NULL,NULL,-2.370444,3.221955,174.570000
0,1,1,-1099.776548,100.102765,0.000000,NULL,NULL,NULL,NULL,NULL,-3.983533,0.362585,174.570000
0,1,1,-231.753672,1079.731103,0.000000,NULL,NULL,NULL,NULL,NULL,-0.839442,3.910925,174.570000
0,1,1,1095.025369,-142.998110,0.000000,NULL,NULL,NULL,NULL,NULL,3.966323,-0.517958,174.570000
0,1,1,-939.889730,-579.772640,0.000000,NULL,NULL,NULL,NULL,NULL,-3.404402,-2.100011,174.570000
0,1,1,-496.698995,-986.315936,0.000000,NULL,NULL,NULL,NULL,NULL,-1.799108,-3.572564,174.570000
0,1,1,-1030.961211,395.787821,0.000000,NULL,NULL,NULL,NULL,NULL,-3.734275,1.433595,174.570000
0,1,1,857.707011,-695.605996,0.000000,NULL,NULL,NULL,NULL,NULL,3.106725,-2.519575,174.570000
0,1,1,212.462326,1475.056701,0.000000,NULL,NULL,NULL,NULL,NULL,0.570262,3.959142,174.570000
0,1,1,798.421713,1258.354194,0.000000,NULL,NULL,NULL,NULL,NULL,2.143012,3.377499,174.570000
0,1,1,310.460886,1059.784439,0.000000,NULL,NULL,NULL,NULL,NULL,1.124529,3.838676,174.570000
0,1,1,-1244.065857,820.507559,0.000000,NULL,NULL,NULL,NULL,NULL,-3.339148,2.202292,174.570000
0,1,1,1221.249494,854.097292,0.000000,NULL,NULL,NULL,NULL,NULL,3.277908,2.292449,174.570000
0,1,1,-212.462326,1475.056701,0.000000,NULL,NULL,NULL,NULL,NULL,-0.570262,3.959142,174.570000
0,1,1,129.122684,-1096.748080,0.000000,NULL,NULL,NULL,NULL,NULL,0.467699,-3.972563,174.570000
0,1,1,-1095.025369,-142.998110,0.000000,NULL,NULL,NULL,NULL,NULL,-3.966323,-0.517958,174.570000
0,1,1,-310.460886,1059.784439,0.000000,NULL,NULL,NULL,NULL,NULL,-1.124529,3.838676,174.570000
0,1,1,-798.421713,1258.354194,0.000000,NULL,NULL,NULL,NULL,NULL,-2.143012,3.377499,174.570000
0,1,1,777.730136,784.005646,0.000000,NULL,NULL,NULL,NULL,NULL,2.817039,2.839770,174.570000
0,1,1,1286.911485,751.526007,0.000000,NULL,NULL,NULL,NULL,NULL,3.454148,2.017141,174.570000
0,1,1,-857.707011,-695.605996,0.000000,NULL,NULL,NULL,NULL,NULL,-3.106725,-2.519575,174.570000
0,1,1,-1221.249494,854.097292,0.000000,NULL,NULL,NULL,NULL,NULL,-3.277908,2.292449,174.570000
0,1,1,-129.122684,-1096.748080,0.000000,NULL,NULL,NULL,NULL,NULL,-0.467699,-3.972563,174.570000
0,1,1,-108.937835,-1098.936562,0.000000,NULL,NULL,NULL,NULL,NULL,-0.394587,-3.980490,174.570000
0,1,1,567.826357,-947.154817,0.000000,NULL,NULL,NULL,NULL,NULL,2.056740,-3.430717,174.570000
0,1,1,550.317543,-957.433873,0.000000,NULL,NULL,NULL,NULL,NULL,1.993321,-3.467949,174.570000
0,1,1,1067.616560,-282.354210,0.000000,NULL,NULL,NULL,NULL,NULL,3.867045,-1.022723,174.570000
0,1,1,894.750232,-647.264274,0.000000,NULL,NULL,NULL,NULL,NULL,3.240901,-2.344475,174.570000
0,1,1,-550.317543,-957.433873,0.000000,NULL,NULL,NULL,NULL,NULL,-1.993321,-3.467949,174.570000
0,1,1,-332.196375,1452.782874,0.000000,NULL,NULL,NULL,NULL,NULL,-0.891635,3.899357,174.570000
0,1,1,332.196375,1452.782874,0.000000,NULL,NULL,NULL,NULL,NULL,0.891635,3.899357,174.570000
0,1,1,832.408928,1236.134251,0.000000,NULL,NULL,NULL,NULL,NULL,2.234236,3.317859,174.570000
0,1,1,1057.255211,318.967768,0.000000,NULL,NULL,NULL,NULL,NULL,3.829515,1.155342,174.570000
0,1,1,108.937835,-1098.936562,0.000000,NULL,NULL,NULL,NULL,NULL,0.394587,-3.980490,174.570000
0,1,1,-151.793612,1093.840810,0.000000,NULL,NULL,NULL,NULL,NULL,-0.549816,3.962033,174.570000
0,1,1,-777.730136,784.005646,0.000000,NULL,NULL,NULL,NULL,NULL,-2.817039,2.839770,174.570000
0,1,1,151.793612,1093.840810,0.000000,NULL,NULL,NULL,NULL,NULL,0.549816,3.962033,174.570000
0,1,1,-832.408928,1236.134251,0.000000,NULL,NULL,NULL,NULL,NULL,-2.234236,3.317859,174.570000
0,1,1,-1286.911485,751.526007,0.000000,NULL,NULL,NULL,NULL,NULL,-3.454148,2.017141,174.570000
0,1,1,-567.826357,-947.154817,0.000000,NULL,NULL,NULL,NULL,NULL,-2.056740,-3.430717,174.570000
0,1,1,1089.448800,180.638674,0.000000,NULL,NULL,NULL,NULL,NULL,3.946124,0.654297,174.570000
0,1,1,-1067.616560,-282.354210,0.000000,NULL,NULL,NULL,NULL,NULL,-3.867045,-1.022723,174.570000
0,1,1,-894.750232,-647.264274,0.000000,NULL,NULL,NULL,NULL,NULL,-3.240901,-2.344475,174.570000
0,1,1,865.778148,1212.996582,0.000000,NULL,NULL,NULL,NULL,NULL,2.323801,3.255756,174.570000
0,1,1,1081.558713,-223.068979,0.000000,NULL,NULL,NULL,NULL,NULL,3.917545,-0.807985,174.570000
0,1,1,292.492297,1461.294209,0.000000,NULL,NULL,NULL,NULL,NULL,0.785067,3.922202,174.570000
0,1,1,906.498561,-630.705460,0.000000,NULL,NULL,NULL,NULL,NULL,3.283455,-2.284497,174.570000
0,1,1,1325.936127,680.313088,0.000000,NULL,NULL,NULL,NULL,NULL,3.558893,1.826002,174.570000
0,1,1,1172.914353,919.350005,0.000000,NULL,NULL,NULL,NULL,NULL,3.148173,2.467591,174.570000
0,1,1,587.307298,935.200062,0.000000,NULL,NULL,NULL,NULL,NULL,2.127303,3.387415,174.570000
0,1,1,-1057.255211,318.967768,0.000000,NULL,NULL,NULL,NULL,NULL,-3.829515,1.155342,174.570000
0,1,1,919.357643,611.809238,0.000000,NULL,NULL,NULL,NULL,NULL,3.330032,2.216052,174.570000
0,1,1,-587.307298,935.200062,0.000000,NULL,NULL,NULL,NULL,NULL,-2.127303,3.387415,174.570000
0,1,1,-1089.448800,180.638674,0.000000,NULL,NULL,NULL,NULL,NULL,-3.946124,0.654297,174.570000
0,1,1,-292.492297,1461.294209,0.000000,NULL,NULL,NULL,NULL,NULL,-0.785067,3.922202,174.570000
0,1,1,-865.778148,1212.996582,0.000000,NULL,NULL,NULL,NULL,NULL,-2.323801,3.255756,174.570000
0,1,1,1189.420451,972.172891,0.000000,NULL,NULL,NULL,NULL,NULL,3.097091,2.531408,174.570000
0,1,1,1176.065513,988.286926,0.000000,NULL,NULL,NULL,NULL,NULL,3.062317,2.573367,174.570000
0,1,1,1162.492283,1004.217523,0.000000,NULL,NULL,NULL,NULL,NULL,3.026974,2.614848,174.570000
0,1,1,387.489768,1034.108649,0.000000,NULL,NULL,NULL,NULL,NULL,1.403538,3.745675,174.570000
0,1,1,-919.357643,611.809238,0.000000,NULL,NULL,NULL,NULL,NULL,-3.330032,2.216052,174.570000
0,1,1,1148.703279,1019.961724,0.000000,NULL,NULL,NULL,NULL,NULL,2.991069,2.655844,174.570000
0,1,1,-1172.914353,919.350005,0.000000,NULL,NULL,NULL,NULL,NULL,-3.148173,2.467591,174.570000
0,1,1,936.565244,1275.071992,0.000000,NULL,NULL,NULL,NULL,NULL,2.367941,3.223795,174.570000
0,1,1,-1081.558713,-223.068979,0.000000,NULL,NULL,NULL,NULL,NULL,-3.917545,-0.807985,174.570000
0,1,1,1134.701061,1035.516607,0.000000,NULL,NULL,NULL,NULL,NULL,2.954609,2.696346,174.570000
0,1,1,209.357635,-1084.296269,0.000000,NULL,NULL,NULL,NULL,NULL,0.758320,-3.927461,174.570000
0,1,1,1120.488228,1050.879285,0.000000,NULL,NULL,NULL,NULL,NULL,2.917601,2.736349,174.570000
0,1,1,-906.498561,-630.705460,0.000000,NULL,NULL,NULL,NULL,NULL,-3.283455,-2.284497,174.570000
0,1,1,1106.067418,1066.046906,0.000000,NULL,NULL,NULL,NULL,NULL,2.880051,2.775843,174.570000
0,1,1,883.682526,1312.275975,0.000000,NULL,NULL,NULL,NULL,NULL,2.234236,3.317859,174.570000
0,1,1,865.722514,1324.193177,0.000000,NULL,NULL,NULL,NULL,NULL,2.188827,3.347990,174.570000
0,1,1,763.841737,1279.639915,0.000000,NULL,NULL,NULL,NULL,NULL,2.050197,3.434631,174.570000
0,1,1,919.107179,1287.713103,0.000000,NULL,NULL,NULL,NULL,NULL,2.323801,3.255756,174.570000
0,1,1,-1325.936127,680.313088,0.000000,NULL,NULL,NULL,NULL,NULL,-3.558893,1.826002,174.570000
0,1,1,1076.612613,1095.785755,0.000000,NULL,NULL,NULL,NULL,NULL,2.803355,2.853279,174.570000
0,1,1,901.478515,1300.115198,0.000000,NULL,NULL,NULL,NULL,NULL,2.279230,3.287113,174.570000
0,1,1,1091.441309,1081.016656,0.000000,NULL,NULL,NULL,NULL,NULL,2.841967,2.814822,174.570000
0,1,1,844.773772,-711.256840,0.000000,NULL,NULL,NULL,NULL,NULL,3.059880,-2.576264,174.570000
0,1,1,-252.571068,1468.720656,0.000000,NULL,NULL,NULL,NULL,NULL,-0.677916,3.942135,174.570000
0,1,1,-387.489768,1034.108649,0.000000,NULL,NULL,NULL,NULL,NULL,-1.403538,3.745675,174.570000
0,1,1,1030.938724,1138.861926,0.000000,NULL,NULL,NULL,NULL,NULL,2.684426,2.965444,174.570000
0,1,1,635.884087,-902.873439,0.000000,NULL,NULL,NULL,NULL,NULL,2.303254,-3.270324,174.570000
0,1,1,833.233058,724.742499,0.000000,NULL,NULL,NULL,NULL,NULL,3.018078,2.625111,174.570000
0,1,1,1061.584085,1110.351463,0.000000,NULL,NULL,NULL,NULL,NULL,2.764223,2.891206,174.570000
0,1,1,-1189.420451,972.172891,0.000000,NULL,NULL,NULL,NULL,NULL,-3.097091,2.531408,174.570000
0,1,1,252.571068,1468.720656,0.000000,NULL,NULL,NULL,NULL,NULL,0.677916,3.942135,174.570000
0,1,1,847.601813,1335.864592,0.000000,NULL,NULL,NULL,NULL,NULL,2.143012,3.377499,174.570000
0,1,1,792.309355,1369.382682,0.000000,NULL,NULL,NULL,NULL,NULL,2.003215,3.462243,174.570000
0,1,1,-763.841737,1279.639915,0.000000,NULL,NULL,NULL,NULL,NULL,-2.050197,3.434631,174.570000
0,1,1,-27.898615,-1103.970419,0.000000,NULL,NULL,NULL,NULL,NULL,-0.101052,-3.998723,174.570000
0,1,1,1046.358514,1124.711075,0.000000,NULL,NULL,NULL,NULL,NULL,2.724577,2.928597,174.570000
0,1,1,478.482249,-995.280742,0.000000,NULL,NULL,NULL,NULL,NULL,1.733124,-3.605035,174.570000
0,1,1,-936.565244,1275.071992,0.000000,NULL,NULL,NULL,NULL,NULL,-2.367941,3.223795,174.570000
0,1,1,930.563990,1164.037444,0.000000,NULL,NULL,NULL,NULL,NULL,2.497690,3.124347,174.570000
0,1,1,773.579820,1380.049747,0.000000,NULL,NULL,NULL,NULL,NULL,1.955861,3.489213,174.570000
0,1,1,829.323786,1347.288054,0.000000,NULL,NULL,NULL,NULL,NULL,2.096799,3.406381,174.570000
0,1,1,-1176.065513,988.286926,0.000000,NULL,NULL,NULL,NULL,NULL,-3.062317,2.573367,174.570000
0,1,1,-209.357635,-1084.296269,0.000000,NULL,NULL,NULL,NULL,NULL,-0.758320,-3.927461,174.570000
0,1,1,810.891826,1358.461442,0.000000,NULL,NULL,NULL,NULL,NULL,2.050197,3.434631,174.570000
0,1,1,-1162.492283,1004.217523,0.000000,NULL,NULL,NULL,NULL,NULL,-3.026974,2.614848,174.570000
0,1,1,1085.476905,-203.147500,0.000000,NULL,NULL,NULL,NULL,NULL,3.931737,-0.735826,174.570000
0,1,1,1015.327580,1152.801390,0.000000,NULL,NULL,NULL,NULL,NULL,2.643777,3.001740,174.570000
0,1,1,-478.482249,-995.280742,0.000000,NULL,NULL,NULL,NULL,NULL,-1.733124,-3.605035,174.570000
0,1,1,-883.682526,1312.275975,0.000000,NULL,NULL,NULL,NULL,NULL,-2.234236,3.317859,174.570000
0,1,1,697.260981,1420.137376,0.000000,NULL,NULL,NULL,NULL,NULL,1.762902,3.590568,174.570000
0,1,1,-865.722514,1324.193177,0.000000,NULL,NULL,NULL,NULL,NULL,-2.188827,3.347990,174.570000
0,1,1,-1148.703279,1019.961724,0.000000,NULL,NULL,NULL,NULL,NULL,-2.991069,2.655844,174.570000
0,1,1,1077.833758,240.423396,0.000000,NULL,NULL,NULL,NULL,NULL,3.904053,0.870845,174.570000
0,1,1,-1134.701061,1035.516607,0.000000,NULL,NULL,NULL,NULL,NULL,-2.954609,2.696346,174.570000
0,1,1,999.527978,1166.526880,0.000000,NULL,NULL,NULL,NULL,NULL,2.602637,3.037480,174.570000
0,1,1,677.848803,1429.504824,0.000000,NULL,NULL,NULL,NULL,NULL,1.713822,3.614252,174.570000
0,1,1,754.706700,1390.460657,0.000000,NULL,NULL,NULL,NULL,NULL,1.908143,3.515535,174.570000
0,1,1,-919.107179,1287.713103,0.000000,NULL,NULL,NULL,NULL,NULL,-2.323801,3.255756,174.570000
0,1,1,735.693496,1400.613481,0.000000,NULL,NULL,NULL,NULL,NULL,1.860072,3.541205,174.570000
0,1,1,1121.096695,981.873062,0.000000,NULL,NULL,NULL,NULL,NULL,3.009091,2.635407,174.570000
0,1,1,27.898615,-1103.970419,0.000000,NULL,NULL,NULL,NULL,NULL,0.101052,-3.998723,174.570000
0,1,1,658.310808,1438.606938,0.000000,NULL,NULL,NULL,NULL,NULL,1.664423,3.637265,174.570000
0,1,1,983.542851,1180.035847,0.000000,NULL,NULL,NULL,NULL,NULL,2.561014,3.072655,174.570000
0,1,1,967.375165,1193.325785,0.000000,NULL,NULL,NULL,NULL,NULL,2.518915,3.107260,174.570000
0,1,1,-901.478515,1300.115198,0.000000,NULL,NULL,NULL,NULL,NULL,-2.279230,3.287113,174.570000
0,1,1,716.543738,1410.506332,0.000000,NULL,NULL,NULL,NULL,NULL,1.811655,3.566217,174.570000
0,1,1,-1120.488228,1050.879285,0.000000,NULL,NULL,NULL,NULL,NULL,-2.917601,2.736349,174.570000
0,1,1,-1106.067418,1066.046906,0.000000,NULL,NULL,NULL,NULL,NULL,-2.880051,2.775843,174.570000
0,1,1,951.027923,1206.394227,0.000000,NULL,NULL,NULL,NULL,NULL,2.476349,3.141289,174.570000
0,1,1,-792.309355,1369.382682,0.000000,NULL,NULL,NULL,NULL,NULL,-2.003215,3.462243,174.570000
0,1,1,-847.601813,1335.864592,0.000000,NULL,NULL,NULL,NULL,NULL,-2.143012,3.377499,174.570000
0,1,1,-773.579820,1380.049747,0.000000,NULL,NULL,NULL,NULL,NULL,-1.955861,3.489213,174.570000
0,1,1,-1076.612613,1095.785755,0.000000,NULL,NULL,NULL,NULL,NULL,-2.803355,2.853279,174.570000
0,1,1,934.504158,1219.238746,0.000000,NULL,NULL,NULL,NULL,NULL,2.433323,3.174734,174.570000
0,1,1,-844.773772,-711.256840,0.000000,NULL,NULL,NULL,NULL,NULL,-3.059880,-2.576264,174.570000
0,1,1,558.861279,1480.080104,0.000000,NULL,NULL,NULL,NULL,NULL,1.412983,3.742122,174.570000
0,1,1,-829.323786,1347.288054,0.000000,NULL,NULL,NULL,NULL,NULL,-2.096799,3.406381,174.570000
0,1,1,1062.245220,-301.933952,0.000000,NULL,NULL,NULL,NULL,NULL,3.847589,-1.093644,174.570000
0,1,1,-1091.441309,1081.016656,0.000000,NULL,NULL,NULL,NULL,NULL,-2.841967,2.814822,174.570000
0,1,1,-1030.938724,1138.861926,0.000000,NULL,NULL,NULL,NULL,NULL,-2.684426,2.965444,174.570000
0,1,1,538.645306,1487.556479,0.000000,NULL,NULL,NULL,NULL,NULL,1.361870,3.761025,174.570000
0,1,1,638.650622,1447.442028,0.000000,NULL,NULL,NULL,NULL,NULL,1.614716,3.659603,174.570000
0,1,1,917.806937,1231.856959,0.000000,NULL,NULL,NULL,NULL,NULL,2.389846,3.207590,174.570000
0,1,1,371.653825,1443.192969,0.000000,NULL,NULL,NULL,NULL,NULL,0.997541,3.873617,174.570000
0,1,1,-810.891826,1358.461442,0.000000,NULL,NULL,NULL,NULL,NULL,-2.050197,3.434631,174.570000
0,1,1,-1061.584085,1110.351463,0.000000,NULL,NULL,NULL,NULL,NULL,-2.764223,2.891206,174.570000
0,1,1,-697.260981,1420.137376,0.000000,NULL,NULL,NULL,NULL,NULL,-1.762902,3.590568,174.570000
0,1,1,618.871894,1456.008455,0.000000,NULL,NULL,NULL,NULL,NULL,1.564709,3.681262,174.570000
0,1,1,598.978296,1464.304628,0.000000,NULL,NULL,NULL,NULL,NULL,1.514411,3.702237,174.570000
0,1,1,900.939359,1244.246524,0.000000,NULL,NULL,NULL,NULL,NULL,2.345925,3.239851,174.570000
0,1,1,-677.848803,1429.504824,0.000000,NULL,NULL,NULL,NULL,NULL,-1.713822,3.614252,174.570000
0,1,1,849.345949,1280.020546,0.000000,NULL,NULL,NULL,NULL,NULL,2.211583,3.333002,174.570000
0,1,1,578.973520,1472.329007,0.000000,NULL,NULL,NULL,NULL,NULL,1.463833,3.722525,174.570000
0,1,1,-1046.358514,1124.711075,0.000000,NULL,NULL,NULL,NULL,NULL,-2.724577,2.928597,174.570000
0,1,1,-930.563990,1164.037444,0.000000,NULL,NULL,NULL,NULL,NULL,-2.497690,3.124347,174.570000
0,1,1,-658.310808,1438.606938,0.000000,NULL,NULL,NULL,NULL,NULL,-1.664423,3.637265,174.570000
0,1,1,883.904556,1256.405141,0.000000,NULL,NULL,NULL,NULL,NULL,2.301569,3.271510,174.570000
0,1,1,-735.693496,1400.613481,0.000000,NULL,NULL,NULL,NULL,NULL,-1.860072,3.541205,174.570000
0,1,1,-754.706700,1390.460657,0.000000,NULL,NULL,NULL,NULL,NULL,-1.908143,3.515535,174.570000
0,1,1,-635.884087,-902.873439,0.000000,NULL,NULL,NULL,NULL,NULL,-2.303254,-3.270324,174.570000
0,1,1,-833.233058,724.742499,0.000000,NULL,NULL,NULL,NULL,NULL,-3.018078,2.625111,174.570000
0,1,1,-716.543738,1410.506332,0.000000,NULL,NULL,NULL,NULL,NULL,-1.811655,3.566217,174.570000
0,1,1,866.705688,1268.330553,0.000000,NULL,NULL,NULL,NULL,NULL,2.256785,3.302563,174.570000
0,1,1,-1015.327580,1152.801390,0.000000,NULL,NULL,NULL,NULL,NULL,-2.643777,3.001740,174.570000
0,1,1,394.546454,1532.088815,0.000000,NULL,NULL,NULL,NULL,NULL,0.997541,3.873617,174.570000
0,1,1,518.329354,1494.756744,0.000000,NULL,NULL,NULL,NULL,NULL,1.310505,3.779230,174.570000
0,1,1,-558.861279,1480.080104,0.000000,NULL,NULL,NULL,NULL,NULL,-1.412983,3.742122,174.570000
0,1,1,373.637181,1537.321794,0.000000,NULL,NULL,NULL,NULL,NULL,0.944676,3.886848,174.570000
0,1,1,497.917193,1501.679564,0.000000,NULL,NULL,NULL,NULL,NULL,1.258896,3.796733,174.570000
0,1,1,831.828561,1291.472952,0.000000,NULL,NULL,NULL,NULL,NULL,2.165970,3.362822,174.570000
0,1,1,-538.645306,1487.556479,0.000000,NULL,NULL,NULL,NULL,NULL,-1.361870,3.761025,174.570000
0,1,1,352.658557,1542.269427,0.000000,NULL,NULL,NULL,NULL,NULL,0.891635,3.899357,174.570000
0,1,1,-1085.476905,-203.147500,0.000000,NULL,NULL,NULL,NULL,NULL,-3.931737,-0.735826,174.570000
0,1,1,477.412613,1508.323652,0.000000,NULL,NULL,NULL,NULL,NULL,1.207054,3.813531,174.570000
0,1,1,456.819418,1514.687777,0.000000,NULL,NULL,NULL,NULL,NULL,1.154988,3.829622,174.570000
0,1,1,-999.527978,1166.526880,0.000000,NULL,NULL,NULL,NULL,NULL,-2.602637,3.037480,174.570000
0,1,1,-1121.096695,981.873062,0.000000,NULL,NULL,NULL,NULL,NULL,-3.009091,2.635407,174.570000
0,1,1,-371.653825,1443.192969,0.000000,NULL,NULL,NULL,NULL,NULL,-0.997541,3.873617,174.570000
0,1,1,778.363156,1324.383606,0.000000,NULL,NULL,NULL,NULL,NULL,2.026753,3.448517,174.570000
0,1,1,814.156774,1302.685644,0.000000,NULL,NULL,NULL,NULL,NULL,2.119955,3.392019,174.570000
0,1,1,436.141432,1520.770756,0.000000,NULL,NULL,NULL,NULL,NULL,1.102707,3.845002,174.570000
0,1,1,-638.650622,1447.442028,0.000000,NULL,NULL,NULL,NULL,NULL,-1.614716,3.659603,174.570000
0,1,1,-967.375165,1193.325785,0.000000,NULL,NULL,NULL,NULL,NULL,-2.518915,3.107260,174.570000
0,1,1,-983.542851,1180.035847,0.000000,NULL,NULL,NULL,NULL,NULL,-2.561014,3.072655,174.570000
0,1,1,415.382493,1526.571461,0.000000,NULL,NULL,NULL,NULL,NULL,1.050222,3.859668,174.570000
0,1,1,-598.978296,1464.304628,0.000000,NULL,NULL,NULL,NULL,NULL,-1.514411,3.702237,174.570000
0,1,1,-618.871894,1456.008455,0.000000,NULL,NULL,NULL,NULL,NULL,-1.564709,3.681262,174.570000
0,1,1,950.389639,-562.395371,0.000000,NULL,NULL,NULL,NULL,NULL,3.442434,-2.037069,174.570000
0,1,1,796.333870,1313.656541,0.000000,NULL,NULL,NULL,NULL,NULL,2.073547,3.420585,174.570000
0,1,1,-951.027923,1206.394227,0.000000,NULL,NULL,NULL,NULL,NULL,-2.476349,3.141289,174.570000
0,1,1,-578.973520,1472.329007,0.000000,NULL,NULL,NULL,NULL,NULL,-1.463833,3.722525,174.570000
0,1,1,760.247968,1334.864850,0.000000,NULL,NULL,NULL,NULL,NULL,1.979584,3.475809,174.570000
0,1,1,-394.546454,1532.088815,0.000000,NULL,NULL,NULL,NULL,NULL,-0.997541,3.873617,174.570000
0,1,1,-373.637181,1537.321794,0.000000,NULL,NULL,NULL,NULL,NULL,-0.944676,3.886848,174.570000
0,1,1,-352.658557,1542.269427,0.000000,NULL,NULL,NULL,NULL,NULL,-0.891635,3.899357,174.570000
0,1,1,-934.504158,1219.238746,0.000000,NULL,NULL,NULL,NULL,NULL,-2.433323,3.174734,174.570000
0,1,1,705.069315,1364.814420,0.000000,NULL,NULL,NULL,NULL,NULL,1.835906,3.553794,174.570000
0,1,1,331.614475,1546.930794,0.000000,NULL,NULL,NULL,NULL,NULL,0.838429,3.911143,174.570000
0,1,1,-518.329354,1494.756744,0.000000,NULL,NULL,NULL,NULL,NULL,-1.310505,3.779230,174.570000
0,1,1,310.508841,1551.305032,0.000000,NULL,NULL,NULL,NULL,NULL,0.785067,3.922202,174.570000
0,1,1,-497.917193,1501.679564,0.000000,NULL,NULL,NULL,NULL,NULL,-1.258896,3.796733,174.570000
0,1,1,289.345573,1555.391328,0.000000,NULL,NULL,NULL,NULL,NULL,0.731559,3.932534,174.570000
0,1,1,-917.806937,1231.856959,0.000000,NULL,NULL,NULL,NULL,NULL,-2.389846,3.207590,174.570000
0,1,1,-456.819418,1514.687777,0.000000,NULL,NULL,NULL,NULL,NULL,-1.154988,3.829622,174.570000
0,1,1,-477.412613,1508.323652,0.000000,NULL,NULL,NULL,NULL,NULL,-1.207054,3.813531,174.570000
0,1,1,268.128599,1559.188923,0.000000,NULL,NULL,NULL,NULL,NULL,0.677916,3.942135,174.570000
0,1,1,-849.345949,1280.020546,0.000000,NULL,NULL,NULL,NULL,NULL,-2.211583,3.333002,174.570000
0,1,1,1073.231563,260.198061,0.000000,NULL,NULL,NULL,NULL,NULL,3.887383,0.942471,174.570000
0,1,1,246.861856,1562.697113,0.000000,NULL,NULL,NULL,NULL,NULL,0.624147,3.951005,174.570000
0,1,1,-436.141432,1520.770756,0.000000,NULL,NULL,NULL,NULL,NULL,-1.102707,3.845002,174.570000
0,1,1,741.991669,1345.098325,0.000000,NULL,NULL,NULL,NULL,NULL,1.932047,3.502456,174.570000
0,1,1,723.597646,1355.082133,0.000000,NULL,NULL,NULL,NULL,NULL,1.884151,3.528452,174.570000
0,1,1,-900.939359,1244.246524,0.000000,NULL,NULL,NULL,NULL,NULL,-2.345925,3.239851,174.570000
0,1,1,225.549293,1565.915246,0.000000,NULL,NULL,NULL,NULL,NULL,0.570262,3.959142,174.570000
0,1,1,-71.012966,1102.037285,0.000000,NULL,NULL,NULL,NULL,NULL,-0.257218,3.991721,174.570000
0,1,1,-415.382493,1526.571461,0.000000,NULL,NULL,NULL,NULL,NULL,-1.050222,3.859668,174.570000
0,1,1,686.410113,1374.293381,0.000000,NULL,NULL,NULL,NULL,NULL,1.787320,3.578476,174.570000
0,1,1,204.194865,1568.842726,0.000000,NULL,NULL,NULL,NULL,NULL,0.516271,3.966543,174.570000
0,1,1,182.802536,1571.479009,0.000000,NULL,NULL,NULL,NULL,NULL,0.462184,3.973209,174.570000
0,1,1,-883.904556,1256.405141,0.000000,NULL,NULL,NULL,NULL,NULL,-2.301569,3.271510,174.570000
0,1,1,161.376276,1573.823605,0.000000,NULL,NULL,NULL,NULL,NULL,0.408012,3.979136,174.570000
0,1,1,139.920063,1575.876080,0.000000,NULL,NULL,NULL,NULL,NULL,0.353763,3.984326,174.570000
0,1,1,-1077.833758,240.423396,0.000000,NULL,NULL,NULL,NULL,NULL,-3.904053,0.870845,174.570000
0,1,1,118.437879,1577.636052,0.000000,NULL,NULL,NULL,NULL,NULL,0.299449,3.988776,174.570000
0,1,1,-331.614475,1546.930794,0.000000,NULL,NULL,NULL,NULL,NULL,-0.838429,3.911143,174.570000
0,1,1,-289.345573,1555.391328,0.000000,NULL,NULL,NULL,NULL,NULL,-0.731559,3.932534,174.570000
0,1,1,96.933711,1579.103194,0.000000,NULL,NULL,NULL,NULL,NULL,0.245080,3.992485,174.570000
0,1,1,-310.508841,1551.305032,0.000000,NULL,NULL,NULL,NULL,NULL,-0.785067,3.922202,174.570000
0,1,1,-268.128599,1559.188923,0.000000,NULL,NULL,NULL,NULL,NULL,-0.677916,3.942135,174.570000
0,1,1,-866.705688,1268.330553,0.000000,NULL,NULL,NULL,NULL,NULL,-2.256785,3.302563,174.570000
0,1,1,75.411551,1580.277235,0.000000,NULL,NULL,NULL,NULL,NULL,0.190665,3.995453,174.570000
0,1,1,-246.861856,1562.697113,0.000000,NULL,NULL,NULL,NULL,NULL,-0.624147,3.951005,174.570000
0,1,1,53.875394,1581.157957,0.000000,NULL,NULL,NULL,NULL,NULL,0.136214,3.997680,174.570000
0,1,1,-225.549293,1565.915246,0.000000,NULL,NULL,NULL,NULL,NULL,-0.570262,3.959142,174.570000
0,1,1,32.329237,1581.745195,0.000000,NULL,NULL,NULL,NULL,NULL,0.081739,3.999165,174.570000
0,1,1,-204.194865,1568.842726,0.000000,NULL,NULL,NULL,NULL,NULL,-0.516271,3.966543,174.570000
0,1,1,10.777079,1582.038842,0.000000,NULL,NULL,NULL,NULL,NULL,0.027248,3.999907,174.570000
0,1,1,-182.802536,1571.479009,0.000000,NULL,NULL,NULL,NULL,NULL,-0.462184,3.973209,174.570000
0,1,1,-10.777079,1582.038842,0.000000,NULL,NULL,NULL,NULL,NULL,-0.027248,3.999907,174.570000
0,1,1,-139.920063,1575.876080,0.000000,NULL,NULL,NULL,NULL,NULL,-0.353763,3.984326,174.570000
0,1,1,-161.376276,1573.823605,0.000000,NULL,NULL,NULL,NULL,NULL,-0.408012,3.979136,174.570000
0,1,1,-32.329237,1581.745195,0.000000,NULL,NULL,NULL,NULL,NULL,-0.081739,3.999165,174.570000
0,1,1,-118.437879,1577.636052,0.000000,NULL,NULL,NULL,NULL,NULL,-0.299449,3.988776,174.570000
0,1,1,-53.875394,1581.157957,0.000000,NULL,NULL,NULL,NULL,NULL,-0.136214,3.997680,174.570000
0,1,1,-96.933711,1579.103194,0.000000,NULL,NULL,NULL,NULL,NULL,-0.245080,3.992485,174.570000
0,1,1,-75.411551,1580.277235,0.000000,NULL,NULL,NULL,NULL,NULL,-0.190665,3.995453,174.570000
0,1,1,667.623505,1383.517255,0.000000,NULL,NULL,NULL,NULL,NULL,1.738402,3.602493,174.570000
0,1,1,-831.828561,1291.472952,0.000000,NULL,NULL,NULL,NULL,NULL,-2.165970,3.362822,174.570000
0,1,1,-778.363156,1324.383606,0.000000,NULL,NULL,NULL,NULL,NULL,-2.026753,3.448517,174.570000
0,1,1,693.006613,1319.346181,0.000000,NULL,NULL,NULL,NULL,NULL,1.860072,3.541205,174.570000
0,1,1,71.012966,1102.037285,0.000000,NULL,NULL,NULL,NULL,NULL,0.257218,3.991721,174.570000
0,1,1,648.712978,1392.484331,0.000000,NULL,NULL,NULL,NULL,NULL,1.689162,3.625842,174.570000
0,1,1,-814.156774,1302.685644,0.000000,NULL,NULL,NULL,NULL,NULL,-2.119955,3.392019,174.570000
0,1,1,552.425170,1433.411166,0.000000,NULL,NULL,NULL,NULL,NULL,1.438441,3.732410,174.570000
0,1,1,-796.333870,1313.656541,0.000000,NULL,NULL,NULL,NULL,NULL,-2.073547,3.420585,174.570000
0,1,1,992.586880,1111.622146,0.000000,NULL,NULL,NULL,NULL,NULL,2.664163,2.983661,174.570000
0,1,1,629.682041,1401.192944,0.000000,NULL,NULL,NULL,NULL,NULL,1.639608,3.648518,174.570000
0,1,1,-760.247968,1334.864850,0.000000,NULL,NULL,NULL,NULL,NULL,-1.979584,3.475809,174.570000
0,1,1,-705.069315,1364.814420,0.000000,NULL,NULL,NULL,NULL,NULL,-1.835906,3.553794,174.570000
0,1,1,571.902207,1425.752084,0.000000,NULL,NULL,NULL,NULL,NULL,1.489157,3.712467,174.570000
0,1,1,610.534228,1409.641478,0.000000,NULL,NULL,NULL,NULL,NULL,1.589749,3.670517,174.570000
0,1,1,-1062.245220,-301.933952,0.000000,NULL,NULL,NULL,NULL,NULL,-3.847589,-1.093644,174.570000
0,1,1,-172.195849,1480.297639,0.000000,NULL,NULL,NULL,NULL,NULL,-0.462184,3.973209,174.570000
0,1,1,591.273091,1417.828365,0.000000,NULL,NULL,NULL,NULL,NULL,1.539596,3.691835,174.570000
0,1,1,790.230520,-771.404397,0.000000,NULL,NULL,NULL,NULL,NULL,2.862317,-2.794126,174.570000
0,1,1,172.195849,1480.297639,0.000000,NULL,NULL,NULL,NULL,NULL,0.462184,3.973209,174.570000
0,1,1,-693.006613,1319.346181,0.000000,NULL,NULL,NULL,NULL,NULL,-1.860072,3.541205,174.570000
0,1,1,-723.597646,1355.082133,0.000000,NULL,NULL,NULL,NULL,NULL,-1.884151,3.528452,174.570000
0,1,1,-741.991669,1345.098325,0.000000,NULL,NULL,NULL,NULL,NULL,-1.932047,3.502456,174.570000
0,1,1,-686.410113,1374.293381,0.000000,NULL,NULL,NULL,NULL,NULL,-1.787320,3.578476,174.570000
0,1,1,288.460812,-1065.982823,0.000000,NULL,NULL,NULL,NULL,NULL,1.044842,-3.861127,174.570000
0,1,1,532.845596,1440.804189,0.000000,NULL,NULL,NULL,NULL,NULL,1.387458,3.751661,174.570000
0,1,1,513.167120,1447.929780,0.000000,NULL,NULL,NULL,NULL,NULL,1.336218,3.770215,174.570000
0,1,1,-552.425170,1433.411166,0.000000,NULL,NULL,NULL,NULL,NULL,-1.438441,3.732410,174.570000
0,1,1,1065.950373,1041.480827,0.000000,NULL,NULL,NULL,NULL,NULL,2.861075,2.795398,174.570000
0,1,1,393.225042,1484.996703,0.000000,NULL,NULL,NULL,NULL,NULL,1.023905,3.866732,174.570000
0,1,1,-667.623505,1383.517255,0.000000,NULL,NULL,NULL,NULL,NULL,-1.738402,3.602493,174.570000
0,1,1,493.393393,1454.786617,0.000000,NULL,NULL,NULL,NULL,NULL,1.284730,3.788069,174.570000
0,1,1,413.419637,1479.501722,0.000000,NULL,NULL,NULL,NULL,NULL,1.076489,3.852424,174.570000
0,1,1,-648.712978,1392.484331,0.000000,NULL,NULL,NULL,NULL,NULL,-1.689162,3.625842,174.570000
0,1,1,473.528086,1461.373427,0.000000,NULL,NULL,NULL,NULL,NULL,1.233004,3.805220,174.570000
0,1,1,1297.030586,733.923817,0.000000,NULL,NULL,NULL,NULL,NULL,3.481309,1.969896,174.570000
0,1,1,-1073.231563,260.198061,0.000000,NULL,NULL,NULL,NULL,NULL,-3.887383,0.942471,174.570000
0,1,1,-571.902207,1425.752084,0.000000,NULL,NULL,NULL,NULL,NULL,-1.489157,3.712467,174.570000
0,1,1,-629.682041,1401.192944,0.000000,NULL,NULL,NULL,NULL,NULL,-1.639608,3.648518,174.570000
0,1,1,453.574886,1467.688987,0.000000,NULL,NULL,NULL,NULL,NULL,1.181048,3.821665,174.570000
0,1,1,433.537496,1473.732126,0.000000,NULL,NULL,NULL,NULL,NULL,1.128873,3.837401,174.570000
0,1,1,-610.534228,1409.641478,0.000000,NULL,NULL,NULL,NULL,NULL,-1.589749,3.670517,174.570000
0,1,1,-950.389639,-562.395371,0.000000,NULL,NULL,NULL,NULL,NULL,-3.442434,-2.037069,174.570000
0,1,1,-591.273091,1417.828365,0.000000,NULL,NULL,NULL,NULL,NULL,-1.539596,3.691835,174.570000
0,1,1,404.060311,-1027.747188,0.000000,NULL,NULL,NULL,NULL,NULL,1.463559,-3.722633,174.570000
0,1,1,372.957459,1490.216049,0.000000,NULL,NULL,NULL,NULL,NULL,0.971131,3.880323,174.570000
0,1,1,-532.845596,1440.804189,0.000000,NULL,NULL,NULL,NULL,NULL,-1.387458,3.751661,174.570000
0,1,1,-393.225042,1484.996703,0.000000,NULL,NULL,NULL,NULL,NULL,-1.023905,3.866732,174.570000
0,1,1,352.620651,1495.158793,0.000000,NULL,NULL,NULL,NULL,NULL,0.918177,3.893193,174.570000
0,1,1,-413.419637,1479.501722,0.000000,NULL,NULL,NULL,NULL,NULL,-1.076489,3.852424,174.570000
0,1,1,1381.436408,430.665285,0.000000,NULL,NULL,NULL,NULL,NULL,3.818732,1.190497,174.570000
0,1,1,-513.167120,1447.929780,0.000000,NULL,NULL,NULL,NULL,NULL,-1.336218,3.770215,174.570000
0,1,1,332.218391,1499.824017,0.000000,NULL,NULL,NULL,NULL,NULL,0.865052,3.905341,174.570000
0,1,1,871.919742,677.705675,0.000000,NULL,NULL,NULL,NULL,NULL,3.158206,2.454737,174.570000
0,1,1,1395.386930,152.923109,0.000000,NULL,NULL,NULL,NULL,NULL,3.976193,0.435759,174.570000
0,1,1,449.711870,1420.806723,0.000000,NULL,NULL,NULL,NULL,NULL,1.207054,3.813531,174.570000
0,1,1,-493.393393,1454.786617,0.000000,NULL,NULL,NULL,NULL,NULL,-1.284730,3.788069,174.570000
0,1,1,311.754468,1504.210854,0.000000,NULL,NULL,NULL,NULL,NULL,0.811767,3.916763,174.570000
0,1,1,83.674590,1533.896901,0.000000,NULL,NULL,NULL,NULL,NULL,0.217877,3.994062,174.570000
0,1,1,291.232679,1508.318490,0.000000,NULL,NULL,NULL,NULL,NULL,0.758331,3.927459,174.570000
0,1,1,-0.000000,1536.177444,0.000000,NULL,NULL,NULL,NULL,NULL,-0.000000,4.000000,174.570000
0,1,1,-473.528086,1461.373427,0.000000,NULL,NULL,NULL,NULL,NULL,-1.233004,3.805220,174.570000
0,1,1,-404.060311,-1027.747188,0.000000,NULL,NULL,NULL,NULL,NULL,-1.463559,-3.722633,174.570000
0,1,1,270.656834,1512.146163,0.000000,NULL,NULL,NULL,NULL,NULL,0.704754,3.937426,174.570000
0,1,1,-83.674590,1533.896901,0.000000,NULL,NULL,NULL,NULL,NULL,-0.217877,3.994062,174.570000
0,1,1,-453.574886,1467.688987,0.000000,NULL,NULL,NULL,NULL,NULL,-1.181048,3.821665,174.570000
0,1,1,-433.537496,1473.732126,0.000000,NULL,NULL,NULL,NULL,NULL,-1.128873,3.837401,174.570000
0,1,1,700.504268,-853.711186,0.000000,NULL,NULL,NULL,NULL,NULL,2.537317,-3.092252,174.570000
0,1,1,517.005659,975.824865,0.000000,NULL,NULL,NULL,NULL,NULL,1.872661,3.534564,174.570000
0,1,1,250.030751,1515.693163,0.000000,NULL,NULL,NULL,NULL,NULL,0.651047,3.946662,174.570000
0,1,1,146.281061,1529.196845,0.000000,NULL,NULL,NULL,NULL,NULL,0.380896,3.981823,174.570000
0,1,1,229.358260,1518.958831,0.000000,NULL,NULL,NULL,NULL,NULL,0.597218,3.955165,174.570000
0,1,1,1373.285424,455.989342,0.000000,NULL,NULL,NULL,NULL,NULL,3.796201,1.260501,174.570000
0,1,1,208.643197,1521.942560,0.000000,NULL,NULL,NULL,NULL,NULL,0.543279,3.962934,174.570000
0,1,1,-372.957459,1490.216049,0.000000,NULL,NULL,NULL,NULL,NULL,-0.971131,3.880323,174.570000
0,1,1,1392.339704,178.550578,0.000000,NULL,NULL,NULL,NULL,NULL,3.967510,0.508785,174.570000
0,1,1,-992.586880,1111.622146,0.000000,NULL,NULL,NULL,NULL,NULL,-2.664163,2.983661,174.570000
0,1,1,187.889406,1524.643798,0.000000,NULL,NULL,NULL,NULL,NULL,0.489239,3.969968,174.570000
0,1,1,62.769536,1534.894500,0.000000,NULL,NULL,NULL,NULL,NULL,0.163443,3.996659,174.570000
0,1,1,-352.620651,1495.158793,0.000000,NULL,NULL,NULL,NULL,NULL,-0.918177,3.893193,174.570000
0,1,1,167.100742,1527.062043,0.000000,NULL,NULL,NULL,NULL,NULL,0.435108,3.976265,174.570000
0,1,1,104.564114,1532.614592,0.000000,NULL,NULL,NULL,NULL,NULL,0.272271,3.990723,174.570000
0,1,1,-332.218391,1499.824017,0.000000,NULL,NULL,NULL,NULL,NULL,-0.865052,3.905341,174.570000
0,1,1,-146.281061,1529.196845,0.000000,NULL,NULL,NULL,NULL,NULL,-0.380896,3.981823,174.570000
0,1,1,125.434228,1531.047809,0.000000,NULL,NULL,NULL,NULL,NULL,0.326614,3.986643,174.570000
0,1,1,-517.005659,975.824865,0.000000,NULL,NULL,NULL,NULL,NULL,-1.872661,3.534564,174.570000
0,1,1,-311.754468,1504.210854,0.000000,NULL,NULL,NULL,NULL,NULL,-0.811767,3.916763,174.570000
0,1,1,-291.232679,1508.318490,0.000000,NULL,NULL,NULL,NULL,NULL,-0.758331,3.927459,174.570000
0,1,1,-62.769536,1534.894500,0.000000,NULL,NULL,NULL,NULL,NULL,-0.163443,3.996659,174.570000
0,1,1,20.928358,1536.034877,0.000000,NULL,NULL,NULL,NULL,NULL,0.054495,3.999629,174.570000
0,1,1,-20.928358,1536.034877,0.000000,NULL,NULL,NULL,NULL,NULL,-0.054495,3.999629,174.570000
0,1,1,-288.460812,-1065.982823,0.000000,NULL,NULL,NULL,NULL,NULL,-1.044842,-3.861127,174.570000
0,1,1,-270.656834,1512.146163,0.000000,NULL,NULL,NULL,NULL,NULL,-0.704754,3.937426,174.570000
0,1,1,-250.030751,1515.693163,0.000000,NULL,NULL,NULL,NULL,NULL,-0.651047,3.946662,174.570000
0,1,1,-790.230520,-771.404397,0.000000,NULL,NULL,NULL,NULL,NULL,-2.862317,-2.794126,174.570000
0,1,1,-104.564114,1532.614592,0.000000,NULL,NULL,NULL,NULL,NULL,-0.272271,3.990723,174.570000
0,1,1,-229.358260,1518.958831,0.000000,NULL,NULL,NULL,NULL,NULL,-0.597218,3.955165,174.570000
0,1,1,41.852831,1535.607203,0.000000,NULL,NULL,NULL,NULL,NULL,0.108979,3.998515,174.570000
0,1,1,-208.643197,1521.942560,0.000000,NULL,NULL,NULL,NULL,NULL,-0.543279,3.962934,174.570000
0,1,1,-187.889406,1524.643798,0.000000,NULL,NULL,NULL,NULL,NULL,-0.489239,3.969968,174.570000
0,1,1,-41.852831,1535.607203,0.000000,NULL,NULL,NULL,NULL,NULL,-0.108979,3.998515,174.570000
0,1,1,-167.100742,1527.062043,0.000000,NULL,NULL,NULL,NULL,NULL,-0.435108,3.976265,174.570000
0,1,1,1355.593800,506.166557,0.000000,NULL,NULL,NULL,NULL,NULL,3.747295,1.399206,174.570000
0,1,1,-125.434228,1531.047809,0.000000,NULL,NULL,NULL,NULL,NULL,-0.326614,3.986643,174.570000
0,1,1,1364.670251,481.159269,0.000000,NULL,NULL,NULL,NULL,NULL,3.772385,1.330078,174.570000
0,1,1,1388.821849,204.117695,0.000000,NULL,NULL,NULL,NULL,NULL,3.957486,0.581639,174.570000
0,1,1,1255.128715,803.482681,0.000000,NULL,NULL,NULL,NULL,NULL,3.368841,2.156596,174.570000
0,1,1,1037.189298,-379.166689,0.000000,NULL,NULL,NULL,NULL,NULL,3.756834,-1.373391,174.570000
0,1,1,462.423906,1002.842535,0.000000,NULL,NULL,NULL,NULL,NULL,1.674959,3.632425,174.570000
0,1,1,-1065.950373,1041.480827,0.000000,NULL,NULL,NULL,NULL,NULL,-2.861075,2.795398,174.570000
0,1,1,-449.711870,1420.806723,0.000000,NULL,NULL,NULL,NULL,NULL,-1.207054,3.813531,174.570000
0,1,1,1051.662666,1055.906315,0.000000,NULL,NULL,NULL,NULL,NULL,2.822726,2.834116,174.570000
0,1,1,-871.919742,677.705675,0.000000,NULL,NULL,NULL,NULL,NULL,-3.158206,2.454737,174.570000
0,1,1,1336.069494,555.659465,0.000000,NULL,NULL,NULL,NULL,NULL,3.693324,1.536021,174.570000
0,1,1,1278.209805,-338.050133,0.000000,NULL,NULL,NULL,NULL,NULL,3.867045,-1.022723,174.570000
0,1,1,1346.059141,531.002755,0.000000,NULL,NULL,NULL,NULL,NULL,3.720938,1.467862,174.570000
0,1,1,1144.512600,-581.350478,0.000000,NULL,NULL,NULL,NULL,NULL,3.566302,-1.811488,174.570000
0,1,1,884.231576,661.561440,0.000000,NULL,NULL,NULL,NULL,NULL,3.202801,2.396261,174.570000
0,1,1,1092.585605,160.579311,0.000000,NULL,NULL,NULL,NULL,NULL,3.957486,0.581639,174.570000
0,1,1,1097.469233,-122.842587,0.000000,NULL,NULL,NULL,NULL,NULL,3.975175,-0.444952,174.570000
0,1,1,601.936705,-551.628165,0.000000,NULL,NULL,NULL,NULL,NULL,2.948976,-2.702507,174.570000
0,1,1,1284.208618,-314.493914,0.000000,NULL,NULL,NULL,NULL,NULL,3.885194,-0.951457,174.570000
0,1,1,1361.436292,-64.197973,0.000000,NULL,NULL,NULL,NULL,NULL,3.995560,-0.188409,174.570000
0,1,1,1209.500224,870.655913,0.000000,NULL,NULL,NULL,NULL,NULL,3.246372,2.336893,174.570000
0,1,1,1384.834552,229.615817,0.000000,NULL,NULL,NULL,NULL,NULL,3.946124,0.654297,174.570000
0,1,1,967.152348,-784.366880,0.000000,NULL,NULL,NULL,NULL,NULL,3.106725,-2.519575,174.570000
0,1,1,-284.954720,-765.128901,0.000000,NULL,NULL,NULL,NULL,NULL,-1.396035,-3.748478,174.570000
0,1,1,284.954720,-765.128901,0.000000,NULL,NULL,NULL,NULL,NULL,1.396035,-3.748478,174.570000
0,1,1,1165.110860,-538.882321,0.000000,NULL,NULL,NULL,NULL,NULL,3.630486,-1.679158,174.570000
0,1,1,1289.773352,-290.831391,0.000000,NULL,NULL,NULL,NULL,NULL,3.902029,-0.879870,174.570000
0,1,1,981.408986,-766.453826,0.000000,NULL,NULL,NULL,NULL,NULL,3.152521,-2.462034,174.570000
0,1,1,1362.386440,-39.157969,0.000000,NULL,NULL,NULL,NULL,NULL,3.998349,-0.114921,174.570000
0,1,1,1155.006934,-560.211079,0.000000,NULL,NULL,NULL,NULL,NULL,3.599002,-1.745618,174.570000
0,1,1,1325.628238,580.128356,0.000000,NULL,NULL,NULL,NULL,NULL,3.664461,1.603660,174.570000
0,1,1,1375.457186,280.370630,0.000000,NULL,NULL,NULL,NULL,NULL,3.919403,0.798924,174.570000
0,1,1,1380.379163,255.036326,0.000000,NULL,NULL,NULL,NULL,NULL,3.933428,0.726733,174.570000
0,1,1,1174.820962,-517.371412,0.000000,NULL,NULL,NULL,NULL,NULL,3.660743,-1.612130,174.570000
0,1,1,-1297.030586,733.923817,0.000000,NULL,NULL,NULL,NULL,NULL,-3.481309,1.969896,174.570000
0,1,1,1294.902124,-267.070563,0.000000,NULL,NULL,NULL,NULL,NULL,3.917545,-0.807985,174.570000
0,1,1,-601.936705,-551.628165,0.000000,NULL,NULL,NULL,NULL,NULL,-2.948976,-2.702507,174.570000
0,1,1,1299.593202,-243.219462,0.000000,NULL,NULL,NULL,NULL,NULL,3.931737,-0.735826,174.570000
0,1,1,1362.876082,-14.104730,0.000000,NULL,NULL,NULL,NULL,NULL,3.999786,-0.041395,174.570000
0,1,1,1303.405165,628.469658,0.000000,NULL,NULL,NULL,NULL,NULL,3.603029,1.737291,174.570000
0,1,1,1362.905053,10.953276,0.000000,NULL,NULL,NULL,NULL,NULL,3.999871,0.032146,174.570000
0,1,1,1314.738902,604.401155,0.000000,NULL,NULL,NULL,NULL,NULL,3.634359,1.670758,174.570000
0,1,1,1007.639123,1097.996315,0.000000,NULL,NULL,NULL,NULL,NULL,2.704564,2.947089,174.570000
0,1,1,1008.922366,-729.856646,0.000000,NULL,NULL,NULL,NULL,NULL,3.240901,-2.344475,174.570000
0,1,1,-462.423906,1002.842535,0.000000,NULL,NULL,NULL,NULL,NULL,-1.674959,3.632425,174.570000
0,1,1,705.200448,-981.993074,0.000000,NULL,NULL,NULL,NULL,NULL,2.333220,-3.249013,174.570000
0,1,1,1370.070286,305.610164,0.000000,NULL,NULL,NULL,NULL,NULL,3.904053,0.870845,174.570000
0,1,1,1184.133958,-495.685626,0.000000,NULL,NULL,NULL,NULL,NULL,3.689762,-1.544557,174.570000
0,1,1,1193.046701,-473.832291,0.000000,NULL,NULL,NULL,NULL,NULL,3.717534,-1.476462,174.570000
0,1,1,995.333894,-748.281701,0.000000,NULL,NULL,NULL,NULL,NULL,3.197251,-2.403660,174.570000
0,1,1,723.134592,-968.862442,0.000000,NULL,NULL,NULL,NULL,NULL,2.392556,-3.205569,174.570000
0,1,1,1303.844999,-219.286150,0.000000,NULL,NULL,NULL,NULL,NULL,3.944601,-0.663420,174.570000
0,1,1,620.113873,1355.135157,0.000000,NULL,NULL,NULL,NULL,NULL,1.664423,3.637265,174.570000
0,1,1,1022.169809,-711.184890,0.000000,NULL,NULL,NULL,NULL,NULL,3.283455,-2.284497,174.570000
0,1,1,1160.280588,935.244069,0.000000,NULL,NULL,NULL,NULL,NULL,3.114263,2.510252,174.570000
0,1,1,1291.630860,652.325729,0.000000,NULL,NULL,NULL,NULL,NULL,3.570481,1.803237,174.570000
0,1,1,740.824306,-955.404321,0.000000,NULL,NULL,NULL,NULL,NULL,2.451084,-3.161042,174.570000
0,1,1,-700.504268,-853.711186,0.000000,NULL,NULL,NULL,NULL,NULL,-2.537317,-3.092252,174.570000
0,1,1,1362.473343,36.007581,0.000000,NULL,NULL,NULL,NULL,NULL,3.998604,0.105675,174.570000
0,1,1,-91.309361,1487.479449,0.000000,NULL,NULL,NULL,NULL,NULL,-0.245080,3.992485,174.570000
0,1,1,1107.615946,997.055378,0.000000,NULL,NULL,NULL,NULL,NULL,2.972908,2.676157,174.570000
0,1,1,758.263612,-941.623260,0.000000,NULL,NULL,NULL,NULL,NULL,2.508784,-3.115446,174.570000
0,1,1,1364.220283,330.746397,0.000000,NULL,NULL,NULL,NULL,NULL,3.887383,0.942471,174.570000
0,1,1,775.446614,-927.523918,0.000000,NULL,NULL,NULL,NULL,NULL,2.565635,-3.068797,174.570000
0,1,1,1035.071744,-692.272743,0.000000,NULL,NULL,NULL,NULL,NULL,3.324899,-2.223746,174.570000
0,1,1,91.309361,1487.479449,0.000000,NULL,NULL,NULL,NULL,NULL,0.245080,3.992485,174.570000
0,1,1,792.367504,-913.111060,0.000000,NULL,NULL,NULL,NULL,NULL,2.621620,-3.021111,174.570000
0,1,1,731.415333,-827.381791,0.000000,NULL,NULL,NULL,NULL,NULL,2.649281,-2.996884,174.570000
0,1,1,1279.419966,675.961306,0.000000,NULL,NULL,NULL,NULL,NULL,3.536726,1.868573,174.570000
0,1,1,989.142971,-491.045009,0.000000,NULL,NULL,NULL,NULL,NULL,3.582804,-1.778628,174.570000
0,1,1,1361.581099,61.049714,0.000000,NULL,NULL,NULL,NULL,NULL,3.995985,0.179169,174.570000
0,1,1,1059.821765,-653.752928,0.000000,NULL,NULL,NULL,NULL,NULL,3.404402,-2.100011,174.570000
0,1,1,809.020563,-898.389558,0.000000,NULL,NULL,NULL,NULL,NULL,2.676718,-2.972403,174.570000
0,1,1,1201.556178,-451.818793,0.000000,NULL,NULL,NULL,NULL,NULL,3.744050,-1.407868,174.570000
0,1,1,1351.139036,380.675015,0.000000,NULL,NULL,NULL,NULL,NULL,3.850108,1.084744,174.570000
0,1,1,-1381.436408,430.665285,0.000000,NULL,NULL,NULL,NULL,NULL,-3.818732,1.190497,174.570000
0,1,1,1357.909155,355.770834,0.000000,NULL,NULL,NULL,NULL,NULL,3.869400,1.013779,174.570000
0,1,1,359.525996,-733.050126,0.000000,NULL,NULL,NULL,NULL,NULL,1.761370,-3.591319,174.570000
0,1,1,-1051.662666,1055.906315,0.000000,NULL,NULL,NULL,NULL,NULL,-2.822726,2.834116,174.570000
0,1,1,1047.623810,-673.126599,0.000000,NULL,NULL,NULL,NULL,NULL,3.365219,-2.162244,174.570000
0,1,1,787.031298,-217.262893,0.000000,NULL,NULL,NULL,NULL,NULL,3.855781,-1.064403,174.570000
0,1,1,825.400163,-883.364388,0.000000,NULL,NULL,NULL,NULL,NULL,2.730911,-2.922691,174.570000
0,1,1,-620.113873,1355.135157,0.000000,NULL,NULL,NULL,NULL,NULL,-1.664423,3.637265,174.570000
0,1,1,1307.656079,-195.278716,0.000000,NULL,NULL,NULL,NULL,NULL,3.956131,-0.590788,174.570000
0,1,1,1071.661486,-634.158280,0.000000,NULL,NULL,NULL,NULL,NULL,3.442434,-2.037069,174.570000
0,1,1,857.316929,-852.423459,0.000000,NULL,NULL,NULL,NULL,NULL,2.836511,-2.820320,174.570000
0,1,1,1356.144952,136.018479,0.000000,NULL,NULL,NULL,NULL,NULL,3.980031,0.399189,174.570000
0,1,1,841.500765,-868.040628,0.000000,NULL,NULL,NULL,NULL,NULL,2.784182,-2.871991,174.570000
0,1,1,1360.228622,86.071212,0.000000,NULL,NULL,NULL,NULL,NULL,3.992016,0.252603,174.570000
0,1,1,1209.659512,-429.652575,0.000000,NULL,NULL,NULL,NULL,NULL,3.769300,-1.338798,174.570000
0,1,1,-1395.386930,152.923109,0.000000,NULL,NULL,NULL,NULL,NULL,-3.976193,0.435759,174.570000
0,1,1,1266.776610,699.368398,0.000000,NULL,NULL,NULL,NULL,NULL,3.501776,1.933278,174.570000
0,1,1,-1255.128715,803.482681,0.000000,NULL,NULL,NULL,NULL,NULL,-3.368841,2.156596,174.570000
0,1,1,-1373.285424,455.989342,0.000000,NULL,NULL,NULL,NULL,NULL,-3.796201,1.260501,174.570000
0,1,1,1343.912212,405.450523,0.000000,NULL,NULL,NULL,NULL,NULL,3.829515,1.155342,174.570000
0,1,1,872.843308,-836.518159,0.000000,NULL,NULL,NULL,NULL,NULL,2.887881,-2.767696,174.570000
0,1,1,-1097.469233,-122.842587,0.000000,NULL,NULL,NULL,NULL,NULL,-3.975175,-0.444952,174.570000
0,1,1,1336.231128,430.088984,0.000000,NULL,NULL,NULL,NULL,NULL,3.807627,1.225550,174.570000
0,1,1,1083.138971,-614.349278,0.000000,NULL,NULL,NULL,NULL,NULL,3.479302,-1.973437,174.570000
0,1,1,-884.231576,661.561440,0.000000,NULL,NULL,NULL,NULL,NULL,-3.202801,2.396261,174.570000
0,1,1,1311.025153,-171.205274,0.000000,NULL,NULL,NULL,NULL,NULL,3.966323,-0.517958,174.570000
0,1,1,327.454050,-1054.657700,0.000000,NULL,NULL,NULL,NULL,NULL,1.186081,-3.820106,174.570000
0,1,1,-1037.189298,-379.166689,0.000000,NULL,NULL,NULL,NULL,NULL,-3.756834,-1.373391,174.570000
0,1,1,1224.636935,-384.891996,0.000000,NULL,NULL,NULL,NULL,NULL,3.815969,-1.199324,174.570000
0,1,1,201.116507,-1155.336848,0.000000,NULL,NULL,NULL,NULL,NULL,0.685988,-3.940739,174.570000
0,1,1,222.322661,-1151.444187,0.000000,NULL,NULL,NULL,NULL,NULL,0.758320,-3.927461,174.570000
0,1,1,179.842373,-1158.838989,0.000000,NULL,NULL,NULL,NULL,NULL,0.613424,-3.952684,174.570000
0,1,1,243.453667,-1147.162322,0.000000,NULL,NULL,NULL,NULL,NULL,0.830396,-3.912856,174.570000
0,1,1,158.507449,-1161.949426,0.000000,NULL,NULL,NULL,NULL,NULL,0.540653,-3.963293,174.570000
0,1,1,888.074653,-820.330104,0.000000,NULL,NULL,NULL,NULL,NULL,2.938276,-2.714137,174.570000
0,1,1,526.434669,1394.201940,0.000000,NULL,NULL,NULL,NULL,NULL,1.412983,3.742122,174.570000
0,1,1,1231.505961,-362.312763,0.000000,NULL,NULL,NULL,NULL,NULL,3.837373,-1.128967,174.570000
0,1,1,347.732509,-1119.970171,0.000000,NULL,NULL,NULL,NULL,NULL,1.186081,-3.820106,174.570000
0,1,1,137.118948,-1164.667109,0.000000,NULL,NULL,NULL,NULL,NULL,0.467699,-3.972563,174.570000
0,1,1,327.083790,-1126.173732,0.000000,NULL,NULL,NULL,NULL,NULL,1.115650,-3.841266,174.570000
0,1,1,115.684099,-1166.991118,0.000000,NULL,NULL,NULL,NULL,NULL,0.394587,-3.980490,174.570000
0,1,1,-1355.593800,506.166557,0.000000,NULL,NULL,NULL,NULL,NULL,-3.747295,1.399206,174.570000
0,1,1,1240.209752,745.465563,0.000000,NULL,NULL,NULL,NULL,NULL,3.428337,2.060705,174.570000
0,1,1,368.263690,-1113.388044,0.000000,NULL,NULL,NULL,NULL,NULL,1.256111,-3.797655,174.570000
0,1,1,94.210147,-1168.920669,0.000000,NULL,NULL,NULL,NULL,NULL,0.321341,-3.987072,174.570000
0,1,1,1353.415140,160.927367,0.000000,NULL,NULL,NULL,NULL,NULL,3.972020,0.472292,174.570000
0,1,1,72.704351,-1170.455107,0.000000,NULL,NULL,NULL,NULL,NULL,0.247987,-3.992305,174.570000
0,1,1,1217.353965,-407.341129,0.000000,NULL,NULL,NULL,NULL,NULL,3.793276,-1.269275,174.570000
0,1,1,388.670392,-1106.429576,0.000000,NULL,NULL,NULL,NULL,NULL,1.325716,-3.773921,174.570000
0,1,1,51.173979,-1171.593916,0.000000,NULL,NULL,NULL,NULL,NULL,0.174549,-3.996190,174.570000
0,1,1,1358.416369,111.063616,0.000000,NULL,NULL,NULL,NULL,NULL,3.986697,0.325951,174.570000
0,1,1,29.626311,-1172.336711,0.000000,NULL,NULL,NULL,NULL,NULL,0.101052,-3.998723,174.570000
0,1,1,-1392.339704,178.550578,0.000000,NULL,NULL,NULL,NULL,NULL,-3.967510,0.508785,174.570000
0,1,1,1253.705066,722.539095,0.000000,NULL,NULL,NULL,NULL,NULL,3.465642,1.997329,174.570000
0,1,1,408.945719,-1099.097120,0.000000,NULL,NULL,NULL,NULL,NULL,1.394873,-3.748910,174.570000
0,1,1,1094.250339,-594.332618,0.000000,NULL,NULL,NULL,NULL,NULL,3.514995,-1.909139,174.570000
0,1,1,-1364.670251,481.159269,0.000000,NULL,NULL,NULL,NULL,NULL,-3.772385,1.330078,174.570000
0,1,1,429.082816,-1091.393155,0.000000,NULL,NULL,NULL,NULL,NULL,1.463559,-3.722633,174.570000
0,1,1,903.005818,-803.864767,0.000000,NULL,NULL,NULL,NULL,NULL,2.987677,-2.659659,174.570000
0,1,1,-29.626311,-1172.336711,0.000000,NULL,NULL,NULL,NULL,NULL,-0.101052,-3.998723,174.570000
0,1,1,366.004589,-1041.906742,0.000000,NULL,NULL,NULL,NULL,NULL,1.325716,-3.773921,174.570000
0,1,1,761.566278,-294.343732,0.000000,NULL,NULL,NULL,NULL,NULL,3.731024,-1.442033,174.570000
0,1,1,468.915145,-1074.881234,0.000000,NULL,NULL,NULL,NULL,NULL,1.599423,-3.666312,174.570000
0,1,1,67.671599,-813.659624,0.000000,NULL,NULL,NULL,NULL,NULL,0.331533,-3.986237,174.570000
0,1,1,-51.173979,-1171.593916,0.000000,NULL,NULL,NULL,NULL,NULL,-0.174549,-3.996190,174.570000
0,1,1,1316.432878,-122.892939,0.000000,NULL,NULL,NULL,NULL,NULL,3.982684,-0.371795,174.570000
0,1,1,488.596914,-1066.078861,0.000000,NULL,NULL,NULL,NULL,NULL,1.666555,-3.636288,174.570000
0,1,1,1313.951082,-147.073963,0.000000,NULL,NULL,NULL,NULL,NULL,3.975175,-0.444952,174.570000
0,1,1,-1007.639123,1097.996315,0.000000,NULL,NULL,NULL,NULL,NULL,-2.704564,2.947089,174.570000
0,1,1,-72.704351,-1170.455107,0.000000,NULL,NULL,NULL,NULL,NULL,-0.247987,-3.992305,174.570000
0,1,1,-327.454050,-1054.657700,0.000000,NULL,NULL,NULL,NULL,NULL,-1.186081,-3.820106,174.570000
0,1,1,-359.525996,-733.050126,0.000000,NULL,NULL,NULL,NULL,NULL,-1.761370,-3.591319,174.570000
0,1,1,1237.958721,-339.611064,0.000000,NULL,NULL,NULL,NULL,NULL,3.857480,-1.058228,174.570000
0,1,1,-1209.500224,870.655913,0.000000,NULL,NULL,NULL,NULL,NULL,-3.246372,2.336893,174.570000
0,1,1,508.113529,-1056.916138,0.000000,NULL,NULL,NULL,NULL,NULL,1.733124,-3.605035,174.570000
0,1,1,-1092.585605,160.579311,0.000000,NULL,NULL,NULL,NULL,NULL,-3.957486,0.581639,174.570000
0,1,1,-94.210147,-1168.920669,0.000000,NULL,NULL,NULL,NULL,NULL,-0.321341,-3.987072,174.570000
0,1,1,-1346.059141,531.002755,0.000000,NULL,NULL,NULL,NULL,NULL,-3.720938,1.467862,174.570000
0,1,1,917.631754,-787.127712,0.000000,NULL,NULL,NULL,NULL,NULL,3.036068,-2.604283,174.570000
0,1,1,-1336.069494,555.659465,0.000000,NULL,NULL,NULL,NULL,NULL,-3.693324,1.536021,174.570000
0,1,1,1226.295231,768.140053,0.000000,NULL,NULL,NULL,NULL,NULL,3.389873,2.123385,174.570000
0,1,1,264.502382,-1142.492701,0.000000,NULL,NULL,NULL,NULL,NULL,0.902191,-3.896928,174.570000
0,1,1,285.461692,-1137.436901,0.000000,NULL,NULL,NULL,NULL,NULL,0.973681,-3.879684,174.570000
0,1,1,544.183027,-608.675826,0.000000,NULL,NULL,NULL,NULL,NULL,2.666032,-2.981992,174.570000
0,1,1,306.324512,-1131.996632,0.000000,NULL,NULL,NULL,NULL,NULL,1.044842,-3.861127,174.570000
0,1,1,-115.684099,-1166.991118,0.000000,NULL,NULL,NULL,NULL,NULL,-0.394587,-3.980490,174.570000
0,1,1,527.458396,-1047.396163,0.000000,NULL,NULL,NULL,NULL,NULL,1.799108,-3.572564,174.570000
0,1,1,1350.227854,185.781858,0.000000,NULL,NULL,NULL,NULL,NULL,3.962666,0.545235,174.570000
0,1,1,1115.359831,-553.703452,0.000000,NULL,NULL,NULL,NULL,NULL,3.582804,-1.778628,174.570000
0,1,1,-137.118948,-1164.667109,0.000000,NULL,NULL,NULL,NULL,NULL,-0.467699,-3.972563,174.570000
0,1,1,-1388.821849,204.117695,0.000000,NULL,NULL,NULL,NULL,NULL,-3.957486,0.581639,174.570000
0,1,1,546.624974,-1037.522154,0.000000,NULL,NULL,NULL,NULL,NULL,1.864483,-3.538884,174.570000
0,1,1,-158.507449,-1161.949426,0.000000,NULL,NULL,NULL,NULL,NULL,-0.540653,-3.963293,174.570000
0,1,1,1104.991836,-574.115064,0.000000,NULL,NULL,NULL,NULL,NULL,3.549499,-1.844195,174.570000
0,1,1,449.074878,-1083.320283,0.000000,NULL,NULL,NULL,NULL,NULL,1.531750,-3.695097,174.570000
0,1,1,584.397414,-1016.725501,0.000000,NULL,NULL,NULL,NULL,NULL,1.993321,-3.467949,174.570000
0,1,1,931.947517,-770.124597,0.000000,NULL,NULL,NULL,NULL,NULL,3.083433,-2.548027,174.570000
0,1,1,-937.663268,-819.391641,0.000000,NULL,NULL,NULL,NULL,NULL,-3.011999,-2.632083,174.570000
0,1,1,945.948270,-752.861169,0.000000,NULL,NULL,NULL,NULL,NULL,3.129756,-2.490909,174.570000
0,1,1,-179.842373,-1158.838989,0.000000,NULL,NULL,NULL,NULL,NULL,-0.613424,-3.952684,174.570000
0,1,1,1318.469701,-98.670376,0.000000,NULL,NULL,NULL,NULL,NULL,3.988846,-0.298513,174.570000
0,1,1,1328.098379,454.582068,0.000000,NULL,NULL,NULL,NULL,NULL,3.784453,1.295344,174.570000
0,1,1,-1358.155921,-114.204423,0.000000,NULL,NULL,NULL,NULL,NULL,-3.985933,-0.335169,174.570000
0,1,1,-787.031298,-217.262893,0.000000,NULL,NULL,NULL,NULL,NULL,-3.855781,-1.064403,174.570000
0,1,1,602.990508,-1005.809887,0.000000,NULL,NULL,NULL,NULL,NULL,2.056740,-3.430717,174.570000
0,1,1,1243.993035,-316.794572,0.000000,NULL,NULL,NULL,NULL,NULL,3.876283,-0.987132,174.570000
0,1,1,-201.116507,-1155.336848,0.000000,NULL,NULL,NULL,NULL,NULL,-0.685988,-3.940739,174.570000
0,1,1,1125.350818,-533.104681,0.000000,NULL,NULL,NULL,NULL,NULL,3.614897,-1.712460,174.570000
0,1,1,621.379783,-994.554295,0.000000,NULL,NULL,NULL,NULL,NULL,2.119464,-3.392325,174.570000
0,1,1,-222.322661,-1151.444187,0.000000,NULL,NULL,NULL,NULL,NULL,-0.758320,-3.927461,174.570000
0,1,1,-687.027937,-994.791779,0.000000,NULL,NULL,NULL,NULL,NULL,-2.273094,-3.291359,174.570000
0,1,1,1197.227518,812.702532,0.000000,NULL,NULL,NULL,NULL,NULL,3.309520,2.246570,174.570000
0,1,1,-243.453667,-1147.162322,0.000000,NULL,NULL,NULL,NULL,NULL,-0.830396,-3.912856,174.570000
0,1,1,1346.584173,210.573553,0.000000,NULL,NULL,NULL,NULL,NULL,3.951972,0.617994,174.570000
0,1,1,657.522084,-971.038511,0.000000,NULL,NULL,NULL,NULL,NULL,2.242742,-3.312115,174.570000
0,1,1,959.629279,-735.343264,0.000000,NULL,NULL,NULL,NULL,NULL,3.175020,-2.432950,174.570000
0,1,1,-952.568798,-802.014806,0.000000,NULL,NULL,NULL,NULL,NULL,-3.059880,-2.576264,174.570000
0,1,1,639.559023,-982.962531,0.000000,NULL,NULL,NULL,NULL,NULL,2.181472,-3.352787,174.570000
0,1,1,565.606785,-1027.297447,0.000000,NULL,NULL,NULL,NULL,NULL,1.929228,-3.504009,174.570000
0,1,1,675.262893,-958.786268,0.000000,NULL,NULL,NULL,NULL,NULL,2.303254,-3.270324,174.570000
0,1,1,1051.212505,338.350835,0.000000,NULL,NULL,NULL,NULL,NULL,3.807627,1.225550,174.570000
0,1,1,-705.200448,-981.993074,0.000000,NULL,NULL,NULL,NULL,NULL,-2.333220,-3.249013,174.570000
0,1,1,-544.183027,-608.675826,0.000000,NULL,NULL,NULL,NULL,NULL,-2.666032,-2.981992,174.570000
0,1,1,-1278.209805,-338.050133,0.000000,NULL,NULL,NULL,NULL,NULL,-3.867045,-1.022723,174.570000
0,1,1,1320.060864,-74.414461,0.000000,NULL,NULL,NULL,NULL,NULL,3.993660,-0.225131,174.570000
0,1,1,-1360.025961,-89.216276,0.000000,NULL,NULL,NULL,NULL,NULL,-3.991421,-0.261833,174.570000
0,1,1,-967.152348,-784.366880,0.000000,NULL,NULL,NULL,NULL,NULL,-3.106725,-2.519575,174.570000
0,1,1,1249.606861,-293.870999,0.000000,NULL,NULL,NULL,NULL,NULL,3.893776,-0.915702,174.570000
0,1,1,-526.434669,1394.201940,0.000000,NULL,NULL,NULL,NULL,NULL,-1.412983,3.742122,174.570000
0,1,1,1319.516715,478.921497,0.000000,NULL,NULL,NULL,NULL,NULL,3.759999,1.364700,174.570000
0,1,1,1134.961422,-512.325713,0.000000,NULL,NULL,NULL,NULL,NULL,3.645769,-1.645713,174.570000
0,1,1,692.775453,-946.209941,0.000000,NULL,NULL,NULL,NULL,NULL,2.362988,-3.227428,174.570000
0,1,1,-731.415333,-827.381791,0.000000,NULL,NULL,NULL,NULL,NULL,-2.649281,-2.996884,174.570000
0,1,1,946.336077,1151.251727,0.000000,NULL,NULL,NULL,NULL,NULL,2.540023,3.090029,174.570000
0,1,1,972.985920,-717.576803,0.000000,NULL,NULL,NULL,NULL,NULL,3.219212,-2.374168,174.570000
0,1,1,-1271.778938,-361.492086,0.000000,NULL,NULL,NULL,NULL,NULL,-3.847589,-1.093644,174.570000
0,1,1,1182.084151,834.575458,0.000000,NULL,NULL,NULL,NULL,NULL,3.267659,2.307034,174.570000
0,1,1,799.683333,164.705782,0.000000,NULL,NULL,NULL,NULL,NULL,3.917765,0.806918,174.570000
0,1,1,-723.134592,-968.862442,0.000000,NULL,NULL,NULL,NULL,NULL,-2.392556,-3.205569,174.570000
0,1,1,-1160.280588,935.244069,0.000000,NULL,NULL,NULL,NULL,NULL,-3.114263,2.510252,174.570000
0,1,1,-327.083790,-1126.173732,0.000000,NULL,NULL,NULL,NULL,NULL,-1.115650,-3.841266,174.570000
0,1,1,710.053846,-933.313782,0.000000,NULL,NULL,NULL,NULL,NULL,2.421923,-3.183440,174.570000
0,1,1,1211.966205,790.554902,0.000000,NULL,NULL,NULL,NULL,NULL,3.350263,2.185347,174.570000
0,1,1,-1325.628238,580.128356,0.000000,NULL,NULL,NULL,NULL,NULL,-3.664461,1.603660,174.570000
0,1,1,-347.732509,-1119.970171,0.000000,NULL,NULL,NULL,NULL,NULL,-1.186081,-3.820106,174.570000
0,1,1,1342.485329,235.294071,0.000000,NULL,NULL,NULL,NULL,NULL,3.939943,0.690544,174.570000
0,1,1,-1107.615946,997.055378,0.000000,NULL,NULL,NULL,NULL,NULL,-2.972908,2.676157,174.570000
0,1,1,-67.671599,-813.659624,0.000000,NULL,NULL,NULL,NULL,NULL,-0.331533,-3.986237,174.570000
0,1,1,-981.408986,-766.453826,0.000000,NULL,NULL,NULL,NULL,NULL,-3.152521,-2.462034,174.570000
0,1,1,986.013679,-699.567791,0.000000,NULL,NULL,NULL,NULL,NULL,3.262316,-2.314583,174.570000
0,1,1,-1384.834552,229.615817,0.000000,NULL,NULL,NULL,NULL,NULL,-3.946124,0.654297,174.570000
0,1,1,727.092232,-920.102151,0.000000,NULL,NULL,NULL,NULL,NULL,2.480039,-3.138376,174.570000
0,1,1,-368.263690,-1113.388044,0.000000,NULL,NULL,NULL,NULL,NULL,-1.256111,-3.797655,174.570000
0,1,1,-8.068628,-1172.683239,0.000000,NULL,NULL,NULL,NULL,NULL,-0.027521,-3.999905,174.570000
0,1,1,-264.502382,-1142.492701,0.000000,NULL,NULL,NULL,NULL,NULL,-0.902191,-3.896928,174.570000
0,1,1,1144.188393,-491.373572,0.000000,NULL,NULL,NULL,NULL,NULL,3.675408,-1.578410,174.570000
0,1,1,-1284.208618,-314.493914,0.000000,NULL,NULL,NULL,NULL,NULL,-3.885194,-0.951457,174.570000
0,1,1,-740.824306,-955.404321,0.000000,NULL,NULL,NULL,NULL,NULL,-2.451084,-3.161042,174.570000
0,1,1,1321.205828,-50.133392,0.000000,NULL,NULL,NULL,NULL,NULL,3.997123,-0.151672,174.570000
0,1,1,-1361.436292,-64.197973,0.000000,NULL,NULL,NULL,NULL,NULL,-3.995560,-0.188409,174.570000
0,1,1,1301.018393,527.106537,0.000000,NULL,NULL,NULL,NULL,NULL,3.707288,1.502005,174.570000
0,1,1,-1303.405165,628.469658,0.000000,NULL,NULL,NULL,NULL,NULL,-3.603029,1.737291,174.570000
0,1,1,-285.461692,-1137.436901,0.000000,NULL,NULL,NULL,NULL,NULL,-0.973681,-3.879684,174.570000
0,1,1,-388.670392,-1106.429576,0.000000,NULL,NULL,NULL,NULL,NULL,-1.325716,-3.773921,174.570000
0,1,1,1310.489036,503.099044,0.000000,NULL,NULL,NULL,NULL,NULL,3.734275,1.433595,174.570000
0,1,1,1291.107989,550.935860,0.000000,NULL,NULL,NULL,NULL,NULL,3.679048,1.569907,174.570000
0,1,1,743.884850,-906.579512,0.000000,NULL,NULL,NULL,NULL,NULL,2.537317,-3.092252,174.570000
0,1,1,760.426024,-892.750437,0.000000,NULL,NULL,NULL,NULL,NULL,2.593737,-3.045083,174.570000
0,1,1,812.086487,84.480569,0.000000,NULL,NULL,NULL,NULL,NULL,3.978530,0.413883,174.570000
0,1,1,1166.541224,856.166285,0.000000,NULL,NULL,NULL,NULL,NULL,3.224693,2.366718,174.570000
0,1,1,1006.526398,-454.349676,0.000000,NULL,NULL,NULL,NULL,NULL,3.645769,-1.645713,174.570000
0,1,1,-306.324512,-1131.996632,0.000000,NULL,NULL,NULL,NULL,NULL,-1.044842,-3.861127,174.570000
0,1,1,-1165.110860,-538.882321,0.000000,NULL,NULL,NULL,NULL,NULL,-3.630486,-1.679158,174.570000
0,1,1,998.708152,-681.322316,0.000000,NULL,NULL,NULL,NULL,NULL,3.304316,-2.254217,174.570000
0,1,1,1011.065047,-662.846544,0.000000,NULL,NULL,NULL,NULL,NULL,3.345200,-2.193088,174.570000
0,1,1,-1314.738902,604.401155,0.000000,NULL,NULL,NULL,NULL,NULL,-3.634359,1.670758,174.570000
0,1,1,-408.945719,-1099.097120,0.000000,NULL,NULL,NULL,NULL,NULL,-1.394873,-3.748910,174.570000
0,1,1,-758.263612,-941.623260,0.000000,NULL,NULL,NULL,NULL,NULL,-2.508784,-3.115446,174.570000
0,1,1,776.710165,-878.619600,0.000000,NULL,NULL,NULL,NULL,NULL,2.649281,-2.996884,174.570000
0,1,1,-207.566509,-789.643953,0.000000,NULL,NULL,NULL,NULL,NULL,-1.016899,-3.868581,174.570000
0,1,1,-775.446614,-927.523918,0.000000,NULL,NULL,NULL,NULL,NULL,-2.565635,-3.068797,174.570000
0,1,1,1337.932705,259.935056,0.000000,NULL,NULL,NULL,NULL,NULL,3.926582,0.762861,174.570000
0,1,1,-1155.006934,-560.211079,0.000000,NULL,NULL,NULL,NULL,NULL,-3.599002,-1.745618,174.570000
0,1,1,-1380.379163,255.036326,0.000000,NULL,NULL,NULL,NULL,NULL,-3.933428,0.726733,174.570000
0,1,1,1332.927842,284.488180,0.000000,NULL,NULL,NULL,NULL,NULL,3.911893,0.834919,174.570000
0,1,1,-429.082816,-1091.393155,0.000000,NULL,NULL,NULL,NULL,NULL,-1.463559,-3.722633,174.570000
0,1,1,-1375.457186,280.370630,0.000000,NULL,NULL,NULL,NULL,NULL,-3.919403,0.798924,174.570000
0,1,1,545.379944,1386.900583,0.000000,NULL,NULL,NULL,NULL,NULL,1.463833,3.722525,174.570000
0,1,1,-1289.773352,-290.831391,0.000000,NULL,NULL,NULL,NULL,NULL,-3.902029,-0.879870,174.570000
0,1,1,-761.566278,-294.343732,0.000000,NULL,NULL,NULL,NULL,NULL,-3.731024,-1.442033,174.570000
0,1,1,1153.028612,-470.255339,0.000000,NULL,NULL,NULL,NULL,NULL,3.703805,-1.510573,174.570000
0,1,1,761.337568,-799.933826,0.000000,NULL,NULL,NULL,NULL,NULL,2.757663,-2.897464,174.570000
0,1,1,1259.565606,-247.733638,0.000000,NULL,NULL,NULL,NULL,NULL,3.924807,-0.771938,174.570000
0,1,1,-1291.630860,652.325729,0.000000,NULL,NULL,NULL,NULL,NULL,-3.570481,1.803237,174.570000
0,1,1,792.731766,-864.191777,0.000000,NULL,NULL,NULL,NULL,NULL,2.703929,-2.947672,174.570000
0,1,1,-1362.386440,-39.157969,0.000000,NULL,NULL,NULL,NULL,NULL,-3.998349,-0.114921,174.570000
0,1,1,1321.904206,-25.835378,0.000000,NULL,NULL,NULL,NULL,NULL,3.999236,-0.078161,174.570000
0,1,1,1023.080188,-644.146721,0.000000,NULL,NULL,NULL,NULL,NULL,3.384954,-2.131218,174.570000
0,1,1,882.223251,1201.088942,0.000000,NULL,NULL,NULL,NULL,NULL,2.367941,3.223795,174.570000
0,1,1,1254.798303,-270.848094,0.000000,NULL,NULL,NULL,NULL,NULL,3.909952,-0.843963,174.570000
0,1,1,-792.367504,-913.111060,0.000000,NULL,NULL,NULL,NULL,NULL,-2.621620,-3.021111,174.570000
0,1,1,1280.761172,574.578960,0.000000,NULL,NULL,NULL,NULL,NULL,3.649564,1.637279,174.570000
0,1,1,-1008.922366,-729.856646,0.000000,NULL,NULL,NULL,NULL,NULL,-3.240901,-2.344475,174.570000
0,1,1,-1174.820962,-517.371412,0.000000,NULL,NULL,NULL,NULL,NULL,-3.660743,-1.612130,174.570000
0,1,1,-468.915145,-1074.881234,0.000000,NULL,NULL,NULL,NULL,NULL,-1.599423,-3.666312,174.570000
0,1,1,808.485413,-849.471846,0.000000,NULL,NULL,NULL,NULL,NULL,2.757663,-2.897464,174.570000
0,1,1,-366.004589,-1041.906742,0.000000,NULL,NULL,NULL,NULL,NULL,-1.325716,-3.773921,174.570000
0,1,1,1169.536977,-427.549208,0.000000,NULL,NULL,NULL,NULL,NULL,3.756834,-1.373391,174.570000
0,1,1,-989.142971,-491.045009,0.000000,NULL,NULL,NULL,NULL,NULL,-3.582804,-1.778628,174.570000
0,1,1,-488.596914,-1066.078861,0.000000,NULL,NULL,NULL,NULL,NULL,-1.666555,-3.636288,174.570000
0,1,1,-995.333894,-748.281701,0.000000,NULL,NULL,NULL,NULL,NULL,-3.197251,-2.403660,174.570000
0,1,1,1034.749515,-625.229167,0.000000,NULL,NULL,NULL,NULL,NULL,3.423563,-2.068627,174.570000
0,1,1,-809.020563,-898.389558,0.000000,NULL,NULL,NULL,NULL,NULL,-2.676718,-2.972403,174.570000
0,1,1,1161.479092,-448.978154,0.000000,NULL,NULL,NULL,NULL,NULL,3.730950,-1.442226,174.570000
0,1,1,823.965782,-834.464782,0.000000,NULL,NULL,NULL,NULL,NULL,2.810465,-2.846276,174.570000
0,1,1,-1370.070286,305.610164,0.000000,NULL,NULL,NULL,NULL,NULL,-3.904053,0.870845,174.570000
0,1,1,839.167638,-819.175657,0.000000,NULL,NULL,NULL,NULL,NULL,2.862317,-2.794126,174.570000
0,1,1,-1294.902124,-267.070563,0.000000,NULL,NULL,NULL,NULL,NULL,-3.917545,-0.807985,174.570000
0,1,1,207.566509,-789.643953,0.000000,NULL,NULL,NULL,NULL,NULL,1.016899,-3.868581,174.570000
0,1,1,-1279.419966,675.961306,0.000000,NULL,NULL,NULL,NULL,NULL,-3.536726,1.868573,174.570000
0,1,1,-1299.593202,-243.219462,0.000000,NULL,NULL,NULL,NULL,NULL,-3.931737,-0.735826,174.570000
0,1,1,1263.907158,-224.535445,0.000000,NULL,NULL,NULL,NULL,NULL,3.938335,-0.699653,174.570000
0,1,1,-1022.169809,-711.184890,0.000000,NULL,NULL,NULL,NULL,NULL,-3.283455,-2.284497,174.570000
0,1,1,-508.113529,-1056.916138,0.000000,NULL,NULL,NULL,NULL,NULL,-1.733124,-3.605035,174.570000
0,1,1,-1362.876082,-14.104730,0.000000,NULL,NULL,NULL,NULL,NULL,-3.999786,-0.041395,174.570000
0,1,1,-449.074878,-1083.320283,0.000000,NULL,NULL,NULL,NULL,NULL,-1.531750,-3.695097,174.570000
0,1,1,-1362.905053,10.953276,0.000000,NULL,NULL,NULL,NULL,NULL,-3.999871,0.032146,174.570000
0,1,1,10.151571,1104.276217,0.000000,NULL,NULL,NULL,NULL,NULL,0.036770,3.999831,174.570000
0,1,1,1322.155762,-1.528631,0.000000,NULL,NULL,NULL,NULL,NULL,3.999997,-0.004625,174.570000
0,1,1,1134.277836,898.472552,0.000000,NULL,NULL,NULL,NULL,NULL,3.135507,2.483666,174.570000
0,1,1,-1184.133958,-495.685626,0.000000,NULL,NULL,NULL,NULL,NULL,-3.689762,-1.544557,174.570000
0,1,1,1117.568280,919.173692,0.000000,NULL,NULL,NULL,NULL,NULL,3.089316,2.540890,174.570000
0,1,1,1321.960412,22.778633,0.000000,NULL,NULL,NULL,NULL,NULL,3.999406,0.068914,174.570000
0,1,1,601.594423,1363.457612,0.000000,NULL,NULL,NULL,NULL,NULL,1.614716,3.659603,174.570000
0,1,1,854.085844,-803.609639,0.000000,NULL,NULL,NULL,NULL,NULL,2.913201,-2.741032,174.570000
0,1,1,1177.199541,-405.975745,0.000000,NULL,NULL,NULL,NULL,NULL,3.781448,-1.304092,174.570000
0,1,1,-825.400163,-883.364388,0.000000,NULL,NULL,NULL,NULL,NULL,-2.730911,-2.922691,174.570000
0,1,1,-1193.046701,-473.832291,0.000000,NULL,NULL,NULL,NULL,NULL,-3.717534,-1.476462,174.570000
0,1,1,-527.458396,-1047.396163,0.000000,NULL,NULL,NULL,NULL,NULL,-1.799108,-3.572564,174.570000
0,1,1,1150.603990,877.467717,0.000000,NULL,NULL,NULL,NULL,NULL,3.180638,2.425602,174.570000
0,1,1,653.739904,-489.127352,0.000000,NULL,NULL,NULL,NULL,NULL,3.202767,-2.396306,174.570000
0,1,1,-10.151764,1490.244762,0.000000,NULL,NULL,NULL,NULL,NULL,-0.027248,3.999907,174.570000
0,1,1,-1035.071744,-692.272743,0.000000,NULL,NULL,NULL,NULL,NULL,-3.324899,-2.223746,174.570000
0,1,1,-546.624974,-1037.522154,0.000000,NULL,NULL,NULL,NULL,NULL,-1.864483,-3.538884,174.570000
0,1,1,-1364.220283,330.746397,0.000000,NULL,NULL,NULL,NULL,NULL,-3.887383,0.942471,174.570000
0,1,1,868.715357,-787.771991,0.000000,NULL,NULL,NULL,NULL,NULL,2.963101,-2.687012,174.570000
0,1,1,164.249027,-1126.606885,0.000000,NULL,NULL,NULL,NULL,NULL,0.577063,-3.958156,174.570000
0,1,1,-545.379944,1386.900583,0.000000,NULL,NULL,NULL,NULL,NULL,-1.463833,3.722525,174.570000
0,1,1,246.582919,-1111.493446,0.000000,NULL,NULL,NULL,NULL,NULL,0.866330,-3.905057,174.570000
0,1,1,-841.500765,-868.040628,0.000000,NULL,NULL,NULL,NULL,NULL,-2.784182,-2.871991,174.570000
0,1,1,-1303.844999,-219.286150,0.000000,NULL,NULL,NULL,NULL,NULL,-3.944601,-0.663420,174.570000
0,1,1,1267.821493,-201.261355,0.000000,NULL,NULL,NULL,NULL,NULL,3.950533,-0.627131,174.570000
0,1,1,1327.472431,308.945143,0.000000,NULL,NULL,NULL,NULL,NULL,3.895883,0.906696,174.570000
0,1,1,-857.316929,-852.423459,0.000000,NULL,NULL,NULL,NULL,NULL,-2.836511,-2.820320,174.570000
0,1,1,-1266.776610,699.368398,0.000000,NULL,NULL,NULL,NULL,NULL,-3.501776,1.933278,174.570000
0,1,1,1067.643751,-567.234423,0.000000,NULL,NULL,NULL,NULL,NULL,3.532396,-1.876747,174.570000
0,1,1,-1362.473343,36.007581,0.000000,NULL,NULL,NULL,NULL,NULL,-3.998604,0.105675,174.570000
0,1,1,1057.035062,-586.766518,0.000000,NULL,NULL,NULL,NULL,NULL,3.497296,-1.941370,174.570000
0,1,1,1184.464196,-384.265056,0.000000,NULL,NULL,NULL,NULL,NULL,3.804783,-1.234352,174.570000
0,1,1,10.151764,1490.244762,0.000000,NULL,NULL,NULL,NULL,NULL,0.027248,3.999907,174.570000
0,1,1,1321.318221,47.078197,0.000000,NULL,NULL,NULL,NULL,NULL,3.997463,0.142429,174.570000
0,1,1,-584.397414,-1016.725501,0.000000,NULL,NULL,NULL,NULL,NULL,-1.993321,-3.467949,174.570000
0,1,1,883.051233,-771.668064,0.000000,NULL,NULL,NULL,NULL,NULL,3.011999,-2.632083,174.570000
0,1,1,-799.683333,164.705782,0.000000,NULL,NULL,NULL,NULL,NULL,-3.917765,0.806918,174.570000
0,1,1,1269.981441,598.027844,0.000000,NULL,NULL,NULL,NULL,NULL,3.618847,1.704097,174.570000
0,1,1,406.813784,-1063.354767,0.000000,NULL,NULL,NULL,NULL,NULL,1.429276,-3.735930,174.570000
0,1,1,-1059.821765,-653.752928,0.000000,NULL,NULL,NULL,NULL,NULL,-3.404402,-2.100011,174.570000
0,1,1,-1240.209752,745.465563,0.000000,NULL,NULL,NULL,NULL,NULL,-3.428337,2.060705,174.570000
0,1,1,-10.151571,1104.276217,0.000000,NULL,NULL,NULL,NULL,NULL,-0.036770,3.999831,174.570000
0,1,1,1046.069081,-606.100278,0.000000,NULL,NULL,NULL,NULL,NULL,3.461014,-2.005338,174.570000
0,1,1,-1351.139036,380.675015,0.000000,NULL,NULL,NULL,NULL,NULL,-3.850108,1.084744,174.570000
0,1,1,-872.843308,-836.518159,0.000000,NULL,NULL,NULL,NULL,NULL,-2.887881,-2.767696,174.570000
0,1,1,-602.990508,-1005.809887,0.000000,NULL,NULL,NULL,NULL,NULL,-2.056740,-3.430717,174.570000
0,1,1,668.646162,-878.886414,0.000000,NULL,NULL,NULL,NULL,NULL,2.421923,-3.183440,174.570000
0,1,1,307.482642,-1096.209488,0.000000,NULL,NULL,NULL,NULL,NULL,1.080292,-3.851359,174.570000
0,1,1,226.107134,-1115.838868,0.000000,NULL,NULL,NULL,NULL,NULL,0.794392,-3.920324,174.570000
0,1,1,815.491003,1247.359986,0.000000,NULL,NULL,NULL,NULL,NULL,2.188827,3.347990,174.570000
0,1,1,1077.891561,-547.510595,0.000000,NULL,NULL,NULL,NULL,NULL,3.566302,-1.811488,174.570000
0,1,1,-1357.909155,355.770834,0.000000,NULL,NULL,NULL,NULL,NULL,-3.869400,1.013779,174.570000
0,1,1,-1051.212505,338.350835,0.000000,NULL,NULL,NULL,NULL,NULL,-3.807627,1.225550,174.570000
0,1,1,387.195918,-1070.654070,0.000000,NULL,NULL,NULL,NULL,NULL,1.360352,-3.761575,174.570000
0,1,1,910.822789,-738.683239,0.000000,NULL,NULL,NULL,NULL,NULL,3.106725,-2.519575,174.570000
0,1,1,897.088625,-755.303303,0.000000,NULL,NULL,NULL,NULL,NULL,3.059880,-2.576264,174.570000
0,1,1,184.933230,-1123.396865,0.000000,NULL,NULL,NULL,NULL,NULL,0.649734,-3.946878,174.570000
0,1,1,-946.336077,1151.251727,0.000000,NULL,NULL,NULL,NULL,NULL,-2.540023,3.090029,174.570000
0,1,1,1083.021684,959.636998,0.000000,NULL,NULL,NULL,NULL,NULL,2.993819,2.652744,174.570000
0,1,1,266.975356,-1106.772323,0.000000,NULL,NULL,NULL,NULL,NULL,0.937976,-3.888470,174.570000
0,1,1,-1253.705066,722.539095,0.000000,NULL,NULL,NULL,NULL,NULL,-3.465642,1.997329,174.570000
0,1,1,-1047.623810,-673.126599,0.000000,NULL,NULL,NULL,NULL,NULL,-3.365219,-2.162244,174.570000
0,1,1,143.509306,-1129.436096,0.000000,NULL,NULL,NULL,NULL,NULL,0.504197,-3.968096,174.570000
0,1,1,1271.307286,-177.919237,0.000000,NULL,NULL,NULL,NULL,NULL,3.961394,-0.554396,174.570000
0,1,1,205.554922,-1119.807122,0.000000,NULL,NULL,NULL,NULL,NULL,0.722185,-3.934266,174.570000
0,1,1,287.277551,-1101.677096,0.000000,NULL,NULL,NULL,NULL,NULL,1.009304,-3.870569,174.570000
0,1,1,347.574230,-1084.164642,0.000000,NULL,NULL,NULL,NULL,NULL,1.221147,-3.809042,174.570000
0,1,1,327.583800,-1090.371345,0.000000,NULL,NULL,NULL,NULL,NULL,1.150914,-3.830848,174.570000
0,1,1,-565.606785,-1027.297447,0.000000,NULL,NULL,NULL,NULL,NULL,-1.929228,-3.504009,174.570000
0,1,1,1321.568316,333.297678,0.000000,NULL,NULL,NULL,NULL,NULL,3.878555,0.978166,174.570000
0,1,1,122.721077,-1131.883542,0.000000,NULL,NULL,NULL,NULL,NULL,0.431161,-3.976695,174.570000
0,1,1,1191.328486,-362.424481,0.000000,NULL,NULL,NULL,NULL,NULL,3.826833,-1.164194,174.570000
0,1,1,367.447175,-1077.591476,0.000000,NULL,NULL,NULL,NULL,NULL,1.290968,-3.785948,174.570000
0,1,1,-1361.581099,61.049714,0.000000,NULL,NULL,NULL,NULL,NULL,-3.995985,0.179169,174.570000
0,1,1,101.891366,-1133.948396,0.000000,NULL,NULL,NULL,NULL,NULL,0.357979,-3.983949,174.570000
0,1,1,464.816039,-1039.310765,0.000000,NULL,NULL,NULL,NULL,NULL,1.633058,-3.651455,174.570000
0,1,1,81.027215,-1135.629960,0.000000,NULL,NULL,NULL,NULL,NULL,0.284676,-3.989857,174.570000
0,1,1,-621.379783,-994.554295,0.000000,NULL,NULL,NULL,NULL,NULL,-2.119464,-3.392325,174.570000
0,1,1,1197.790090,-340.461401,0.000000,NULL,NULL,NULL,NULL,NULL,3.847589,-1.093644,174.570000
0,1,1,539.923394,-1002.349013,0.000000,NULL,NULL,NULL,NULL,NULL,1.896936,-3.521595,174.570000
0,1,1,60.135676,-1136.927665,0.000000,NULL,NULL,NULL,NULL,NULL,0.211277,-3.994416,174.570000
0,1,1,-888.074653,-820.330104,0.000000,NULL,NULL,NULL,NULL,NULL,-2.938276,-2.714137,174.570000
0,1,1,1235.081917,667.130286,0.000000,NULL,NULL,NULL,NULL,NULL,3.519400,1.901006,174.570000
0,1,1,-1071.661486,-634.158280,0.000000,NULL,NULL,NULL,NULL,NULL,-3.442434,-2.037069,174.570000
0,1,1,39.223810,-1137.841074,0.000000,NULL,NULL,NULL,NULL,NULL,0.137807,-3.997625,174.570000
0,1,1,1247.137952,644.311329,0.000000,NULL,NULL,NULL,NULL,NULL,3.553754,1.835983,174.570000
0,1,1,1320.229406,71.361848,0.000000,NULL,NULL,NULL,NULL,NULL,3.994169,0.215895,174.570000
0,1,1,-1226.295231,768.140053,0.000000,NULL,NULL,NULL,NULL,NULL,-3.389873,2.123385,174.570000
0,1,1,1100.480971,939.564137,0.000000,NULL,NULL,NULL,NULL,NULL,3.042082,2.597256,174.570000
0,1,1,-1336.231128,430.088984,0.000000,NULL,NULL,NULL,NULL,NULL,-3.807627,1.225550,174.570000
0,1,1,-164.249027,-1126.606885,0.000000,NULL,NULL,NULL,NULL,NULL,-0.577063,-3.958156,174.570000
0,1,1,924.249082,-721.813490,0.000000,NULL,NULL,NULL,NULL,NULL,3.152521,-2.462034,174.570000
0,1,1,426.294141,-1055.696036,0.000000,NULL,NULL,NULL,NULL,NULL,1.497717,-3.709022,174.570000
0,1,1,1258.772438,621.274586,0.000000,NULL,NULL,NULL,NULL,NULL,3.586907,1.770339,174.570000
0,1,1,445.630404,-1047.680466,0.000000,NULL,NULL,NULL,NULL,NULL,1.565652,-3.680860,174.570000
0,1,1,-1343.912212,405.450523,0.000000,NULL,NULL,NULL,NULL,NULL,-3.829515,1.155342,174.570000
0,1,1,-18.298685,-1138.369876,0.000000,NULL,NULL,NULL,NULL,NULL,-0.064290,-3.999483,174.570000
0,1,1,-1201.556178,-451.818793,0.000000,NULL,NULL,NULL,NULL,NULL,-3.744050,-1.407868,174.570000
0,1,1,1087.775030,-527.601701,0.000000,NULL,NULL,NULL,NULL,NULL,3.599002,-1.745618,174.570000
0,1,1,-639.559023,-982.962531,0.000000,NULL,NULL,NULL,NULL,NULL,-2.181472,-3.352787,174.570000
0,1,1,1101.431004,79.867144,0.000000,NULL,NULL,NULL,NULL,NULL,3.989525,0.289289,174.570000
0,1,1,-39.223810,-1137.841074,0.000000,NULL,NULL,NULL,NULL,NULL,-0.137807,-3.997625,174.570000
0,1,1,-657.522084,-971.038511,0.000000,NULL,NULL,NULL,NULL,NULL,-2.242742,-3.312115,174.570000
0,1,1,1065.196321,979.385488,0.000000,NULL,NULL,NULL,NULL,NULL,2.944544,2.707335,174.570000
0,1,1,558.259702,-992.253456,0.000000,NULL,NULL,NULL,NULL,NULL,1.961358,-3.486126,174.570000
0,1,1,483.844559,-1030.589763,0.000000,NULL,NULL,NULL,NULL,NULL,1.699912,-3.620815,174.570000
0,1,1,-60.135676,-1136.927665,0.000000,NULL,NULL,NULL,NULL,NULL,-0.211277,-3.994416,174.570000
0,1,1,612.111958,-959.968628,0.000000,NULL,NULL,NULL,NULL,NULL,2.150559,-3.372699,174.570000
0,1,1,1276.988682,-131.062493,0.000000,NULL,NULL,NULL,NULL,NULL,3.979098,-0.408391,174.570000
0,1,1,249.077593,-1075.866800,0.000000,NULL,NULL,NULL,NULL,NULL,0.902191,-3.896928,174.570000
0,1,1,-903.005818,-803.864767,0.000000,NULL,NULL,NULL,NULL,NULL,-2.987677,-2.659659,174.570000
0,1,1,-1356.144952,136.018479,0.000000,NULL,NULL,NULL,NULL,NULL,-3.980031,0.399189,174.570000
0,1,1,1274.363360,-154.516979,0.000000,NULL,NULL,NULL,NULL,NULL,3.970917,-0.481475,174.570000
0,1,1,-81.027215,-1135.629960,0.000000,NULL,NULL,NULL,NULL,NULL,-0.284676,-3.989857,174.570000
0,1,1,502.709533,-1021.520407,0.000000,NULL,NULL,NULL,NULL,NULL,1.766191,-3.588951,174.570000
0,1,1,937.362967,-704.699759,0.000000,NULL,NULL,NULL,NULL,NULL,3.197251,-2.403660,174.570000
0,1,1,1279.182364,-107.563706,0.000000,NULL,NULL,NULL,NULL,NULL,3.985933,-0.335169,174.570000
0,1,1,-1360.228622,86.071212,0.000000,NULL,NULL,NULL,NULL,NULL,-3.992016,0.252603,174.570000
0,1,1,-1083.138971,-614.349278,0.000000,NULL,NULL,NULL,NULL,NULL,-3.479302,-1.973437,174.570000
0,1,1,674.967975,1328.665023,0.000000,NULL,NULL,NULL,NULL,NULL,1.811655,3.566217,174.570000
0,1,1,-1307.656079,-195.278716,0.000000,NULL,NULL,NULL,NULL,NULL,-3.956131,-0.590788,174.570000
0,1,1,-675.262893,-958.786268,0.000000,NULL,NULL,NULL,NULL,NULL,-2.303254,-3.270324,174.570000
0,1,1,1315.217493,357.537554,0.000000,NULL,NULL,NULL,NULL,NULL,3.859917,1.049306,174.570000
0,1,1,-101.891366,-1133.948396,0.000000,NULL,NULL,NULL,NULL,NULL,-0.357979,-3.983949,174.570000
0,1,1,521.404584,-1012.105763,0.000000,NULL,NULL,NULL,NULL,NULL,1.831873,-3.555874,174.570000
0,1,1,-246.582919,-1111.493446,0.000000,NULL,NULL,NULL,NULL,NULL,-0.866330,-3.905057,174.570000
0,1,1,1301.184459,405.646596,0.000000,NULL,NULL,NULL,NULL,NULL,3.818732,1.190497,174.570000
0,1,1,-122.721077,-1131.883542,0.000000,NULL,NULL,NULL,NULL,NULL,-0.431161,-3.976695,174.570000
0,1,1,-1197.227518,812.702532,0.000000,NULL,NULL,NULL,NULL,NULL,-3.309520,2.246570,174.570000
0,1,1,1222.608408,689.723743,0.000000,NULL,NULL,NULL,NULL,NULL,3.483856,1.965387,174.570000
0,1,1,-143.509306,-1129.436096,0.000000,NULL,NULL,NULL,NULL,NULL,-0.504197,-3.968096,174.570000
0,1,1,-601.594423,1363.457612,0.000000,NULL,NULL,NULL,NULL,NULL,-1.614716,3.659603,174.570000
0,1,1,1318.694335,95.621378,0.000000,NULL,NULL,NULL,NULL,NULL,3.989525,0.289289,174.570000
0,1,1,-882.223251,1201.088942,0.000000,NULL,NULL,NULL,NULL,NULL,-2.367941,3.223795,174.570000
0,1,1,-1209.659512,-429.652575,0.000000,NULL,NULL,NULL,NULL,NULL,-3.769300,-1.338798,174.570000
0,1,1,576.407310,-981.822504,0.000000,NULL,NULL,NULL,NULL,NULL,2.025116,-3.449479,174.570000
0,1,1,746.337470,1289.927475,0.000000,NULL,NULL,NULL,NULL,NULL,2.003215,3.462243,174.570000
0,1,1,-917.631754,-787.127712,0.000000,NULL,NULL,NULL,NULL,NULL,-3.036068,-2.604283,174.570000
0,1,1,950.160009,-687.347829,0.000000,NULL,NULL,NULL,NULL,NULL,3.240901,-2.344475,174.570000
0,1,1,684.674419,444.794749,0.000000,NULL,NULL,NULL,NULL,NULL,3.354320,2.179114,174.570000
0,1,1,680.991484,-912.398715,0.000000,NULL,NULL,NULL,NULL,NULL,2.392556,-3.205569,174.570000
0,1,1,-692.775453,-946.209941,0.000000,NULL,NULL,NULL,NULL,NULL,-2.362988,-3.227428,174.570000
0,1,1,-184.933230,-1123.396865,0.000000,NULL,NULL,NULL,NULL,NULL,-0.649734,-3.946878,174.570000
0,1,1,594.360085,-971.059682,0.000000,NULL,NULL,NULL,NULL,NULL,2.088191,-3.411665,174.570000
0,1,1,629.656929,-948.553092,0.000000,NULL,NULL,NULL,NULL,NULL,2.212200,-3.332592,174.570000
0,1,1,-249.077593,-1075.866800,0.000000,NULL,NULL,NULL,NULL,NULL,-0.902191,-3.896928,174.570000
0,1,1,-812.086487,84.480569,0.000000,NULL,NULL,NULL,NULL,NULL,-3.978530,0.413883,174.570000
0,1,1,-1094.250339,-594.332618,0.000000,NULL,NULL,NULL,NULL,NULL,-3.514995,-1.909139,174.570000
0,1,1,-1353.415140,160.927367,0.000000,NULL,NULL,NULL,NULL,NULL,-3.972020,0.472292,174.570000
0,1,1,-226.107134,-1115.838868,0.000000,NULL,NULL,NULL,NULL,NULL,-0.794392,-3.920324,174.570000
0,1,1,-205.554922,-1119.807122,0.000000,NULL,NULL,NULL,NULL,NULL,-0.722185,-3.934266,174.570000
0,1,1,1280.943665,-84.028560,0.000000,NULL,NULL,NULL,NULL,NULL,3.991421,-0.261833,174.570000
0,1,1,1103.528713,-41.873595,0.000000,NULL,NULL,NULL,NULL,NULL,3.997123,-0.151672,174.570000
0,1,1,-1182.084151,834.575458,0.000000,NULL,NULL,NULL,NULL,NULL,-3.267659,2.307034,174.570000
0,1,1,-1224.636935,-384.891996,0.000000,NULL,NULL,NULL,NULL,NULL,-3.815969,-1.199324,174.570000
0,1,1,-1358.416369,111.063616,0.000000,NULL,NULL,NULL,NULL,NULL,-3.986697,0.325951,174.570000
0,1,1,-1311.025153,-171.205274,0.000000,NULL,NULL,NULL,NULL,NULL,-3.966323,-0.517958,174.570000
0,1,1,-710.053846,-933.313782,0.000000,NULL,NULL,NULL,NULL,NULL,-2.421923,-3.183440,174.570000
0,1,1,-1231.505961,-362.312763,0.000000,NULL,NULL,NULL,NULL,NULL,-3.837373,-1.128967,174.570000
0,1,1,962.635885,-669.763566,0.000000,NULL,NULL,NULL,NULL,NULL,3.283455,-2.284497,174.570000
0,1,1,1203.846825,-318.383240,0.000000,NULL,NULL,NULL,NULL,NULL,3.867045,-1.022723,174.570000
0,1,1,1308.422109,381.656577,0.000000,NULL,NULL,NULL,NULL,NULL,3.839974,1.120091,174.570000
0,1,1,646.989066,-936.816932,0.000000,NULL,NULL,NULL,NULL,NULL,2.273094,-3.291359,174.570000
0,1,1,-931.947517,-770.124597,0.000000,NULL,NULL,NULL,NULL,NULL,-3.083433,-2.548027,174.570000
0,1,1,1293.506992,429.499500,0.000000,NULL,NULL,NULL,NULL,NULL,3.796201,1.260501,174.570000
0,1,1,-945.948270,-752.861169,0.000000,NULL,NULL,NULL,NULL,NULL,-3.129756,-2.490909,174.570000
0,1,1,-1217.353965,-407.341129,0.000000,NULL,NULL,NULL,NULL,NULL,-3.793276,-1.269275,174.570000
0,1,1,1028.471589,1017.882767,0.000000,NULL,NULL,NULL,NULL,NULL,2.843025,2.813754,174.570000
0,1,1,1097.290815,-507.514470,0.000000,NULL,NULL,NULL,NULL,NULL,3.630486,-1.679158,174.570000
0,1,1,1316.713527,119.848587,0.000000,NULL,NULL,NULL,NULL,NULL,3.983533,0.362585,174.570000
0,1,1,664.102513,-924.764115,0.000000,NULL,NULL,NULL,NULL,NULL,2.333220,-3.249013,174.570000
0,1,1,-266.975356,-1106.772323,0.000000,NULL,NULL,NULL,NULL,NULL,-0.937976,-3.888470,174.570000
0,1,1,-1211.966205,790.554902,0.000000,NULL,NULL,NULL,NULL,NULL,-3.350263,2.185347,174.570000
0,1,1,-1328.098379,454.582068,0.000000,NULL,NULL,NULL,NULL,NULL,-3.784453,1.295344,174.570000
0,1,1,-653.739904,-489.127352,0.000000,NULL,NULL,NULL,NULL,NULL,-3.202767,-2.396306,174.570000
0,1,1,1314.287652,144.035285,0.000000,NULL,NULL,NULL,NULL,NULL,3.976193,0.435759,174.570000
0,1,1,1009.584633,1036.618544,0.000000,NULL,NULL,NULL,NULL,NULL,2.790815,2.865545,174.570000
0,1,1,-727.092232,-920.102151,0.000000,NULL,NULL,NULL,NULL,NULL,-2.480039,-3.138376,174.570000
0,1,1,430.543157,-693.724743,0.000000,NULL,NULL,NULL,NULL,NULL,2.109294,-3.398659,174.570000
0,1,1,746.189615,-859.896433,0.000000,NULL,NULL,NULL,NULL,NULL,2.621620,-3.021111,174.570000
0,1,1,930.449994,594.804023,0.000000,NULL,NULL,NULL,NULL,NULL,3.370210,2.154457,174.570000
0,1,1,-287.277551,-1101.677096,0.000000,NULL,NULL,NULL,NULL,NULL,-1.009304,-3.870569,174.570000
0,1,1,974.786377,-651.952913,0.000000,NULL,NULL,NULL,NULL,NULL,3.324899,-2.223746,174.570000
0,1,1,986.607377,-633.921892,0.000000,NULL,NULL,NULL,NULL,NULL,3.365219,-2.162244,174.570000
0,1,1,-307.482642,-1096.209488,0.000000,NULL,NULL,NULL,NULL,NULL,-1.080292,-3.851359,174.570000
0,1,1,-1166.541224,856.166285,0.000000,NULL,NULL,NULL,NULL,NULL,-3.224693,2.366718,174.570000
0,1,1,-1115.359831,-553.703452,0.000000,NULL,NULL,NULL,NULL,NULL,-3.582804,-1.778628,174.570000
0,1,1,1115.206596,-466.832216,0.000000,NULL,NULL,NULL,NULL,NULL,3.689762,-1.544557,174.570000
0,1,1,1047.010907,998.802932,0.000000,NULL,NULL,NULL,NULL,NULL,2.894273,2.761011,174.570000
0,1,1,1123.600536,-446.250943,0.000000,NULL,NULL,NULL,NULL,NULL,3.717534,-1.476462,174.570000
0,1,1,-1350.227854,185.781858,0.000000,NULL,NULL,NULL,NULL,NULL,-3.962666,0.545235,174.570000
0,1,1,-959.629279,-735.343264,0.000000,NULL,NULL,NULL,NULL,NULL,-3.175020,-2.432950,174.570000
0,1,1,697.650271,-899.724911,0.000000,NULL,NULL,NULL,NULL,NULL,2.451084,-3.161042,174.570000
0,1,1,819.768299,739.938480,0.000000,NULL,NULL,NULL,NULL,NULL,2.969307,2.680153,174.570000
0,1,1,1282.271989,-60.465012,0.000000,NULL,NULL,NULL,NULL,NULL,3.995560,-0.188409,174.570000
0,1,1,-1237.958721,-339.611064,0.000000,NULL,NULL,NULL,NULL,NULL,-3.857480,-1.058228,174.570000
0,1,1,1209.496643,-296.197461,0.000000,NULL,NULL,NULL,NULL,NULL,3.885194,-0.951457,174.570000
0,1,1,-1313.951082,-147.073963,0.000000,NULL,NULL,NULL,NULL,NULL,-3.975175,-0.444952,174.570000
0,1,1,-743.884850,-906.579512,0.000000,NULL,NULL,NULL,NULL,NULL,-2.537317,-3.092252,174.570000
0,1,1,-1316.432878,-122.892939,0.000000,NULL,NULL,NULL,NULL,NULL,-3.982684,-0.371795,174.570000
0,1,1,-760.426024,-892.750437,0.000000,NULL,NULL,NULL,NULL,NULL,-2.593737,-3.045083,174.570000
0,1,1,1106.435701,-487.255692,0.000000,NULL,NULL,NULL,NULL,NULL,3.660743,-1.612130,174.570000
0,1,1,1196.425969,734.203692,0.000000,NULL,NULL,NULL,NULL,NULL,3.409249,2.092134,174.570000
0,1,1,-1104.991836,-574.115064,0.000000,NULL,NULL,NULL,NULL,NULL,-3.549499,-1.844195,174.570000
0,1,1,-406.813784,-1063.354767,0.000000,NULL,NULL,NULL,NULL,NULL,-1.429276,-3.735930,174.570000
0,1,1,1285.392301,453.207227,0.000000,NULL,NULL,NULL,NULL,NULL,3.772385,1.330078,174.570000
0,1,1,-327.583800,-1090.371345,0.000000,NULL,NULL,NULL,NULL,NULL,-1.150914,-3.830848,174.570000
0,1,1,-347.574230,-1084.164642,0.000000,NULL,NULL,NULL,NULL,NULL,-1.221147,-3.809042,174.570000
0,1,1,990.356424,1055.003929,0.000000,NULL,NULL,NULL,NULL,NULL,2.737662,2.916369,174.570000
0,1,1,998.094890,-615.676596,0.000000,NULL,NULL,NULL,NULL,NULL,3.404402,-2.100011,174.570000
0,1,1,714.073242,-886.746988,0.000000,NULL,NULL,NULL,NULL,NULL,2.508784,-3.115446,174.570000
0,1,1,730.254846,-873.469333,0.000000,NULL,NULL,NULL,NULL,NULL,2.565635,-3.068797,174.570000
0,1,1,1209.721640,712.084065,0.000000,NULL,NULL,NULL,NULL,NULL,3.447135,2.029103,174.570000
0,1,1,-1319.516715,478.921497,0.000000,NULL,NULL,NULL,NULL,NULL,-3.759999,1.364700,174.570000
0,1,1,-367.447175,-1077.591476,0.000000,NULL,NULL,NULL,NULL,NULL,-1.290968,-3.785948,174.570000
0,1,1,-972.985920,-717.576803,0.000000,NULL,NULL,NULL,NULL,NULL,-3.219212,-2.374168,174.570000
0,1,1,-387.195918,-1070.654070,0.000000,NULL,NULL,NULL,NULL,NULL,-1.360352,-3.761575,174.570000
0,1,1,1311.417530,168.173297,0.000000,NULL,NULL,NULL,NULL,NULL,3.967510,0.508785,174.570000
0,1,1,441.569768,-1012.198181,0.000000,NULL,NULL,NULL,NULL,NULL,1.599423,-3.666312,174.570000
0,1,1,1131.614684,-425.518832,0.000000,NULL,NULL,NULL,NULL,NULL,3.744050,-1.407868,174.570000
0,1,1,-1125.350818,-533.104681,0.000000,NULL,NULL,NULL,NULL,NULL,-3.614897,-1.712460,174.570000
0,1,1,-776.710165,-878.619600,0.000000,NULL,NULL,NULL,NULL,NULL,-2.649281,-2.996884,174.570000
0,1,1,807.353893,-802.745606,0.000000,NULL,NULL,NULL,NULL,NULL,2.836511,-2.820320,174.570000
0,1,1,-815.491003,1247.359986,0.000000,NULL,NULL,NULL,NULL,NULL,-2.188827,3.347990,174.570000
0,1,1,1219.568028,-251.533081,0.000000,NULL,NULL,NULL,NULL,NULL,3.917545,-0.807985,174.570000
0,1,1,18.298685,-1138.369876,0.000000,NULL,NULL,NULL,NULL,NULL,0.064290,-3.999483,174.570000
0,1,1,-1346.584173,210.573553,0.000000,NULL,NULL,NULL,NULL,NULL,-3.951972,0.617994,174.570000
0,1,1,1223.986191,-229.069576,0.000000,NULL,NULL,NULL,NULL,NULL,3.931737,-0.735826,174.570000
0,1,1,-761.337568,-799.933826,0.000000,NULL,NULL,NULL,NULL,NULL,-2.757663,-2.897464,174.570000
0,1,1,-1243.993035,-316.794572,0.000000,NULL,NULL,NULL,NULL,NULL,-3.876283,-0.987132,174.570000
0,1,1,637.120687,510.586583,0.000000,NULL,NULL,NULL,NULL,NULL,3.121347,2.501438,174.570000
0,1,1,1214.737634,-273.911564,0.000000,NULL,NULL,NULL,NULL,NULL,3.902029,-0.879870,174.570000
0,1,1,1009.245034,-597.223194,0.000000,NULL,NULL,NULL,NULL,NULL,3.442434,-2.037069,174.570000
0,1,1,1283.166887,-36.881026,0.000000,NULL,NULL,NULL,NULL,NULL,3.998349,-0.114921,174.570000
0,1,1,-1006.526398,-454.349676,0.000000,NULL,NULL,NULL,NULL,NULL,-3.645769,-1.645713,174.570000
0,1,1,-1318.469701,-98.670376,0.000000,NULL,NULL,NULL,NULL,NULL,-3.988846,-0.298513,174.570000
0,1,1,-1301.018393,527.106537,0.000000,NULL,NULL,NULL,NULL,NULL,-3.707288,1.502005,174.570000
0,1,1,761.872161,-846.032876,0.000000,NULL,NULL,NULL,NULL,NULL,2.676718,-2.972403,174.570000
0,1,1,-1291.107989,550.935860,0.000000,NULL,NULL,NULL,NULL,NULL,-3.679048,1.569907,174.570000
0,1,1,1182.725890,756.075149,0.000000,NULL,NULL,NULL,NULL,NULL,3.370210,2.154457,174.570000
0,1,1,-792.731766,-864.191777,0.000000,NULL,NULL,NULL,NULL,NULL,-2.703929,-2.947672,174.570000
0,1,1,1276.843130,476.761764,0.000000,NULL,NULL,NULL,NULL,NULL,3.747295,1.399206,174.570000
0,1,1,-986.013679,-699.567791,0.000000,NULL,NULL,NULL,NULL,NULL,-3.262316,-2.314583,174.570000
0,1,1,-1134.277836,898.472552,0.000000,NULL,NULL,NULL,NULL,NULL,-3.135507,2.483666,174.570000
0,1,1,-674.967975,1328.665023,0.000000,NULL,NULL,NULL,NULL,NULL,-1.811655,3.566217,174.570000
0,1,1,-1117.568280,919.173692,0.000000,NULL,NULL,NULL,NULL,NULL,-3.089316,2.540890,174.570000
0,1,1,-1310.489036,503.099044,0.000000,NULL,NULL,NULL,NULL,NULL,-3.734275,1.433595,174.570000
0,1,1,1139.246331,-404.642889,0.000000,NULL,NULL,NULL,NULL,NULL,3.769300,-1.338798,174.570000
0,1,1,-464.816039,-1039.310765,0.000000,NULL,NULL,NULL,NULL,NULL,-1.633058,-3.651455,174.570000
0,1,1,-1134.961422,-512.325713,0.000000,NULL,NULL,NULL,NULL,NULL,-3.645769,-1.645713,174.570000
0,1,1,-426.294141,-1055.696036,0.000000,NULL,NULL,NULL,NULL,NULL,-1.497717,-3.709022,174.570000
0,1,1,534.858210,966.155118,0.000000,NULL,NULL,NULL,NULL,NULL,1.937325,3.499539,174.570000
0,1,1,469.026720,1414.548142,0.000000,NULL,NULL,NULL,NULL,NULL,1.258896,3.796733,174.570000
0,1,1,777.297184,-831.883348,0.000000,NULL,NULL,NULL,NULL,NULL,2.730911,-2.922691,174.570000
0,1,1,1304.348575,216.270647,0.000000,NULL,NULL,NULL,NULL,NULL,3.946124,0.654297,174.570000
0,1,1,-445.630404,-1047.680466,0.000000,NULL,NULL,NULL,NULL,NULL,-1.565652,-3.680860,174.570000
0,1,1,1020.054039,-578.567921,0.000000,NULL,NULL,NULL,NULL,NULL,3.479302,-1.973437,174.570000
0,1,1,1308.104131,192.254464,0.000000,NULL,NULL,NULL,NULL,NULL,3.957486,0.581639,174.570000
0,1,1,443.909122,1011.174421,0.000000,NULL,NULL,NULL,NULL,NULL,1.607896,3.662604,174.570000
0,1,1,-808.485413,-849.471846,0.000000,NULL,NULL,NULL,NULL,NULL,-2.757663,-2.897464,174.570000
0,1,1,792.459469,-817.452632,0.000000,NULL,NULL,NULL,NULL,NULL,2.784182,-2.871991,174.570000
0,1,1,950.902355,1090.698788,0.000000,NULL,NULL,NULL,NULL,NULL,2.628599,3.015041,174.570000
0,1,1,-668.646162,-878.886414,0.000000,NULL,NULL,NULL,NULL,NULL,-2.421923,-3.183440,174.570000
0,1,1,-1342.485329,235.294071,0.000000,NULL,NULL,NULL,NULL,NULL,-3.939943,0.690544,174.570000
0,1,1,1227.990629,-206.528642,0.000000,NULL,NULL,NULL,NULL,NULL,3.944601,-0.663420,174.570000
0,1,1,-1249.606861,-293.870999,0.000000,NULL,NULL,NULL,NULL,NULL,-3.893776,-0.915702,174.570000
0,1,1,-1150.603990,877.467717,0.000000,NULL,NULL,NULL,NULL,NULL,-3.180638,2.425602,174.570000
0,1,1,1022.549061,-417.040089,0.000000,NULL,NULL,NULL,NULL,NULL,3.703805,-1.510573,174.570000
0,1,1,1283.628058,-13.284574,0.000000,NULL,NULL,NULL,NULL,NULL,3.999786,-0.041395,174.570000
0,1,1,-998.708152,-681.322316,0.000000,NULL,NULL,NULL,NULL,NULL,-3.304316,-2.254217,174.570000
0,1,1,-1320.060864,-74.414461,0.000000,NULL,NULL,NULL,NULL,NULL,-3.993660,-0.225131,174.570000
0,1,1,-1280.761172,574.578960,0.000000,NULL,NULL,NULL,NULL,NULL,-3.649564,1.637279,174.570000
0,1,1,71.035973,1488.585369,0.000000,NULL,NULL,NULL,NULL,NULL,0.190665,3.995453,174.570000
0,1,1,1168.626033,777.691041,0.000000,NULL,NULL,NULL,NULL,NULL,3.330032,2.216052,174.570000
0,1,1,-1011.065047,-662.846544,0.000000,NULL,NULL,NULL,NULL,NULL,-3.345200,-2.193088,174.570000
0,1,1,-746.337470,1289.927475,0.000000,NULL,NULL,NULL,NULL,NULL,-2.003215,3.462243,174.570000
0,1,1,1283.655345,10.316369,0.000000,NULL,NULL,NULL,NULL,NULL,3.999871,0.032146,174.570000
0,1,1,1146.492896,-383.630172,0.000000,NULL,NULL,NULL,NULL,NULL,3.793276,-1.269275,174.570000
0,1,1,-539.923394,-1002.349013,0.000000,NULL,NULL,NULL,NULL,NULL,-1.896936,-3.521595,174.570000
0,1,1,-823.965782,-834.464782,0.000000,NULL,NULL,NULL,NULL,NULL,-2.810465,-2.846276,174.570000
0,1,1,821.975419,-787.767241,0.000000,NULL,NULL,NULL,NULL,NULL,2.887881,-2.767696,174.570000
0,1,1,-443.909122,1011.174421,0.000000,NULL,NULL,NULL,NULL,NULL,-1.607896,3.662604,174.570000
0,1,1,1030.518251,-559.717085,0.000000,NULL,NULL,NULL,NULL,NULL,3.514995,-1.909139,174.570000
0,1,1,-483.844559,-1030.589763,0.000000,NULL,NULL,NULL,NULL,NULL,-1.699912,-3.620815,174.570000
0,1,1,-839.167638,-819.175657,0.000000,NULL,NULL,NULL,NULL,NULL,-2.862317,-2.794126,174.570000
0,1,1,970.793460,1073.032708,0.000000,NULL,NULL,NULL,NULL,NULL,2.683584,2.966206,174.570000
0,1,1,1040.634135,-540.677056,0.000000,NULL,NULL,NULL,NULL,NULL,3.549499,-1.844195,174.570000
0,1,1,-1144.188393,-491.373572,0.000000,NULL,NULL,NULL,NULL,NULL,-3.675408,-1.578410,174.570000
0,1,1,930.689832,1107.996196,0.000000,NULL,NULL,NULL,NULL,NULL,2.572725,3.062856,174.570000
0,1,1,391.280902,1437.995746,0.000000,NULL,NULL,NULL,NULL,NULL,1.050222,3.859668,174.570000
0,1,1,864.153667,-741.255189,0.000000,NULL,NULL,NULL,NULL,NULL,3.036068,-2.604283,174.570000
0,1,1,-819.768299,739.938480,0.000000,NULL,NULL,NULL,NULL,NULL,-2.969307,2.680153,174.570000
0,1,1,1295.516217,264.075611,0.000000,NULL,NULL,NULL,NULL,NULL,3.919403,0.798924,174.570000
0,1,1,-71.035973,1488.585369,0.000000,NULL,NULL,NULL,NULL,NULL,-0.190665,3.995453,174.570000
0,1,1,-502.709533,-1021.520407,0.000000,NULL,NULL,NULL,NULL,NULL,-1.766191,-3.588951,174.570000
0,1,1,1300.152130,240.213727,0.000000,NULL,NULL,NULL,NULL,NULL,3.933428,0.726733,174.570000
0,1,1,836.319107,-772.522600,0.000000,NULL,NULL,NULL,NULL,NULL,2.938276,-2.714137,174.570000
0,1,1,-1332.927842,284.488180,0.000000,NULL,NULL,NULL,NULL,NULL,-3.911893,0.834919,174.570000
0,1,1,910.162724,1124.919087,0.000000,NULL,NULL,NULL,NULL,NULL,2.515981,3.109636,174.570000
0,1,1,850.380107,-757.016836,0.000000,NULL,NULL,NULL,NULL,NULL,2.987677,-2.659659,174.570000
0,1,1,1231.579990,-183.917899,0.000000,NULL,NULL,NULL,NULL,NULL,3.956131,-0.590788,174.570000
0,1,1,-1083.021684,959.636998,0.000000,NULL,NULL,NULL,NULL,NULL,-2.993819,2.652744,174.570000
0,1,1,-1337.932705,259.935056,0.000000,NULL,NULL,NULL,NULL,NULL,-3.926582,0.762861,174.570000
0,1,1,-1023.080188,-644.146721,0.000000,NULL,NULL,NULL,NULL,NULL,-3.384954,-2.131218,174.570000
0,1,1,-558.259702,-992.253456,0.000000,NULL,NULL,NULL,NULL,NULL,-1.961358,-3.486126,174.570000
0,1,1,-854.085844,-803.609639,0.000000,NULL,NULL,NULL,NULL,NULL,-2.913201,-2.741032,174.570000
0,1,1,-1321.205828,-50.133392,0.000000,NULL,NULL,NULL,NULL,NULL,-3.997123,-0.151672,174.570000
0,1,1,-521.404584,-1012.105763,0.000000,NULL,NULL,NULL,NULL,NULL,-1.831873,-3.555874,174.570000
0,1,1,970.422282,-527.076478,0.000000,NULL,NULL,NULL,NULL,NULL,3.514995,-1.909139,174.570000
0,1,1,1283.248738,33.913825,0.000000,NULL,NULL,NULL,NULL,NULL,3.998604,0.105675,174.570000
0,1,1,1139.246184,820.126998,0.000000,NULL,NULL,NULL,NULL,NULL,3.246313,2.336974,174.570000
0,1,1,1248.618361,546.426891,0.000000,NULL,NULL,NULL,NULL,NULL,3.664461,1.603660,174.570000
0,1,1,1258.453052,523.379474,0.000000,NULL,NULL,NULL,NULL,NULL,3.693324,1.536021,174.570000
0,1,1,889.327967,1141.461739,0.000000,NULL,NULL,NULL,NULL,NULL,2.458387,3.155366,174.570000
0,1,1,1267.862368,500.155149,0.000000,NULL,NULL,NULL,NULL,NULL,3.720938,1.467862,174.570000
0,1,1,-1100.480971,939.564137,0.000000,NULL,NULL,NULL,NULL,NULL,-3.042082,2.597256,174.570000
0,1,1,-1065.196321,979.385488,0.000000,NULL,NULL,NULL,NULL,NULL,-2.944544,2.707335,174.570000
0,1,1,1154.131165,799.044064,0.000000,NULL,NULL,NULL,NULL,NULL,3.288729,2.276898,174.570000
0,1,1,-612.111958,-959.968628,0.000000,NULL,NULL,NULL,NULL,NULL,-2.150559,-3.372699,174.570000
0,1,1,-868.715357,-787.771991,0.000000,NULL,NULL,NULL,NULL,NULL,-2.963101,-2.687012,174.570000
0,1,1,-1034.749515,-625.229167,0.000000,NULL,NULL,NULL,NULL,NULL,-3.423563,-2.068627,174.570000
0,1,1,-469.026720,1414.548142,0.000000,NULL,NULL,NULL,NULL,NULL,-1.258896,3.796733,174.570000
0,1,1,-637.120687,510.586583,0.000000,NULL,NULL,NULL,NULL,NULL,-3.121347,2.501438,174.570000
0,1,1,1290.442401,287.848235,0.000000,NULL,NULL,NULL,NULL,NULL,3.904053,0.870845,174.570000
0,1,1,-1153.028612,-470.255339,0.000000,NULL,NULL,NULL,NULL,NULL,-3.703805,-1.510573,174.570000
0,1,1,1234.753060,-161.244989,0.000000,NULL,NULL,NULL,NULL,NULL,3.966323,-0.517958,174.570000
0,1,1,1059.807355,-502.055228,0.000000,NULL,NULL,NULL,NULL,NULL,3.614897,-1.712460,174.570000
0,1,1,-684.674419,444.794749,0.000000,NULL,NULL,NULL,NULL,NULL,-3.354320,2.179114,174.570000
0,1,1,-576.407310,-981.822504,0.000000,NULL,NULL,NULL,NULL,NULL,-2.025116,-3.449479,174.570000
0,1,1,1165.898269,-319.842613,0.000000,NULL,NULL,NULL,NULL,NULL,3.857480,-1.058228,174.570000
0,1,1,903.703646,-692.488655,0.000000,NULL,NULL,NULL,NULL,NULL,3.175020,-2.432950,174.570000
0,1,1,-1254.798303,-270.848094,0.000000,NULL,NULL,NULL,NULL,NULL,-3.909952,-0.843963,174.570000
0,1,1,-1321.904206,-25.835378,0.000000,NULL,NULL,NULL,NULL,NULL,-3.999236,-0.078161,174.570000
0,1,1,-430.543157,-693.724743,0.000000,NULL,NULL,NULL,NULL,NULL,-2.109294,-3.398659,174.570000
0,1,1,868.192606,1157.618562,0.000000,NULL,NULL,NULL,NULL,NULL,2.399962,3.200028,174.570000
0,1,1,1123.976123,840.932718,0.000000,NULL,NULL,NULL,NULL,NULL,3.202801,2.396261,174.570000
0,1,1,-1259.565606,-247.733638,0.000000,NULL,NULL,NULL,NULL,NULL,-3.924807,-0.771938,174.570000
0,1,1,1153.351931,-362.487782,0.000000,NULL,NULL,NULL,NULL,NULL,3.815969,-1.199324,174.570000
0,1,1,877.635132,-725.242988,0.000000,NULL,NULL,NULL,NULL,NULL,3.083433,-2.548027,174.570000
0,1,1,-883.051233,-771.668064,0.000000,NULL,NULL,NULL,NULL,NULL,-3.011999,-2.632083,174.570000
0,1,1,1282.408376,57.499817,0.000000,NULL,NULL,NULL,NULL,NULL,3.995985,0.179169,174.570000
0,1,1,1050.398269,-521.454272,0.000000,NULL,NULL,NULL,NULL,NULL,3.582804,-1.778628,174.570000
0,1,1,-1269.981441,598.027844,0.000000,NULL,NULL,NULL,NULL,NULL,-3.618847,1.704097,174.570000
0,1,1,1159.821118,-341.222866,0.000000,NULL,NULL,NULL,NULL,NULL,3.837373,-1.128967,174.570000
0,1,1,-1169.536977,-427.549208,0.000000,NULL,NULL,NULL,NULL,NULL,-3.756834,-1.373391,174.570000
0,1,1,890.819943,-708.985645,0.000000,NULL,NULL,NULL,NULL,NULL,3.129756,-2.490909,174.570000
0,1,1,602.262333,-925.639833,0.000000,NULL,NULL,NULL,NULL,NULL,2.181472,-3.352787,174.570000
0,1,1,1238.361619,569.289607,0.000000,NULL,NULL,NULL,NULL,NULL,3.634359,1.670758,174.570000
0,1,1,-594.360085,-971.059682,0.000000,NULL,NULL,NULL,NULL,NULL,-2.088191,-3.411665,174.570000
0,1,1,68.464505,-1102.198544,0.000000,NULL,NULL,NULL,NULL,NULL,0.247987,-3.992305,174.570000
0,1,1,-391.280902,1437.995746,0.000000,NULL,NULL,NULL,NULL,NULL,-1.050222,3.859668,174.570000
0,1,1,169.354638,-1091.259834,0.000000,NULL,NULL,NULL,NULL,NULL,0.613424,-3.952684,174.570000
0,1,1,152.012797,1482.506195,0.000000,NULL,NULL,NULL,NULL,NULL,0.408012,3.979136,174.570000
0,1,1,916.281883,-675.757594,0.000000,NULL,NULL,NULL,NULL,NULL,3.219212,-2.374168,174.570000
0,1,1,1068.858211,-482.486483,0.000000,NULL,NULL,NULL,NULL,NULL,3.645769,-1.645713,174.570000
0,1,1,-1161.479092,-448.978154,0.000000,NULL,NULL,NULL,NULL,NULL,-3.730950,-1.442226,174.570000
0,1,1,407.246706,707.652138,0.000000,NULL,NULL,NULL,NULL,NULL,1.995161,3.466891,174.570000
0,1,1,312.373326,1457.173777,0.000000,NULL,NULL,NULL,NULL,NULL,0.838429,3.911143,174.570000
0,1,1,-629.656929,-948.553092,0.000000,NULL,NULL,NULL,NULL,NULL,-2.212200,-3.332592,174.570000
0,1,1,1284.932398,311.523562,0.000000,NULL,NULL,NULL,NULL,NULL,3.887383,0.942471,174.570000
0,1,1,1239.846178,-115.743342,0.000000,NULL,NULL,NULL,NULL,NULL,3.982684,-0.371795,174.570000
0,1,1,1237.508766,-138.517576,0.000000,NULL,NULL,NULL,NULL,NULL,3.975175,-0.444952,174.570000
0,1,1,-1247.137952,644.311329,0.000000,NULL,NULL,NULL,NULL,NULL,-3.553754,1.835983,174.570000
0,1,1,-680.991484,-912.398715,0.000000,NULL,NULL,NULL,NULL,NULL,-2.392556,-3.205569,174.570000
0,1,1,846.763783,1173.384094,0.000000,NULL,NULL,NULL,NULL,NULL,2.340726,3.243609,174.570000
0,1,1,-1235.081917,667.130286,0.000000,NULL,NULL,NULL,NULL,NULL,-3.519400,1.901006,174.570000
0,1,1,-897.088625,-755.303303,0.000000,NULL,NULL,NULL,NULL,NULL,-3.059880,-2.576264,174.570000
0,1,1,1171.581330,-298.354248,0.000000,NULL,NULL,NULL,NULL,NULL,3.876283,-0.987132,174.570000
0,1,1,-1009.584633,1036.618544,0.000000,NULL,NULL,NULL,NULL,NULL,-2.790815,2.865545,174.570000
0,1,1,-1028.471589,1017.882767,0.000000,NULL,NULL,NULL,NULL,NULL,-2.843025,2.813754,174.570000
0,1,1,-1327.472431,308.945143,0.000000,NULL,NULL,NULL,NULL,NULL,-3.895883,0.906696,174.570000
0,1,1,-1321.960412,22.778633,0.000000,NULL,NULL,NULL,NULL,NULL,-3.999406,0.068914,174.570000
0,1,1,-910.822789,-738.683239,0.000000,NULL,NULL,NULL,NULL,NULL,-3.106725,-2.519575,174.570000
0,1,1,-1322.155762,-1.528631,0.000000,NULL,NULL,NULL,NULL,NULL,-3.999997,-0.004625,174.570000
0,1,1,-1263.907158,-224.535445,0.000000,NULL,NULL,NULL,NULL,NULL,-3.938335,-0.699653,174.570000
0,1,1,-1057.035062,-586.766518,0.000000,NULL,NULL,NULL,NULL,NULL,-3.497296,-1.941370,174.570000
0,1,1,-1177.199541,-405.975745,0.000000,NULL,NULL,NULL,NULL,NULL,-3.781448,-1.304092,174.570000
0,1,1,-1258.772438,621.274586,0.000000,NULL,NULL,NULL,NULL,NULL,-3.586907,1.770339,174.570000
0,1,1,-1067.643751,-567.234423,0.000000,NULL,NULL,NULL,NULL,NULL,-3.532396,-1.876747,174.570000
0,1,1,1085.873120,-442.866401,0.000000,NULL,NULL,NULL,NULL,NULL,3.703805,-1.510573,174.570000
0,1,1,-646.989066,-936.816932,0.000000,NULL,NULL,NULL,NULL,NULL,-2.273094,-3.291359,174.570000
0,1,1,-152.012797,1482.506195,0.000000,NULL,NULL,NULL,NULL,NULL,-0.408012,3.979136,174.570000
0,1,1,-169.354638,-1091.259834,0.000000,NULL,NULL,NULL,NULL,NULL,-0.613424,-3.952684,174.570000
0,1,1,1281.134542,81.066374,0.000000,NULL,NULL,NULL,NULL,NULL,3.992016,0.252603,174.570000
0,1,1,1077.547778,-462.754651,0.000000,NULL,NULL,NULL,NULL,NULL,3.675408,-1.578410,174.570000
0,1,1,952.141820,-624.216925,0.000000,NULL,NULL,NULL,NULL,NULL,3.345200,-2.193088,174.570000
0,1,1,232.538278,1472.025292,0.000000,NULL,NULL,NULL,NULL,NULL,0.624147,3.951005,174.570000
0,1,1,1227.686295,591.959896,0.000000,NULL,NULL,NULL,NULL,NULL,3.603029,1.737291,174.570000
0,1,1,-534.858210,966.155118,0.000000,NULL,NULL,NULL,NULL,NULL,-1.937325,3.499539,174.570000
0,1,1,-990.356424,1055.003929,0.000000,NULL,NULL,NULL,NULL,NULL,-2.737662,2.916369,174.570000
0,1,1,803.054825,1203.720102,0.000000,NULL,NULL,NULL,NULL,NULL,2.219901,3.327468,174.570000
0,1,1,-1101.431004,79.867144,0.000000,NULL,NULL,NULL,NULL,NULL,-3.989525,0.289289,174.570000
0,1,1,-1047.010907,998.802932,0.000000,NULL,NULL,NULL,NULL,NULL,-2.894273,2.761011,174.570000
0,1,1,-1046.069081,-606.100278,0.000000,NULL,NULL,NULL,NULL,NULL,-3.461014,-2.005338,174.570000
0,1,1,-924.249082,-721.813490,0.000000,NULL,NULL,NULL,NULL,NULL,-3.152521,-2.462034,174.570000
0,1,1,-664.102513,-924.764115,0.000000,NULL,NULL,NULL,NULL,NULL,-2.333220,-3.249013,174.570000
0,1,1,-1222.608408,689.723743,0.000000,NULL,NULL,NULL,NULL,NULL,-3.483856,1.965387,174.570000
0,1,1,1176.868380,-276.765035,0.000000,NULL,NULL,NULL,NULL,NULL,3.893776,-0.915702,174.570000
0,1,1,-1103.528713,-41.873595,0.000000,NULL,NULL,NULL,NULL,NULL,-3.997123,-0.151672,174.570000
0,1,1,1241.764504,-92.929986,0.000000,NULL,NULL,NULL,NULL,NULL,3.988846,-0.298513,174.570000
0,1,1,-441.569768,-1012.198181,0.000000,NULL,NULL,NULL,NULL,NULL,-1.599423,-3.666312,174.570000
0,1,1,1278.988070,335.093589,0.000000,NULL,NULL,NULL,NULL,NULL,3.869400,1.013779,174.570000
0,1,1,1092.301531,881.684482,0.000000,NULL,NULL,NULL,NULL,NULL,3.112543,2.512384,174.570000
0,1,1,-1321.568316,333.297678,0.000000,NULL,NULL,NULL,NULL,NULL,-3.878555,0.978166,174.570000
0,1,1,928.550406,-658.798118,0.000000,NULL,NULL,NULL,NULL,NULL,3.262316,-2.314583,174.570000
0,1,1,1093.831421,-422.828457,0.000000,NULL,NULL,NULL,NULL,NULL,3.730950,-1.442226,174.570000
0,1,1,-1321.318221,47.078197,0.000000,NULL,NULL,NULL,NULL,NULL,-3.997463,0.142429,174.570000
0,1,1,-1077.891561,-547.510595,0.000000,NULL,NULL,NULL,NULL,NULL,-3.566302,-1.811488,174.570000
0,1,1,-68.464505,-1102.198544,0.000000,NULL,NULL,NULL,NULL,NULL,-0.247987,-3.992305,174.570000
0,1,1,-1184.464196,-384.265056,0.000000,NULL,NULL,NULL,NULL,NULL,-3.804783,-1.234352,174.570000
0,1,1,-1267.821493,-201.261355,0.000000,NULL,NULL,NULL,NULL,NULL,-3.950533,-0.627131,174.570000
0,1,1,818.055127,-741.832075,0.000000,NULL,NULL,NULL,NULL,NULL,2.963101,-2.687012,174.570000
0,1,1,1075.907708,901.616750,0.000000,NULL,NULL,NULL,NULL,NULL,3.065829,2.569182,174.570000
0,1,1,780.789463,1218.280325,0.000000,NULL,NULL,NULL,NULL,NULL,2.158352,3.367717,174.570000
0,1,1,-312.373326,1457.173777,0.000000,NULL,NULL,NULL,NULL,NULL,-0.838429,3.911143,174.570000
0,1,1,-937.362967,-704.699759,0.000000,NULL,NULL,NULL,NULL,NULL,-3.197251,-2.403660,174.570000
0,1,1,1108.326142,861.454192,0.000000,NULL,NULL,NULL,NULL,NULL,3.158206,2.454737,174.570000
0,1,1,1277.288328,128.109326,0.000000,NULL,NULL,NULL,NULL,NULL,3.980031,0.399189,174.570000
0,1,1,1279.427667,104.605529,0.000000,NULL,NULL,NULL,NULL,NULL,3.986697,0.325951,174.570000
0,1,1,-697.650271,-899.724911,0.000000,NULL,NULL,NULL,NULL,NULL,-2.451084,-3.161042,174.570000
0,1,1,-746.189615,-859.896433,0.000000,NULL,NULL,NULL,NULL,NULL,-2.621620,-3.021111,174.570000
0,1,1,-232.538278,1472.025292,0.000000,NULL,NULL,NULL,NULL,NULL,-0.624147,3.951005,174.570000
0,1,1,963.456739,-606.606898,0.000000,NULL,NULL,NULL,NULL,NULL,3.384954,-2.131218,174.570000
0,1,1,940.505065,-641.615959,0.000000,NULL,NULL,NULL,NULL,NULL,3.304316,-2.254217,174.570000
0,1,1,-930.449994,594.804023,0.000000,NULL,NULL,NULL,NULL,NULL,-3.370210,2.154457,174.570000
0,1,1,1186.247436,-233.313288,0.000000,NULL,NULL,NULL,NULL,NULL,3.924807,-0.771938,174.570000
0,1,1,1181.757633,-255.082272,0.000000,NULL,NULL,NULL,NULL,NULL,3.909952,-0.843963,174.570000
0,1,1,-1301.184459,405.646596,0.000000,NULL,NULL,NULL,NULL,NULL,-3.818732,1.190497,174.570000
0,1,1,-950.902355,1090.698788,0.000000,NULL,NULL,NULL,NULL,NULL,-2.628599,3.015041,174.570000
0,1,1,1243.263097,-70.085217,0.000000,NULL,NULL,NULL,NULL,NULL,3.993660,-0.225131,174.570000
0,1,1,825.048743,1188.753005,0.000000,NULL,NULL,NULL,NULL,NULL,2.280699,3.286094,174.570000
0,1,1,-1087.775030,-527.601701,0.000000,NULL,NULL,NULL,NULL,NULL,-3.599002,-1.745618,174.570000
0,1,1,-1197.790090,-340.461401,0.000000,NULL,NULL,NULL,NULL,NULL,-3.847589,-1.093644,174.570000
0,1,1,-1315.217493,357.537554,0.000000,NULL,NULL,NULL,NULL,NULL,-3.859917,1.049306,174.570000
0,1,1,-1191.328486,-362.424481,0.000000,NULL,NULL,NULL,NULL,NULL,-3.826833,-1.164194,174.570000
0,1,1,-1320.229406,71.361848,0.000000,NULL,NULL,NULL,NULL,NULL,-3.994169,0.215895,174.570000
0,1,1,-950.160009,-687.347829,0.000000,NULL,NULL,NULL,NULL,NULL,-3.240901,-2.344475,174.570000
0,1,1,1059.150213,921.244260,0.000000,NULL,NULL,NULL,NULL,NULL,3.018078,2.625111,174.570000
0,1,1,804.716076,-138.034290,0.000000,NULL,NULL,NULL,NULL,NULL,3.942421,-0.676250,174.570000
0,1,1,-1271.307286,-177.919237,0.000000,NULL,NULL,NULL,NULL,NULL,-3.961394,-0.554396,174.570000
0,1,1,-714.073242,-886.746988,0.000000,NULL,NULL,NULL,NULL,NULL,-2.508784,-3.115446,174.570000
0,1,1,-730.254846,-873.469333,0.000000,NULL,NULL,NULL,NULL,NULL,-2.565635,-3.068797,174.570000
0,1,1,148.136112,-802.917879,0.000000,NULL,NULL,NULL,NULL,NULL,0.725740,-3.933612,174.570000
0,1,1,334.961659,744.595269,0.000000,NULL,NULL,NULL,NULL,NULL,1.641026,3.647881,174.570000
0,1,1,-930.689832,1107.996196,0.000000,NULL,NULL,NULL,NULL,NULL,-2.572725,3.062856,174.570000
0,1,1,-1196.425969,734.203692,0.000000,NULL,NULL,NULL,NULL,NULL,-3.409249,2.092134,174.570000
0,1,1,1108.636268,-382.330624,0.000000,NULL,NULL,NULL,NULL,NULL,3.781448,-1.304092,174.570000
0,1,1,-910.162724,1124.919087,0.000000,NULL,NULL,NULL,NULL,NULL,-2.515981,3.109636,174.570000
0,1,1,1190.336271,-211.465440,0.000000,NULL,NULL,NULL,NULL,NULL,3.938335,-0.699653,174.570000
0,1,1,1193.185606,658.739908,0.000000,NULL,NULL,NULL,NULL,NULL,3.501776,1.933278,174.570000
0,1,1,-970.793460,1073.032708,0.000000,NULL,NULL,NULL,NULL,NULL,-2.683584,2.966206,174.570000
0,1,1,1216.595996,614.430094,0.000000,NULL,NULL,NULL,NULL,NULL,3.570481,1.803237,174.570000
0,1,1,-1293.506992,429.499500,0.000000,NULL,NULL,NULL,NULL,NULL,-3.796201,1.260501,174.570000
0,1,1,974.445996,-588.791828,0.000000,NULL,NULL,NULL,NULL,NULL,3.423563,-2.068627,174.570000
0,1,1,-962.635885,-669.763566,0.000000,NULL,NULL,NULL,NULL,NULL,-3.283455,-2.284497,174.570000
0,1,1,1244.341449,-47.216759,0.000000,NULL,NULL,NULL,NULL,NULL,3.997123,-0.151672,174.570000
0,1,1,-1279.182364,-107.563706,0.000000,NULL,NULL,NULL,NULL,NULL,-3.985933,-0.335169,174.570000
0,1,1,1101.419992,-402.647591,0.000000,NULL,NULL,NULL,NULL,NULL,3.756834,-1.373391,174.570000
0,1,1,-1276.988682,-131.062493,0.000000,NULL,NULL,NULL,NULL,NULL,-3.979098,-0.408391,174.570000
0,1,1,1042.034711,940.560377,0.000000,NULL,NULL,NULL,NULL,NULL,2.969307,2.680153,174.570000
0,1,1,-1308.422109,381.656577,0.000000,NULL,NULL,NULL,NULL,NULL,-3.839974,1.120091,174.570000
0,1,1,-1209.721640,712.084065,0.000000,NULL,NULL,NULL,NULL,NULL,-3.447135,2.029103,174.570000
0,1,1,712.440420,1259.471232,0.000000,NULL,NULL,NULL,NULL,NULL,1.969413,3.481582,174.570000
0,1,1,-1318.694335,95.621378,0.000000,NULL,NULL,NULL,NULL,NULL,-3.989525,0.289289,174.570000
0,1,1,-889.327967,1141.461739,0.000000,NULL,NULL,NULL,NULL,NULL,-2.458387,3.155366,174.570000
0,1,1,1272.611427,358.550350,0.000000,NULL,NULL,NULL,NULL,NULL,3.850108,1.084744,174.570000
0,1,1,-1274.363360,-154.516979,0.000000,NULL,NULL,NULL,NULL,NULL,-3.970917,-0.481475,174.570000
0,1,1,728.572753,-368.514820,0.000000,NULL,NULL,NULL,NULL,NULL,3.569384,-1.805408,174.570000
0,1,1,-334.961659,744.595269,0.000000,NULL,NULL,NULL,NULL,NULL,-1.641026,3.647881,174.570000
0,1,1,-807.353893,-802.745606,0.000000,NULL,NULL,NULL,NULL,NULL,-2.836511,-2.820320,174.570000
0,1,1,758.260184,1232.428752,0.000000,NULL,NULL,NULL,NULL,NULL,2.096074,3.406828,174.570000
0,1,1,985.105877,-570.777739,0.000000,NULL,NULL,NULL,NULL,NULL,3.461014,-2.005338,174.570000
0,1,1,-761.872161,-846.032876,0.000000,NULL,NULL,NULL,NULL,NULL,-2.676718,-2.972403,174.570000
0,1,1,1115.477810,-361.884424,0.000000,NULL,NULL,NULL,NULL,NULL,3.804783,-1.234352,174.570000
0,1,1,-407.246706,707.652138,0.000000,NULL,NULL,NULL,NULL,NULL,-1.995161,3.466891,174.570000
0,1,1,-1182.725890,756.075149,0.000000,NULL,NULL,NULL,NULL,NULL,-3.370210,2.154457,174.570000
0,1,1,816.461714,3.420219,0.000000,NULL,NULL,NULL,NULL,NULL,3.999965,0.016756,174.570000
0,1,1,-986.607377,-633.921892,0.000000,NULL,NULL,NULL,NULL,NULL,-3.365219,-2.162244,174.570000
0,1,1,-974.786377,-651.952913,0.000000,NULL,NULL,NULL,NULL,NULL,-3.324899,-2.223746,174.570000
0,1,1,149.263888,-1094.188882,0.000000,NULL,NULL,NULL,NULL,NULL,0.540653,-3.963293,174.570000
0,1,1,1194.022755,-189.546115,0.000000,NULL,NULL,NULL,NULL,NULL,3.950533,-0.627131,174.570000
0,1,1,689.165423,1272.356143,0.000000,NULL,NULL,NULL,NULL,NULL,1.905074,3.517200,174.570000
0,1,1,1005.423210,-534.176923,0.000000,NULL,NULL,NULL,NULL,NULL,3.532396,-1.876747,174.570000
0,1,1,1180.873429,680.564546,0.000000,NULL,NULL,NULL,NULL,NULL,3.465642,1.997329,174.570000
0,1,1,1274.717247,151.569821,0.000000,NULL,NULL,NULL,NULL,NULL,3.972020,0.472292,174.570000
0,1,1,-868.192606,1157.618562,0.000000,NULL,NULL,NULL,NULL,NULL,-2.399962,3.200028,174.570000
0,1,1,514.747850,-977.017742,0.000000,NULL,NULL,NULL,NULL,NULL,1.864483,-3.538884,174.570000
0,1,1,1205.094470,636.692606,0.000000,NULL,NULL,NULL,NULL,NULL,3.536726,1.868573,174.570000
0,1,1,-1285.392301,453.207227,0.000000,NULL,NULL,NULL,NULL,NULL,-3.772385,1.330078,174.570000
0,1,1,88.716164,-1100.753588,0.000000,NULL,NULL,NULL,NULL,NULL,0.321341,-3.987072,174.570000
0,1,1,1024.566987,959.558571,0.000000,NULL,NULL,NULL,NULL,NULL,2.919532,2.734289,174.570000
0,1,1,40.589170,815.459348,0.000000,NULL,NULL,NULL,NULL,NULL,0.198852,3.995054,174.570000
0,1,1,735.474602,1246.160602,0.000000,NULL,NULL,NULL,NULL,NULL,2.033087,3.444787,174.570000
0,1,1,1244.999198,-24.332342,0.000000,NULL,NULL,NULL,NULL,NULL,3.999236,-0.078161,174.570000
0,1,1,-1280.943665,-84.028560,0.000000,NULL,NULL,NULL,NULL,NULL,-3.991421,-0.261833,174.570000
0,1,1,-777.297184,-831.883348,0.000000,NULL,NULL,NULL,NULL,NULL,-2.730911,-2.922691,174.570000
0,1,1,995.432778,-552.570720,0.000000,NULL,NULL,NULL,NULL,NULL,3.497296,-1.941370,174.570000
0,1,1,-1097.290815,-507.514470,0.000000,NULL,NULL,NULL,NULL,NULL,-3.630486,-1.679158,174.570000
0,1,1,-1316.713527,119.848587,0.000000,NULL,NULL,NULL,NULL,NULL,-3.983533,0.362585,174.570000
0,1,1,-1203.846825,-318.383240,0.000000,NULL,NULL,NULL,NULL,NULL,-3.867045,-1.022723,174.570000
0,1,1,1121.942305,-341.315903,0.000000,NULL,NULL,NULL,NULL,NULL,3.826833,-1.164194,174.570000
0,1,1,-998.094890,-615.676596,0.000000,NULL,NULL,NULL,NULL,NULL,-3.404402,-2.100011,174.570000
0,1,1,-1314.287652,144.035285,0.000000,NULL,NULL,NULL,NULL,NULL,-3.976193,0.435759,174.570000
0,1,1,1265.804623,381.885917,0.000000,NULL,NULL,NULL,NULL,NULL,3.829515,1.155342,174.570000
0,1,1,-846.763783,1173.384094,0.000000,NULL,NULL,NULL,NULL,NULL,-2.340726,3.243609,174.570000
0,1,1,1128.027568,-320.632011,0.000000,NULL,NULL,NULL,NULL,NULL,3.847589,-1.093644,174.570000
0,1,1,-1168.626033,777.691041,0.000000,NULL,NULL,NULL,NULL,NULL,-3.330032,2.216052,174.570000
0,1,1,1250.909883,428.161957,0.000000,NULL,NULL,NULL,NULL,NULL,3.784453,1.295344,174.570000
0,1,1,-792.459469,-817.452632,0.000000,NULL,NULL,NULL,NULL,NULL,-2.784182,-2.871991,174.570000
0,1,1,-88.716164,-1100.753588,0.000000,NULL,NULL,NULL,NULL,NULL,-0.321341,-3.987072,174.570000
0,1,1,1258.569960,405.092400,0.000000,NULL,NULL,NULL,NULL,NULL,3.807627,1.225550,174.570000
0,1,1,-1123.600536,-446.250943,0.000000,NULL,NULL,NULL,NULL,NULL,-3.717534,-1.476462,174.570000
0,1,1,1197.305644,-167.562720,0.000000,NULL,NULL,NULL,NULL,NULL,3.961394,-0.554396,174.570000
0,1,1,-1115.206596,-466.832216,0.000000,NULL,NULL,NULL,NULL,NULL,-3.689762,-1.544557,174.570000
0,1,1,532.622713,-967.389303,0.000000,NULL,NULL,NULL,NULL,NULL,1.929228,-3.504009,174.570000
0,1,1,1033.342491,-477.937352,0.000000,NULL,NULL,NULL,NULL,NULL,3.630486,-1.679158,174.570000
0,1,1,1015.073794,-515.602568,0.000000,NULL,NULL,NULL,NULL,NULL,3.566302,-1.811488,174.570000
0,1,1,1168.162101,702.159144,0.000000,NULL,NULL,NULL,NULL,NULL,3.428337,2.060705,174.570000
0,1,1,1006.752945,978.232421,0.000000,NULL,NULL,NULL,NULL,NULL,2.868770,2.787500,174.570000
0,1,1,-602.262333,-925.639833,0.000000,NULL,NULL,NULL,NULL,NULL,-2.181472,-3.352787,174.570000
0,1,1,-1276.843130,476.761764,0.000000,NULL,NULL,NULL,NULL,NULL,-3.747295,1.399206,174.570000
0,1,1,1271.715295,174.979082,0.000000,NULL,NULL,NULL,NULL,NULL,3.962666,0.545235,174.570000
0,1,1,988.598606,996.575615,0.000000,NULL,NULL,NULL,NULL,NULL,2.817039,2.839770,174.570000
0,1,1,617.974608,1308.413742,0.000000,NULL,NULL,NULL,NULL,NULL,1.708280,3.616874,174.570000
0,1,1,-803.054825,1203.720102,0.000000,NULL,NULL,NULL,NULL,NULL,-2.219901,3.327468,174.570000
0,1,1,-1106.435701,-487.255692,0.000000,NULL,NULL,NULL,NULL,NULL,-3.660743,-1.612130,174.570000
0,1,1,-1282.271989,-60.465012,0.000000,NULL,NULL,NULL,NULL,NULL,-3.995560,-0.188409,174.570000
0,1,1,-1009.245034,-597.223194,0.000000,NULL,NULL,NULL,NULL,NULL,-3.442434,-2.037069,174.570000
0,1,1,1245.236119,-1.439699,0.000000,NULL,NULL,NULL,NULL,NULL,3.999997,-0.004625,174.570000
0,1,1,1104.322140,-1.276779,0.000000,NULL,NULL,NULL,NULL,NULL,3.999997,-0.004625,174.570000
0,1,1,-1139.246184,820.126998,0.000000,NULL,NULL,NULL,NULL,NULL,-3.246313,2.336974,174.570000
0,1,1,-1022.549061,-417.040089,0.000000,NULL,NULL,NULL,NULL,NULL,-3.703805,-1.510573,174.570000
0,1,1,1133.731542,-299.839742,0.000000,NULL,NULL,NULL,NULL,NULL,3.867045,-1.022723,174.570000
0,1,1,-1209.496643,-296.197461,0.000000,NULL,NULL,NULL,NULL,NULL,-3.885194,-0.951457,174.570000
0,1,1,-821.975419,-787.767241,0.000000,NULL,NULL,NULL,NULL,NULL,-2.887881,-2.767696,174.570000
0,1,1,1245.052134,21.453430,0.000000,NULL,NULL,NULL,NULL,NULL,3.999406,0.068914,174.570000
0,1,1,1024.381270,-496.853932,0.000000,NULL,NULL,NULL,NULL,NULL,3.599002,-1.745618,174.570000
0,1,1,481.049798,-659.706389,0.000000,NULL,NULL,NULL,NULL,NULL,2.356733,-3.231998,174.570000
0,1,1,-1311.417530,168.173297,0.000000,NULL,NULL,NULL,NULL,NULL,-3.967510,0.508785,174.570000
0,1,1,665.657479,1284.810981,0.000000,NULL,NULL,NULL,NULL,NULL,1.840090,3.551629,174.570000
0,1,1,-1131.614684,-425.518832,0.000000,NULL,NULL,NULL,NULL,NULL,-3.744050,-1.407868,174.570000
0,1,1,593.815799,1319.553687,0.000000,NULL,NULL,NULL,NULL,NULL,1.641497,3.647669,174.570000
0,1,1,-40.589170,815.459348,0.000000,NULL,NULL,NULL,NULL,NULL,-0.198852,3.995054,174.570000
0,1,1,-780.789463,1218.280325,0.000000,NULL,NULL,NULL,NULL,NULL,-2.158352,3.367717,174.570000
0,1,1,1242.826981,451.086789,0.000000,NULL,NULL,NULL,NULL,NULL,3.759999,1.364700,174.570000
0,1,1,1200.183827,-145.522686,0.000000,NULL,NULL,NULL,NULL,NULL,3.970917,-0.481475,174.570000
0,1,1,-149.263888,-1094.188882,0.000000,NULL,NULL,NULL,NULL,NULL,-0.540653,-3.963293,174.570000
0,1,1,-1154.131165,799.044064,0.000000,NULL,NULL,NULL,NULL,NULL,-3.288729,2.276898,174.570000
0,1,1,970.110108,1014.581953,0.000000,NULL,NULL,NULL,NULL,NULL,2.764355,2.891079,174.570000
0,1,1,-1020.054039,-578.567921,0.000000,NULL,NULL,NULL,NULL,NULL,-3.479302,-1.973437,174.570000
0,1,1,-836.319107,-772.522600,0.000000,NULL,NULL,NULL,NULL,NULL,-2.938276,-2.714137,174.570000
0,1,1,-864.153667,-741.255189,0.000000,NULL,NULL,NULL,NULL,NULL,-3.036068,-2.604283,174.570000
0,1,1,-1219.568028,-251.533081,0.000000,NULL,NULL,NULL,NULL,NULL,-3.917545,-0.807985,174.570000
0,1,1,641.924533,1296.831535,0.000000,NULL,NULL,NULL,NULL,NULL,1.774485,3.584858,174.570000
0,1,1,569.456272,1330.247605,0.000000,NULL,NULL,NULL,NULL,NULL,1.574159,3.677230,174.570000
0,1,1,-1123.976123,840.932718,0.000000,NULL,NULL,NULL,NULL,NULL,-3.202801,2.396261,174.570000
0,1,1,-850.380107,-757.016836,0.000000,NULL,NULL,NULL,NULL,NULL,-2.987677,-2.659659,174.570000
0,1,1,1268.283486,198.329199,0.000000,NULL,NULL,NULL,NULL,NULL,3.951972,0.617994,174.570000
0,1,1,1139.052300,-278.946123,0.000000,NULL,NULL,NULL,NULL,NULL,3.885194,-0.951457,174.570000
0,1,1,-1223.986191,-229.069576,0.000000,NULL,NULL,NULL,NULL,NULL,-3.931737,-0.735826,174.570000
0,1,1,-1283.166887,-36.881026,0.000000,NULL,NULL,NULL,NULL,NULL,-3.998349,-0.114921,174.570000
0,1,1,-1304.348575,216.270647,0.000000,NULL,NULL,NULL,NULL,NULL,-3.946124,0.654297,174.570000
0,1,1,229.256360,-1080.264106,0.000000,NULL,NULL,NULL,NULL,NULL,0.830396,-3.912856,174.570000
0,1,1,-1214.737634,-273.911564,0.000000,NULL,NULL,NULL,NULL,NULL,-3.902029,-0.879870,174.570000
0,1,1,1023.510661,414.674506,0.000000,NULL,NULL,NULL,NULL,NULL,3.707288,1.502005,174.570000
0,1,1,-1139.246331,-404.642889,0.000000,NULL,NULL,NULL,NULL,NULL,-3.769300,-1.338798,174.570000
0,1,1,1244.447303,44.339308,0.000000,NULL,NULL,NULL,NULL,NULL,3.997463,0.142429,174.570000
0,1,1,-825.048743,1188.753005,0.000000,NULL,NULL,NULL,NULL,NULL,-2.280699,3.286094,174.570000
0,1,1,-1308.104131,192.254464,0.000000,NULL,NULL,NULL,NULL,NULL,-3.957486,0.581639,174.570000
0,1,1,308.009487,-1060.499493,0.000000,NULL,NULL,NULL,NULL,NULL,1.115650,-3.841266,174.570000
0,1,1,929.072125,-596.953939,0.000000,NULL,NULL,NULL,NULL,NULL,3.365219,-2.162244,174.570000
0,1,1,951.293699,1032.245348,0.000000,NULL,NULL,NULL,NULL,NULL,2.710738,2.941412,174.570000
0,1,1,-148.136112,-802.917879,0.000000,NULL,NULL,NULL,NULL,NULL,-0.725740,-3.933612,174.570000
0,1,1,-970.422282,-527.076478,0.000000,NULL,NULL,NULL,NULL,NULL,-3.514995,-1.909139,174.570000
0,1,1,1234.323987,473.859148,0.000000,NULL,NULL,NULL,NULL,NULL,3.734275,1.433595,174.570000
0,1,1,-1030.518251,-559.717085,0.000000,NULL,NULL,NULL,NULL,NULL,-3.514995,-1.909139,174.570000
0,1,1,460.103769,-1003.909129,0.000000,NULL,NULL,NULL,NULL,NULL,1.666555,-3.636288,174.570000
0,1,1,-1040.634135,-540.677056,0.000000,NULL,NULL,NULL,NULL,NULL,-3.549499,-1.844195,174.570000
0,1,1,1041.954428,-458.859223,0.000000,NULL,NULL,NULL,NULL,NULL,3.660743,-1.612130,174.570000
0,1,1,1141.559309,744.629103,0.000000,NULL,NULL,NULL,NULL,NULL,3.350263,2.185347,174.570000
0,1,1,385.097534,-1035.001888,0.000000,NULL,NULL,NULL,NULL,NULL,1.394873,-3.748910,174.570000
0,1,1,-804.716076,-138.034290,0.000000,NULL,NULL,NULL,NULL,NULL,-3.942421,-0.676250,174.570000
0,1,1,-712.440420,1259.471232,0.000000,NULL,NULL,NULL,NULL,NULL,-1.969413,3.481582,174.570000
0,1,1,-1248.618361,546.426891,0.000000,NULL,NULL,NULL,NULL,NULL,-3.664461,1.603660,174.570000
0,1,1,1143.988042,-257.958216,0.000000,NULL,NULL,NULL,NULL,NULL,3.902029,-0.879870,174.570000
0,1,1,-7.598095,-1104.296739,0.000000,NULL,NULL,NULL,NULL,NULL,-0.027521,-3.999905,174.570000
0,1,1,1065.666021,-400.720286,0.000000,NULL,NULL,NULL,NULL,NULL,3.744050,-1.407868,174.570000
0,1,1,1127.676838,765.490108,0.000000,NULL,NULL,NULL,NULL,NULL,3.309520,2.246570,174.570000
0,1,1,-1227.990629,-206.528642,0.000000,NULL,NULL,NULL,NULL,NULL,-3.944601,-0.663420,174.570000
0,1,1,1155.055918,723.516403,0.000000,NULL,NULL,NULL,NULL,NULL,3.389873,2.123385,174.570000
0,1,1,-1283.628058,-13.284574,0.000000,NULL,NULL,NULL,NULL,NULL,-3.999786,-0.041395,174.570000
0,1,1,1264.422979,221.612277,0.000000,NULL,NULL,NULL,NULL,NULL,3.939943,0.690544,174.570000
0,1,1,-1267.862368,500.155149,0.000000,NULL,NULL,NULL,NULL,NULL,-3.720938,1.467862,174.570000
0,1,1,-1146.492896,-383.630172,0.000000,NULL,NULL,NULL,NULL,NULL,-3.793276,-1.269275,174.570000
0,1,1,-1300.152130,240.213727,0.000000,NULL,NULL,NULL,NULL,NULL,-3.933428,0.726733,174.570000
0,1,1,-1258.453052,523.379474,0.000000,NULL,NULL,NULL,NULL,NULL,-3.693324,1.536021,174.570000
0,1,1,-481.049798,-659.706389,0.000000,NULL,NULL,NULL,NULL,NULL,-2.356733,-3.231998,174.570000
0,1,1,-1283.655345,10.316369,0.000000,NULL,NULL,NULL,NULL,NULL,-3.999871,0.032146,174.570000
0,1,1,-689.165423,1272.356143,0.000000,NULL,NULL,NULL,NULL,NULL,-1.905074,3.517200,174.570000
0,1,1,-1295.516217,264.075611,0.000000,NULL,NULL,NULL,NULL,NULL,-3.919403,0.798924,174.570000
0,1,1,1058.118925,-420.244164,0.000000,NULL,NULL,NULL,NULL,NULL,3.717534,-1.476462,174.570000
0,1,1,932.155740,1049.559830,0.000000,NULL,NULL,NULL,NULL,NULL,2.656203,2.990750,174.570000
0,1,1,470.176622,1368.492996,0.000000,NULL,NULL,NULL,NULL,NULL,1.299719,3.782953,174.570000
0,1,1,1243.421833,67.210198,0.000000,NULL,NULL,NULL,NULL,NULL,3.994169,0.215895,174.570000
0,1,1,-903.703646,-692.488655,0.000000,NULL,NULL,NULL,NULL,NULL,-3.175020,-2.432950,174.570000
0,1,1,-758.260184,1232.428752,0.000000,NULL,NULL,NULL,NULL,NULL,-2.096074,3.406828,174.570000
0,1,1,-1092.301531,881.684482,0.000000,NULL,NULL,NULL,NULL,NULL,-3.112543,2.512384,174.570000
0,1,1,1050.214170,-439.625993,0.000000,NULL,NULL,NULL,NULL,NULL,3.689762,-1.544557,174.570000
0,1,1,544.904262,1340.491880,0.000000,NULL,NULL,NULL,NULL,NULL,1.506290,3.705549,174.570000
0,1,1,-1075.907708,901.616750,0.000000,NULL,NULL,NULL,NULL,NULL,-3.065829,2.569182,174.570000
0,1,1,1225.403774,496.471336,0.000000,NULL,NULL,NULL,NULL,NULL,3.707288,1.502005,174.570000
0,1,1,1202.656331,-123.433464,0.000000,NULL,NULL,NULL,NULL,NULL,3.979098,-0.408391,174.570000
0,1,1,-877.635132,-725.242988,0.000000,NULL,NULL,NULL,NULL,NULL,-3.083433,-2.548027,174.570000
0,1,1,444.938273,1376.905614,0.000000,NULL,NULL,NULL,NULL,NULL,1.229952,3.806208,174.570000
0,1,1,-890.819943,-708.985645,0.000000,NULL,NULL,NULL,NULL,NULL,-3.129756,-2.490909,174.570000
0,1,1,-1238.361619,569.289607,0.000000,NULL,NULL,NULL,NULL,NULL,-3.634359,1.670758,174.570000
0,1,1,1204.722320,-101.302520,0.000000,NULL,NULL,NULL,NULL,NULL,3.985933,-0.335169,174.570000
0,1,1,419.549528,1384.852818,0.000000,NULL,NULL,NULL,NULL,NULL,1.159769,3.828177,174.570000
0,1,1,-735.474602,1246.160602,0.000000,NULL,NULL,NULL,NULL,NULL,-2.033087,3.444787,174.570000
0,1,1,585.143238,-936.555609,0.000000,NULL,NULL,NULL,NULL,NULL,2.119464,-3.392325,174.570000
0,1,1,1113.413197,786.092367,0.000000,NULL,NULL,NULL,NULL,NULL,3.267659,2.307034,174.570000
0,1,1,-1231.579990,-183.917899,0.000000,NULL,NULL,NULL,NULL,NULL,-3.956131,-0.590788,174.570000
0,1,1,520.168066,1350.283051,0.000000,NULL,NULL,NULL,NULL,NULL,1.437911,3.732615,174.570000
0,1,1,-728.572753,-368.514820,0.000000,NULL,NULL,NULL,NULL,NULL,-3.569384,-1.805408,174.570000
0,1,1,-617.974608,1308.413742,0.000000,NULL,NULL,NULL,NULL,NULL,-1.708280,3.616874,174.570000
0,1,1,912.702699,1066.519547,0.000000,NULL,NULL,NULL,NULL,NULL,2.600771,3.039077,174.570000
0,1,1,-916.281883,-675.757594,0.000000,NULL,NULL,NULL,NULL,NULL,-3.219212,-2.374168,174.570000
0,1,1,-1108.326142,861.454192,0.000000,NULL,NULL,NULL,NULL,NULL,-3.158206,2.454737,174.570000
0,1,1,1260.135080,244.820447,0.000000,NULL,NULL,NULL,NULL,NULL,3.926582,0.762861,174.570000
0,1,1,-1283.248738,33.913825,0.000000,NULL,NULL,NULL,NULL,NULL,-3.998604,0.105675,174.570000
0,1,1,-1059.807355,-502.055228,0.000000,NULL,NULL,NULL,NULL,NULL,-3.614897,-1.712460,174.570000
0,1,1,-1290.442401,287.848235,0.000000,NULL,NULL,NULL,NULL,NULL,-3.904053,0.870845,174.570000
0,1,1,1250.283046,290.980713,0.000000,NULL,NULL,NULL,NULL,NULL,3.895883,0.906696,174.570000
0,1,1,-1059.150213,921.244260,0.000000,NULL,NULL,NULL,NULL,NULL,-3.018078,2.625111,174.570000
0,1,1,-593.815799,1319.553687,0.000000,NULL,NULL,NULL,NULL,NULL,-1.641497,3.647669,174.570000
0,1,1,1255.421238,267.945865,0.000000,NULL,NULL,NULL,NULL,NULL,3.911893,0.834919,174.570000
0,1,1,495.256046,1359.617808,0.000000,NULL,NULL,NULL,NULL,NULL,1.369046,3.758419,174.570000
0,1,1,1241.976069,90.058371,0.000000,NULL,NULL,NULL,NULL,NULL,3.989525,0.289289,174.570000
0,1,1,699.080521,-421.791245,0.000000,NULL,NULL,NULL,NULL,NULL,3.424897,-2.066417,174.570000
0,1,1,-1227.686295,591.959896,0.000000,NULL,NULL,NULL,NULL,NULL,-3.603029,1.737291,174.570000
0,1,1,-229.256360,-1080.264106,0.000000,NULL,NULL,NULL,NULL,NULL,-0.830396,-3.912856,174.570000
0,1,1,-569.456272,1330.247605,0.000000,NULL,NULL,NULL,NULL,NULL,-1.574159,3.677230,174.570000
0,1,1,-1050.398269,-521.454272,0.000000,NULL,NULL,NULL,NULL,NULL,-3.582804,-1.778628,174.570000
0,1,1,-665.657479,1284.810981,0.000000,NULL,NULL,NULL,NULL,NULL,-1.840090,3.551629,174.570000
0,1,1,1206.381097,-79.137334,0.000000,NULL,NULL,NULL,NULL,NULL,3.991421,-0.261833,174.570000
0,1,1,1148.537100,-236.883116,0.000000,NULL,NULL,NULL,NULL,NULL,3.917545,-0.807985,174.570000
0,1,1,-1165.898269,-319.842613,0.000000,NULL,NULL,NULL,NULL,NULL,-3.857480,-1.058228,174.570000
0,1,1,1072.852907,-381.060960,0.000000,NULL,NULL,NULL,NULL,NULL,3.769300,-1.338798,174.570000
0,1,1,-1234.753060,-161.244989,0.000000,NULL,NULL,NULL,NULL,NULL,-3.966323,-0.517958,174.570000
0,1,1,1152.697937,-215.727946,0.000000,NULL,NULL,NULL,NULL,NULL,3.931737,-0.735826,174.570000
0,1,1,872.877780,1099.351874,0.000000,NULL,NULL,NULL,NULL,NULL,2.487289,3.132633,174.570000
0,1,1,1216.069358,518.915709,0.000000,NULL,NULL,NULL,NULL,NULL,3.679048,1.569907,174.570000
0,1,1,-1068.858211,-482.486483,0.000000,NULL,NULL,NULL,NULL,NULL,-3.645769,-1.645713,174.570000
0,1,1,-1042.034711,940.560377,0.000000,NULL,NULL,NULL,NULL,NULL,-2.969307,2.680153,174.570000
0,1,1,-818.055127,-741.832075,0.000000,NULL,NULL,NULL,NULL,NULL,-2.963101,-2.687012,174.570000
0,1,1,-952.141820,-624.216925,0.000000,NULL,NULL,NULL,NULL,NULL,-3.345200,-2.193088,174.570000
0,1,1,-641.924533,1296.831535,0.000000,NULL,NULL,NULL,NULL,NULL,-1.774485,3.584858,174.570000
0,1,1,-1284.932398,311.523562,0.000000,NULL,NULL,NULL,NULL,NULL,-3.887383,0.942471,174.570000
0,1,1,-1282.408376,57.499817,0.000000,NULL,NULL,NULL,NULL,NULL,-3.995985,0.179169,174.570000
0,1,1,-1153.351931,-362.487782,0.000000,NULL,NULL,NULL,NULL,NULL,-3.815969,-1.199324,174.570000
0,1,1,-1159.821118,-341.222866,0.000000,NULL,NULL,NULL,NULL,NULL,-3.837373,-1.128967,174.570000
0,1,1,1092.228629,-321.336953,0.000000,NULL,NULL,NULL,NULL,NULL,3.837373,-1.128967,174.570000
0,1,1,1244.722242,313.917206,0.000000,NULL,NULL,NULL,NULL,NULL,3.878555,0.978166,174.570000
0,1,1,1240.110499,112.876102,0.000000,NULL,NULL,NULL,NULL,NULL,3.983533,0.362585,174.570000
0,1,1,264.542529,1422.623065,0.000000,NULL,NULL,NULL,NULL,NULL,0.731280,3.932586,174.570000
0,1,1,-470.176622,1368.492996,0.000000,NULL,NULL,NULL,NULL,NULL,-1.299719,3.782953,174.570000
0,1,1,1079.677155,-361.272829,0.000000,NULL,NULL,NULL,NULL,NULL,3.793276,-1.269275,174.570000
0,1,1,394.018970,1392.331924,0.000000,NULL,NULL,NULL,NULL,NULL,1.089195,3.848851,174.570000
0,1,1,-308.009487,-1060.499493,0.000000,NULL,NULL,NULL,NULL,NULL,-1.115650,-3.841266,174.570000
0,1,1,-928.550406,-658.798118,0.000000,NULL,NULL,NULL,NULL,NULL,-3.262316,-2.314583,174.570000
0,1,1,1237.825756,135.655680,0.000000,NULL,NULL,NULL,NULL,NULL,3.976193,0.435759,174.570000
0,1,1,852.519362,1115.213387,0.000000,NULL,NULL,NULL,NULL,NULL,2.429277,3.177831,174.570000
0,1,1,-514.747850,-977.017742,0.000000,NULL,NULL,NULL,NULL,NULL,-1.864483,-3.538884,174.570000
0,1,1,238.343786,1427.246081,0.000000,NULL,NULL,NULL,NULL,NULL,0.658859,3.945365,174.570000
0,1,1,-1024.566987,959.558571,0.000000,NULL,NULL,NULL,NULL,NULL,-2.919532,2.734289,174.570000
0,1,1,-532.622713,-967.389303,0.000000,NULL,NULL,NULL,NULL,NULL,-1.929228,-3.504009,174.570000
0,1,1,1207.632101,-56.945399,0.000000,NULL,NULL,NULL,NULL,NULL,3.995560,-0.188409,174.570000
0,1,1,1103.622588,39.321763,0.000000,NULL,NULL,NULL,NULL,NULL,3.997463,0.142429,174.570000
0,1,1,1083.761816,826.492881,0.000000,NULL,NULL,NULL,NULL,NULL,3.180638,2.425602,174.570000
0,1,1,-1171.581330,-298.354248,0.000000,NULL,NULL,NULL,NULL,NULL,-3.876283,-0.987132,174.570000
0,1,1,-1077.547778,-462.754651,0.000000,NULL,NULL,NULL,NULL,NULL,-3.675408,-1.578410,174.570000
0,1,1,-444.938273,1376.905614,0.000000,NULL,NULL,NULL,NULL,NULL,-1.229952,3.806208,174.570000
0,1,1,1156.469146,-194.499858,0.000000,NULL,NULL,NULL,NULL,NULL,3.944601,-0.663420,174.570000
0,1,1,1086.136457,-341.362584,0.000000,NULL,NULL,NULL,NULL,NULL,3.815969,-1.199324,174.570000
0,1,1,1196.170675,563.270727,0.000000,NULL,NULL,NULL,NULL,NULL,3.618847,1.704097,174.570000
0,1,1,971.638461,524.831134,0.000000,NULL,NULL,NULL,NULL,NULL,3.519400,1.901006,174.570000
0,1,1,-419.549528,1384.852818,0.000000,NULL,NULL,NULL,NULL,NULL,-1.159769,3.828177,174.570000
0,1,1,-1085.873120,-442.866401,0.000000,NULL,NULL,NULL,NULL,NULL,-3.703805,-1.510573,174.570000
0,1,1,212.064479,1431.386668,0.000000,NULL,NULL,NULL,NULL,NULL,0.586214,3.956811,174.570000
0,1,1,-1237.508766,-138.517576,0.000000,NULL,NULL,NULL,NULL,NULL,-3.975175,-0.444952,174.570000
0,1,1,368.355228,1399.340402,0.000000,NULL,NULL,NULL,NULL,NULL,1.018252,3.868225,174.570000
0,1,1,1206.323894,541.184682,0.000000,NULL,NULL,NULL,NULL,NULL,3.649564,1.637279,174.570000
0,1,1,-1239.846178,-115.743342,0.000000,NULL,NULL,NULL,NULL,NULL,-3.982684,-0.371795,174.570000
0,1,1,185.713492,1435.043426,0.000000,NULL,NULL,NULL,NULL,NULL,0.513372,3.966919,174.570000
0,1,1,892.941153,1083.118765,0.000000,NULL,NULL,NULL,NULL,NULL,2.544460,3.086377,174.570000
0,1,1,652.375380,-891.030517,0.000000,NULL,NULL,NULL,NULL,NULL,2.362988,-3.227428,174.570000
0,1,1,1098.773207,806.428916,0.000000,NULL,NULL,NULL,NULL,NULL,3.224693,2.366718,174.570000
0,1,1,-1278.988070,335.093589,0.000000,NULL,NULL,NULL,NULL,NULL,-3.869400,1.013779,174.570000
0,1,1,-1281.134542,81.066374,0.000000,NULL,NULL,NULL,NULL,NULL,-3.992016,0.252603,174.570000
0,1,1,-544.904262,1340.491880,0.000000,NULL,NULL,NULL,NULL,NULL,-1.506290,3.705549,174.570000
0,1,1,342.566977,1405.875884,0.000000,NULL,NULL,NULL,NULL,NULL,0.946965,3.886291,174.570000
0,1,1,159.299731,1438.215120,0.000000,NULL,NULL,NULL,NULL,NULL,0.440355,3.975687,174.570000
0,1,1,-940.505065,-641.615959,0.000000,NULL,NULL,NULL,NULL,NULL,-3.304316,-2.254217,174.570000
0,1,1,-1193.185606,658.739908,0.000000,NULL,NULL,NULL,NULL,NULL,-3.501776,1.933278,174.570000
0,1,1,-963.456739,-606.606898,0.000000,NULL,NULL,NULL,NULL,NULL,-3.384954,-2.131218,174.570000
0,1,1,91.261230,1100.545504,0.000000,NULL,NULL,NULL,NULL,NULL,0.330560,3.986318,174.570000
0,1,1,1238.740704,336.747590,0.000000,NULL,NULL,NULL,NULL,NULL,3.859917,1.049306,174.570000
0,1,1,-1006.752945,978.232421,0.000000,NULL,NULL,NULL,NULL,NULL,-2.868770,2.787500,174.570000
0,1,1,-128.126388,-806.352936,0.000000,NULL,NULL,NULL,NULL,NULL,-0.627710,-3.950441,174.570000
0,1,1,-988.598606,996.575615,0.000000,NULL,NULL,NULL,NULL,NULL,-2.817039,2.839770,174.570000
0,1,1,-520.168066,1350.283051,0.000000,NULL,NULL,NULL,NULL,NULL,-1.437911,3.732615,174.570000
0,1,1,316.662933,1411.936161,0.000000,NULL,NULL,NULL,NULL,NULL,0.875358,3.903044,174.570000
0,1,1,1068.384099,846.277480,0.000000,NULL,NULL,NULL,NULL,NULL,3.135507,2.483666,174.570000
0,1,1,-1176.868380,-276.765035,0.000000,NULL,NULL,NULL,NULL,NULL,-3.893776,-0.915702,174.570000
0,1,1,-816.461714,3.420219,0.000000,NULL,NULL,NULL,NULL,NULL,-3.999965,0.016756,174.570000
0,1,1,1208.474908,-34.734215,0.000000,NULL,NULL,NULL,NULL,NULL,3.998349,-0.114921,174.570000
0,1,1,-1093.831421,-422.828457,0.000000,NULL,NULL,NULL,NULL,NULL,-3.730950,-1.442226,174.570000
0,1,1,1159.849453,-173.206025,0.000000,NULL,NULL,NULL,NULL,NULL,3.956131,-0.590788,174.570000
0,1,1,1235.122610,158.389404,0.000000,NULL,NULL,NULL,NULL,NULL,3.967510,0.508785,174.570000
0,1,1,-264.542529,1422.623065,0.000000,NULL,NULL,NULL,NULL,NULL,-0.731280,3.932586,174.570000
0,1,1,-385.097534,-1035.001888,0.000000,NULL,NULL,NULL,NULL,NULL,-1.394873,-3.748910,174.570000
0,1,1,-495.256046,1359.617808,0.000000,NULL,NULL,NULL,NULL,NULL,-1.369046,3.758419,174.570000
0,1,1,290.651853,1417.519184,0.000000,NULL,NULL,NULL,NULL,NULL,0.803455,3.918477,174.570000
0,1,1,-238.343786,1427.246081,0.000000,NULL,NULL,NULL,NULL,NULL,-0.658859,3.945365,174.570000
0,1,1,-1216.595996,614.430094,0.000000,NULL,NULL,NULL,NULL,NULL,-3.570481,1.803237,174.570000
0,1,1,1185.613135,585.166379,0.000000,NULL,NULL,NULL,NULL,NULL,3.586907,1.770339,174.570000
0,1,1,870.350333,-679.720028,0.000000,NULL,NULL,NULL,NULL,NULL,3.152521,-2.462034,174.570000
0,1,1,-212.064479,1431.386668,0.000000,NULL,NULL,NULL,NULL,NULL,-0.586214,3.956811,174.570000
0,1,1,-185.713492,1435.043426,0.000000,NULL,NULL,NULL,NULL,NULL,-0.513372,3.966919,174.570000
0,1,1,810.945015,1145.800307,0.000000,NULL,NULL,NULL,NULL,NULL,2.310810,3.264990,174.570000
0,1,1,-1241.764504,-92.929986,0.000000,NULL,NULL,NULL,NULL,NULL,-3.988846,-0.298513,174.570000
0,1,1,-159.299731,1438.215120,0.000000,NULL,NULL,NULL,NULL,NULL,-0.440355,3.975687,174.570000
0,1,1,-970.110108,1014.581953,0.000000,NULL,NULL,NULL,NULL,NULL,-2.764355,2.891079,174.570000
0,1,1,-1023.510661,414.674506,0.000000,NULL,NULL,NULL,NULL,NULL,-3.707288,1.502005,174.570000
0,1,1,-1180.873429,680.564546,0.000000,NULL,NULL,NULL,NULL,NULL,-3.465642,1.997329,174.570000
0,1,1,-1279.427667,104.605529,0.000000,NULL,NULL,NULL,NULL,NULL,-3.986697,0.325951,174.570000
0,1,1,1097.951614,-301.202706,0.000000,NULL,NULL,NULL,NULL,NULL,3.857480,-1.058228,174.570000
0,1,1,-460.103769,-1003.909129,0.000000,NULL,NULL,NULL,NULL,NULL,-1.666555,-3.636288,174.570000
0,1,1,1167.634196,-109.002138,0.000000,NULL,NULL,NULL,NULL,NULL,3.982684,-0.371795,174.570000
0,1,1,1165.432921,-130.449939,0.000000,NULL,NULL,NULL,NULL,NULL,3.975175,-0.444952,174.570000
0,1,1,-1277.288328,128.109326,0.000000,NULL,NULL,NULL,NULL,NULL,-3.980031,0.399189,174.570000
0,1,1,725.459764,374.605871,0.000000,NULL,NULL,NULL,NULL,NULL,3.554133,1.835249,174.570000
0,1,1,1232.340455,359.464149,0.000000,NULL,NULL,NULL,NULL,NULL,3.839974,1.120091,174.570000
0,1,1,1050.427317,-340.780678,0.000000,NULL,NULL,NULL,NULL,NULL,3.804783,-1.234352,174.570000
0,1,1,716.080823,-840.688571,0.000000,NULL,NULL,NULL,NULL,NULL,2.593737,-3.045083,174.570000
0,1,1,-1181.757633,-255.082272,0.000000,NULL,NULL,NULL,NULL,NULL,-3.909952,-0.843963,174.570000
0,1,1,-394.018970,1392.331924,0.000000,NULL,NULL,NULL,NULL,NULL,-1.089195,3.848851,174.570000
0,1,1,1162.837715,-151.853646,0.000000,NULL,NULL,NULL,NULL,NULL,3.966323,-0.517958,174.570000
0,1,1,789.743139,1160.515375,0.000000,NULL,NULL,NULL,NULL,NULL,2.250395,3.306921,174.570000
0,1,1,1225.523658,382.059205,0.000000,NULL,NULL,NULL,NULL,NULL,3.818732,1.190497,174.570000
0,1,1,1208.909235,-12.511291,0.000000,NULL,NULL,NULL,NULL,NULL,3.999786,-0.041395,174.570000
0,1,1,1036.550600,884.981927,0.000000,NULL,NULL,NULL,NULL,NULL,3.042082,2.597256,174.570000
0,1,1,-974.445996,-588.791828,0.000000,NULL,NULL,NULL,NULL,NULL,-3.423563,-2.068627,174.570000
0,1,1,-1186.247436,-233.313288,0.000000,NULL,NULL,NULL,NULL,NULL,-3.924807,-0.771938,174.570000
0,1,1,831.872781,1130.697943,0.000000,NULL,NULL,NULL,NULL,NULL,2.370444,3.221955,174.570000
0,1,1,-1205.094470,636.692606,0.000000,NULL,NULL,NULL,NULL,NULL,-3.536726,1.868573,174.570000
0,1,1,1232.001976,181.069591,0.000000,NULL,NULL,NULL,NULL,NULL,3.957486,0.581639,174.570000
0,1,1,-368.355228,1399.340402,0.000000,NULL,NULL,NULL,NULL,NULL,-1.018252,3.868225,174.570000
0,1,1,-951.293699,1032.245348,0.000000,NULL,NULL,NULL,NULL,NULL,-2.710738,2.941412,174.570000
0,1,1,1208.934933,9.715863,0.000000,NULL,NULL,NULL,NULL,NULL,3.999871,0.032146,174.570000
0,1,1,768.274319,1174.838173,0.000000,NULL,NULL,NULL,NULL,NULL,2.189219,3.347734,174.570000
0,1,1,128.126388,-806.352936,0.000000,NULL,NULL,NULL,NULL,NULL,0.627710,-3.950441,174.570000
0,1,1,132.832124,1440.900678,0.000000,NULL,NULL,NULL,NULL,NULL,0.367191,3.983111,174.570000
0,1,1,1174.654841,606.864237,0.000000,NULL,NULL,NULL,NULL,NULL,3.553754,1.835983,174.570000
0,1,1,-342.566977,1405.875884,0.000000,NULL,NULL,NULL,NULL,NULL,-0.946965,3.886291,174.570000
0,1,1,-1243.263097,-70.085217,0.000000,NULL,NULL,NULL,NULL,NULL,-3.993660,-0.225131,174.570000
0,1,1,1103.303475,-280.966648,0.000000,NULL,NULL,NULL,NULL,NULL,3.876283,-0.987132,174.570000
0,1,1,106.319618,1443.099191,0.000000,NULL,NULL,NULL,NULL,NULL,0.293901,3.989188,174.570000
0,1,1,-91.261230,1100.545504,0.000000,NULL,NULL,NULL,NULL,NULL,-0.330560,3.986318,174.570000
0,1,1,-1168.162101,702.159144,0.000000,NULL,NULL,NULL,NULL,NULL,-3.428337,2.060705,174.570000
0,1,1,-316.662933,1411.936161,0.000000,NULL,NULL,NULL,NULL,NULL,-0.875358,3.903044,174.570000
0,1,1,79.771175,1444.809917,0.000000,NULL,NULL,NULL,NULL,NULL,0.220513,3.993917,174.570000
0,1,1,1052.645254,865.776026,0.000000,NULL,NULL,NULL,NULL,NULL,3.089316,2.540890,174.570000
0,1,1,1169.440794,-87.517493,0.000000,NULL,NULL,NULL,NULL,NULL,3.988846,-0.298513,174.570000
0,1,1,-290.651853,1417.519184,0.000000,NULL,NULL,NULL,NULL,NULL,-0.803455,3.918477,174.570000
0,1,1,53.195768,1446.032277,0.000000,NULL,NULL,NULL,NULL,NULL,0.147050,3.997296,174.570000
0,1,1,-1108.636268,-382.330624,0.000000,NULL,NULL,NULL,NULL,NULL,-3.781448,-1.304092,174.570000
0,1,1,-985.105877,-570.777739,0.000000,NULL,NULL,NULL,NULL,NULL,-3.461014,-2.005338,174.570000
0,1,1,26.602380,1446.765858,0.000000,NULL,NULL,NULL,NULL,NULL,0.073537,3.999324,174.570000
0,1,1,0.000000,1447.010413,0.000000,NULL,NULL,NULL,NULL,NULL,0.000000,4.000000,174.570000
0,1,1,-1272.611427,358.550350,0.000000,NULL,NULL,NULL,NULL,NULL,-3.850108,1.084744,174.570000
0,1,1,882.699465,-663.604305,0.000000,NULL,NULL,NULL,NULL,NULL,3.197251,-2.403660,174.570000
0,1,1,-932.155740,1049.559830,0.000000,NULL,NULL,NULL,NULL,NULL,-2.656203,2.990750,174.570000
0,1,1,-26.602380,1446.765858,0.000000,NULL,NULL,NULL,NULL,NULL,-0.073537,3.999324,174.570000
0,1,1,-53.195768,1446.032277,0.000000,NULL,NULL,NULL,NULL,NULL,-0.147050,3.997296,174.570000
0,1,1,-132.832124,1440.900678,0.000000,NULL,NULL,NULL,NULL,NULL,-0.367191,3.983111,174.570000
0,1,1,-79.771175,1444.809917,0.000000,NULL,NULL,NULL,NULL,NULL,-0.220513,3.993917,174.570000
0,1,1,1020.105577,903.888692,0.000000,NULL,NULL,NULL,NULL,NULL,2.993819,2.652744,174.570000
0,1,1,-106.319618,1443.099191,0.000000,NULL,NULL,NULL,NULL,NULL,-0.293901,3.989188,174.570000
0,1,1,-1190.336271,-211.465440,0.000000,NULL,NULL,NULL,NULL,NULL,-3.938335,-0.699653,174.570000
0,1,1,1112.886721,-240.216492,0.000000,NULL,NULL,NULL,NULL,NULL,3.909952,-0.843963,174.570000
0,1,1,-1005.423210,-534.176923,0.000000,NULL,NULL,NULL,NULL,NULL,-3.532396,-1.876747,174.570000
0,1,1,-1101.419992,-402.647591,0.000000,NULL,NULL,NULL,NULL,NULL,-3.756834,-1.373391,174.570000
0,1,1,1108.282405,-260.635619,0.000000,NULL,NULL,NULL,NULL,NULL,3.893776,-0.915702,174.570000
0,1,1,1228.464908,203.688573,0.000000,NULL,NULL,NULL,NULL,NULL,3.946124,0.654297,174.570000
0,1,1,1208.551994,31.939732,0.000000,NULL,NULL,NULL,NULL,NULL,3.998604,0.105675,174.570000
0,1,1,779.374866,243.302787,0.000000,NULL,NULL,NULL,NULL,NULL,3.818271,1.191976,174.570000
0,1,1,-1244.341449,-47.216759,0.000000,NULL,NULL,NULL,NULL,NULL,-3.997123,-0.151672,174.570000
0,1,1,-1250.909883,428.161957,0.000000,NULL,NULL,NULL,NULL,NULL,-3.784453,1.295344,174.570000
0,1,1,724.564961,1202.287727,0.000000,NULL,NULL,NULL,NULL,NULL,2.064668,3.425952,174.570000
0,1,1,-912.702699,1066.519547,0.000000,NULL,NULL,NULL,NULL,NULL,-2.600771,3.039077,174.570000
0,1,1,1170.852104,-66.003266,0.000000,NULL,NULL,NULL,NULL,NULL,3.993660,-0.225131,174.570000
0,1,1,-1115.477810,-361.884424,0.000000,NULL,NULL,NULL,NULL,NULL,-3.804783,-1.234352,174.570000
0,1,1,-995.432778,-552.570720,0.000000,NULL,NULL,NULL,NULL,NULL,-3.497296,-1.941370,174.570000
0,1,1,1163.299497,628.356966,0.000000,NULL,NULL,NULL,NULL,NULL,3.519400,1.901006,174.570000
0,1,1,775.915179,-785.801917,0.000000,NULL,NULL,NULL,NULL,NULL,2.810465,-2.846276,174.570000
0,1,1,-1258.569960,405.092400,0.000000,NULL,NULL,NULL,NULL,NULL,-3.807627,1.225550,174.570000
0,1,1,1003.315745,922.489931,0.000000,NULL,NULL,NULL,NULL,NULL,2.944544,2.707335,174.570000
0,1,1,-1265.804623,381.885917,0.000000,NULL,NULL,NULL,NULL,NULL,-3.829515,1.155342,174.570000
0,1,1,1117.114865,-219.716169,0.000000,NULL,NULL,NULL,NULL,NULL,3.924807,-0.771938,174.570000
0,1,1,-1194.022755,-189.546115,0.000000,NULL,NULL,NULL,NULL,NULL,-3.950533,-0.627131,174.570000
0,1,1,181.389394,-1056.620634,0.000000,NULL,NULL,NULL,NULL,NULL,0.676777,-3.942331,174.570000
0,1,1,207.605363,-1051.783861,0.000000,NULL,NULL,NULL,NULL,NULL,0.774591,-3.924284,174.570000
0,1,1,155.061268,-1060.804072,0.000000,NULL,NULL,NULL,NULL,NULL,0.578545,-3.957940,174.570000
0,1,1,233.692964,-1046.296743,0.000000,NULL,NULL,NULL,NULL,NULL,0.871926,-3.903812,174.570000
0,1,1,702.339198,1215.405205,0.000000,NULL,NULL,NULL,NULL,NULL,2.001335,3.463331,174.570000
0,1,1,128.637264,-1064.331589,0.000000,NULL,NULL,NULL,NULL,NULL,0.479955,-3.971101,174.570000
0,1,1,497.304160,-647.541505,0.000000,NULL,NULL,NULL,NULL,NULL,2.436366,-3.172400,174.570000
0,1,1,-1274.717247,151.569821,0.000000,NULL,NULL,NULL,NULL,NULL,-3.972020,0.472292,174.570000
0,1,1,102.133720,-1067.201002,0.000000,NULL,NULL,NULL,NULL,NULL,0.381069,-3.981807,174.570000
0,1,1,-872.877780,1099.351874,0.000000,NULL,NULL,NULL,NULL,NULL,-2.487289,3.132633,174.570000
0,1,1,259.636067,-1040.162674,0.000000,NULL,NULL,NULL,NULL,NULL,0.968722,-3.880925,174.570000
0,1,1,75.567024,-1069.410539,0.000000,NULL,NULL,NULL,NULL,NULL,0.281946,-3.990051,174.570000
0,1,1,-1104.322140,-1.276779,0.000000,NULL,NULL,NULL,NULL,NULL,-3.999997,-0.004625,174.570000
0,1,1,-1141.559309,744.629103,0.000000,NULL,NULL,NULL,NULL,NULL,-3.350263,2.185347,174.570000
0,1,1,-1128.027568,-320.632011,0.000000,NULL,NULL,NULL,NULL,NULL,-3.847589,-1.093644,174.570000
0,1,1,-1033.342491,-477.937352,0.000000,NULL,NULL,NULL,NULL,NULL,-3.630486,-1.679158,174.570000
0,1,1,48.953603,-1070.958832,0.000000,NULL,NULL,NULL,NULL,NULL,0.182650,-3.995828,174.570000
0,1,1,1207.760549,54.152805,0.000000,NULL,NULL,NULL,NULL,NULL,3.995985,0.179169,174.570000
0,1,1,1218.292617,404.525119,0.000000,NULL,NULL,NULL,NULL,NULL,3.796201,1.260501,174.570000
0,1,1,-1127.676838,765.490108,0.000000,NULL,NULL,NULL,NULL,NULL,-3.309520,2.246570,174.570000
0,1,1,746.545812,1188.763859,0.000000,NULL,NULL,NULL,NULL,NULL,2.127303,3.387415,174.570000
0,1,1,-1015.073794,-515.602568,0.000000,NULL,NULL,NULL,NULL,NULL,-3.566302,-1.811488,174.570000
0,1,1,1224.512602,226.238706,0.000000,NULL,NULL,NULL,NULL,NULL,3.933428,0.726733,174.570000
0,1,1,-1121.942305,-341.315903,0.000000,NULL,NULL,NULL,NULL,NULL,-3.826833,-1.164194,174.570000
0,1,1,311.024712,-1025.969251,0.000000,NULL,NULL,NULL,NULL,NULL,1.160457,-3.827968,174.570000
0,1,1,1139.413148,670.698051,0.000000,NULL,NULL,NULL,NULL,NULL,3.447135,2.029103,174.570000
0,1,1,1220.146394,248.712367,0.000000,NULL,NULL,NULL,NULL,NULL,3.919403,0.798924,174.570000
0,1,1,1124.437051,-178.499675,0.000000,NULL,NULL,NULL,NULL,NULL,3.950533,-0.627131,174.570000
0,1,1,-1242.826981,451.086789,0.000000,NULL,NULL,NULL,NULL,NULL,-3.759999,1.364700,174.570000
0,1,1,-1244.999198,-24.332342,0.000000,NULL,NULL,NULL,NULL,NULL,-3.999236,-0.078161,174.570000
0,1,1,1171.867651,-44.466728,0.000000,NULL,NULL,NULL,NULL,NULL,3.997123,-0.151672,174.570000
0,1,1,336.438479,-1017.918673,0.000000,NULL,NULL,NULL,NULL,NULL,1.255277,-3.797931,174.570000
0,1,1,22.309913,-1071.844925,0.000000,NULL,NULL,NULL,NULL,NULL,0.083240,-3.999134,174.570000
0,1,1,361.644218,-1009.238691,0.000000,NULL,NULL,NULL,NULL,NULL,1.349322,-3.765545,174.570000
0,1,1,1120.965409,-199.141578,0.000000,NULL,NULL,NULL,NULL,NULL,3.938335,-0.699653,174.570000
0,1,1,-22.309913,-1071.844925,0.000000,NULL,NULL,NULL,NULL,NULL,-0.083240,-3.999134,174.570000
0,1,1,-699.080521,-421.791245,0.000000,NULL,NULL,NULL,NULL,NULL,-3.424897,-2.066417,174.570000
0,1,1,679.876035,1228.111859,0.000000,NULL,NULL,NULL,NULL,NULL,1.937325,3.499539,174.570000
0,1,1,1151.550943,649.637301,0.000000,NULL,NULL,NULL,NULL,NULL,3.483856,1.965387,174.570000
0,1,1,-852.519362,1115.213387,0.000000,NULL,NULL,NULL,NULL,NULL,-2.429277,3.177831,174.570000
0,1,1,-585.143238,-936.555609,0.000000,NULL,NULL,NULL,NULL,NULL,-2.119464,-3.392325,174.570000
0,1,1,986.186778,940.779355,0.000000,NULL,NULL,NULL,NULL,NULL,2.894273,2.761011,174.570000
0,1,1,-1155.055918,723.516403,0.000000,NULL,NULL,NULL,NULL,NULL,-3.389873,2.123385,174.570000
0,1,1,-48.953603,-1070.958832,0.000000,NULL,NULL,NULL,NULL,NULL,-0.182650,-3.995828,174.570000
0,1,1,386.626344,-999.934671,0.000000,NULL,NULL,NULL,NULL,NULL,1.442532,-3.730831,174.570000
0,1,1,831.554988,-726.667269,0.000000,NULL,NULL,NULL,NULL,NULL,3.011999,-2.632083,174.570000
0,1,1,-1024.381270,-496.853932,0.000000,NULL,NULL,NULL,NULL,NULL,-3.599002,-1.745618,174.570000
0,1,1,-1197.305644,-167.562720,0.000000,NULL,NULL,NULL,NULL,NULL,-3.961394,-0.554396,174.570000
0,1,1,411.369409,-990.012366,0.000000,NULL,NULL,NULL,NULL,NULL,1.534850,-3.693810,174.570000
0,1,1,604.401106,924.244730,0.000000,NULL,NULL,NULL,NULL,NULL,2.189219,3.347734,174.570000
0,1,1,-75.567024,-1069.410539,0.000000,NULL,NULL,NULL,NULL,NULL,-0.281946,-3.990051,174.570000
0,1,1,-1133.731542,-299.839742,0.000000,NULL,NULL,NULL,NULL,NULL,-3.867045,-1.022723,174.570000
0,1,1,-1271.715295,174.979082,0.000000,NULL,NULL,NULL,NULL,NULL,-3.962666,0.545235,174.570000
0,1,1,-1113.413197,786.092367,0.000000,NULL,NULL,NULL,NULL,NULL,-3.267659,2.307034,174.570000
0,1,1,763.185242,798.171225,0.000000,NULL,NULL,NULL,NULL,NULL,2.764355,2.891079,174.570000
0,1,1,435.858113,-979.477912,0.000000,NULL,NULL,NULL,NULL,NULL,1.626219,-3.654506,174.570000
0,1,1,1101.243381,-82.413800,0.000000,NULL,NULL,NULL,NULL,NULL,3.988846,-0.298513,174.570000
0,1,1,-102.133720,-1067.201002,0.000000,NULL,NULL,NULL,NULL,NULL,-0.381069,-3.981807,174.570000
0,1,1,-929.072125,-596.953939,0.000000,NULL,NULL,NULL,NULL,NULL,-3.365219,-2.162244,174.570000
0,1,1,1206.560864,76.347574,0.000000,NULL,NULL,NULL,NULL,NULL,3.992016,0.252603,174.570000
0,1,1,634.267956,1252.275657,0.000000,NULL,NULL,NULL,NULL,NULL,1.807364,3.568394,174.570000
0,1,1,1172.487090,-22.915160,0.000000,NULL,NULL,NULL,NULL,NULL,3.999236,-0.078161,174.570000
0,1,1,-1234.323987,473.859148,0.000000,NULL,NULL,NULL,NULL,NULL,-3.734275,1.433595,174.570000
0,1,1,1126.890216,691.532095,0.000000,NULL,NULL,NULL,NULL,NULL,3.409249,2.092134,174.570000
0,1,1,285.418630,-1033.385447,0.000000,NULL,NULL,NULL,NULL,NULL,1.064918,-3.855639,174.570000
0,1,1,-128.637264,-1064.331589,0.000000,NULL,NULL,NULL,NULL,NULL,-0.479955,-3.971101,174.570000
0,1,1,1210.649776,426.854298,0.000000,NULL,NULL,NULL,NULL,NULL,3.772385,1.330078,174.570000
0,1,1,-1245.052134,21.453430,0.000000,NULL,NULL,NULL,NULL,NULL,-3.999406,0.068914,174.570000
0,1,1,-1245.236119,-1.439699,0.000000,NULL,NULL,NULL,NULL,NULL,-3.999997,-0.004625,174.570000
0,1,1,460.077316,-968.337823,0.000000,NULL,NULL,NULL,NULL,NULL,1.716583,-3.612941,174.570000
0,1,1,968.724467,958.750783,0.000000,NULL,NULL,NULL,NULL,NULL,2.843025,2.813754,174.570000
0,1,1,-892.941153,1083.118765,0.000000,NULL,NULL,NULL,NULL,NULL,-2.544460,3.086377,174.570000
0,1,1,-155.061268,-1060.804072,0.000000,NULL,NULL,NULL,NULL,NULL,-0.578545,-3.957940,174.570000
0,1,1,-810.945015,1145.800307,0.000000,NULL,NULL,NULL,NULL,NULL,-2.310810,3.264990,174.570000
0,1,1,1127.528618,-157.797437,0.000000,NULL,NULL,NULL,NULL,NULL,3.961394,-0.554396,174.570000
0,1,1,950.934714,976.398140,0.000000,NULL,NULL,NULL,NULL,NULL,2.790815,2.865545,174.570000
0,1,1,484.012042,-956.598986,0.000000,NULL,NULL,NULL,NULL,NULL,1.805885,-3.569143,174.570000
0,1,1,611.138457,1263.724633,0.000000,NULL,NULL,NULL,NULL,NULL,1.741456,3.601018,174.570000
0,1,1,-1200.183827,-145.522686,0.000000,NULL,NULL,NULL,NULL,NULL,-3.970917,-0.481475,174.570000
0,1,1,-1139.052300,-278.946123,0.000000,NULL,NULL,NULL,NULL,NULL,-3.885194,-0.951457,174.570000
0,1,1,-181.389394,-1056.620634,0.000000,NULL,NULL,NULL,NULL,NULL,-0.676777,-3.942331,174.570000
0,1,1,507.647490,-944.268660,0.000000,NULL,NULL,NULL,NULL,NULL,1.894071,-3.523137,174.570000
0,1,1,-1268.283486,198.329199,0.000000,NULL,NULL,NULL,NULL,NULL,-3.951972,0.617994,174.570000
0,1,1,1200.517114,142.747079,0.000000,NULL,NULL,NULL,NULL,NULL,3.972020,0.472292,174.570000
0,1,1,-789.743139,1160.515375,0.000000,NULL,NULL,NULL,NULL,NULL,-2.250395,3.306921,174.570000
0,1,1,-207.605363,-1051.783861,0.000000,NULL,NULL,NULL,NULL,NULL,-0.774591,-3.924284,174.570000
0,1,1,657.183064,1240.403395,0.000000,NULL,NULL,NULL,NULL,NULL,1.872661,3.534564,174.570000
0,1,1,1172.710213,-1.355847,0.000000,NULL,NULL,NULL,NULL,NULL,3.999997,-0.004625,174.570000
0,1,1,1194.139167,471.072309,0.000000,NULL,NULL,NULL,NULL,NULL,3.720938,1.467862,174.570000
0,1,1,587.802385,1274.746452,0.000000,NULL,NULL,NULL,NULL,NULL,1.674959,3.632425,174.570000
0,1,1,-1225.403774,496.471336,0.000000,NULL,NULL,NULL,NULL,NULL,-3.707288,1.502005,174.570000
0,1,1,1204.953344,98.516536,0.000000,NULL,NULL,NULL,NULL,NULL,3.986697,0.325951,174.570000
0,1,1,-1041.954428,-458.859223,0.000000,NULL,NULL,NULL,NULL,NULL,-3.660743,-1.612130,174.570000
0,1,1,1185.276980,492.946195,0.000000,NULL,NULL,NULL,NULL,NULL,3.693324,1.536021,174.570000
0,1,1,-768.274319,1174.838173,0.000000,NULL,NULL,NULL,NULL,NULL,-2.189219,3.347734,174.570000
0,1,1,1113.986379,712.132392,0.000000,NULL,NULL,NULL,NULL,NULL,3.370210,2.154457,174.570000
0,1,1,1202.938534,120.652199,0.000000,NULL,NULL,NULL,NULL,NULL,3.980031,0.399189,174.570000
0,1,1,530.969048,-931.354468,0.000000,NULL,NULL,NULL,NULL,NULL,1.981085,-3.474953,174.570000
0,1,1,-1244.447303,44.339308,0.000000,NULL,NULL,NULL,NULL,NULL,-3.997463,0.142429,174.570000
0,1,1,1172.536943,20.203925,0.000000,NULL,NULL,NULL,NULL,NULL,3.999406,0.068914,174.570000
0,1,1,1202.597719,449.039194,0.000000,NULL,NULL,NULL,NULL,NULL,3.747295,1.399206,174.570000
0,1,1,-1065.666021,-400.720286,0.000000,NULL,NULL,NULL,NULL,NULL,-3.744050,-1.407868,174.570000
0,1,1,-233.692964,-1046.296743,0.000000,NULL,NULL,NULL,NULL,NULL,-0.871926,-3.903812,174.570000
0,1,1,932.823531,993.715461,0.000000,NULL,NULL,NULL,NULL,NULL,2.737662,2.916369,174.570000
0,1,1,1215.367760,271.101960,0.000000,NULL,NULL,NULL,NULL,NULL,3.904053,0.870845,174.570000
0,1,1,-831.872781,1130.697943,0.000000,NULL,NULL,NULL,NULL,NULL,-2.370444,3.221955,174.570000
0,1,1,-1083.761816,826.492881,0.000000,NULL,NULL,NULL,NULL,NULL,-3.180638,2.425602,174.570000
0,1,1,-1143.988042,-257.958216,0.000000,NULL,NULL,NULL,NULL,NULL,-3.902029,-0.879870,174.570000
0,1,1,553.962294,-917.864398,0.000000,NULL,NULL,NULL,NULL,NULL,2.066875,-3.424621,174.570000
0,1,1,-1058.118925,-420.244164,0.000000,NULL,NULL,NULL,NULL,NULL,-3.717534,-1.476462,174.570000
0,1,1,-259.636067,-1040.162674,0.000000,NULL,NULL,NULL,NULL,NULL,-0.968722,-3.880925,174.570000
0,1,1,1134.513063,-95.398774,0.000000,NULL,NULL,NULL,NULL,NULL,3.985933,-0.335169,174.570000
0,1,1,-1264.422979,221.612277,0.000000,NULL,NULL,NULL,NULL,NULL,-3.939943,0.690544,174.570000
0,1,1,576.613012,-903.806788,0.000000,NULL,NULL,NULL,NULL,NULL,2.151386,-3.372171,174.570000
0,1,1,1197.689903,164.793709,0.000000,NULL,NULL,NULL,NULL,NULL,3.962666,0.545235,174.570000
0,1,1,-1050.214170,-439.625993,0.000000,NULL,NULL,NULL,NULL,NULL,-3.689762,-1.544557,174.570000
0,1,1,-724.564961,1202.287727,0.000000,NULL,NULL,NULL,NULL,NULL,-2.064668,3.425952,174.570000
0,1,1,1130.239065,-137.041861,0.000000,NULL,NULL,NULL,NULL,NULL,3.970917,-0.481475,174.570000
0,1,1,-1098.773207,806.428916,0.000000,NULL,NULL,NULL,NULL,NULL,-3.224693,2.366718,174.570000
0,1,1,914.397041,1010.696892,0.000000,NULL,NULL,NULL,NULL,NULL,2.683584,2.966206,174.570000
0,1,1,1176.014153,514.653458,0.000000,NULL,NULL,NULL,NULL,NULL,3.664461,1.603660,174.570000
0,1,1,-1103.622588,39.321763,0.000000,NULL,NULL,NULL,NULL,NULL,-3.997463,0.142429,174.570000
0,1,1,1171.967340,41.756867,0.000000,NULL,NULL,NULL,NULL,NULL,3.997463,0.142429,174.570000
0,1,1,-1243.421833,67.210198,0.000000,NULL,NULL,NULL,NULL,NULL,-3.994169,0.215895,174.570000
0,1,1,598.907195,-889.190333,0.000000,NULL,NULL,NULL,NULL,NULL,2.234568,-3.317636,174.570000
0,1,1,-652.375380,-891.030517,0.000000,NULL,NULL,NULL,NULL,NULL,-2.362988,-3.227428,174.570000
0,1,1,-1068.384099,846.277480,0.000000,NULL,NULL,NULL,NULL,NULL,-3.135507,2.483666,174.570000
0,1,1,1087.053567,752.603973,0.000000,NULL,NULL,NULL,NULL,NULL,3.288729,2.276898,174.570000
0,1,1,-971.638461,524.831134,0.000000,NULL,NULL,NULL,NULL,NULL,-3.519400,1.901006,174.570000
0,1,1,1210.178315,293.399917,0.000000,NULL,NULL,NULL,NULL,NULL,3.887383,0.942471,174.570000
0,1,1,-779.374866,243.302787,0.000000,NULL,NULL,NULL,NULL,NULL,-3.818271,1.191976,174.570000
0,1,1,-702.339198,1215.405205,0.000000,NULL,NULL,NULL,NULL,NULL,-2.001335,3.463331,174.570000
0,1,1,-311.024712,-1025.969251,0.000000,NULL,NULL,NULL,NULL,NULL,-1.160457,-3.827968,174.570000
0,1,1,-1216.069358,518.915709,0.000000,NULL,NULL,NULL,NULL,NULL,-3.679048,1.569907,174.570000
0,1,1,-1250.283046,290.980713,0.000000,NULL,NULL,NULL,NULL,NULL,-3.895883,0.906696,174.570000
0,1,1,1132.567476,-116.239963,0.000000,NULL,NULL,NULL,NULL,NULL,3.979098,-0.408391,174.570000
0,1,1,492.551114,1314.489848,0.000000,NULL,NULL,NULL,NULL,NULL,1.403538,3.745675,174.570000
0,1,1,368.412840,1041.057634,0.000000,NULL,NULL,NULL,NULL,NULL,1.334439,3.770845,174.570000
0,1,1,-763.185242,798.171225,0.000000,NULL,NULL,NULL,NULL,NULL,-2.764355,2.891079,174.570000
0,1,1,620.831059,-874.024068,0.000000,NULL,NULL,NULL,NULL,NULL,2.316367,-3.261049,174.570000
0,1,1,-336.438479,-1017.918673,0.000000,NULL,NULL,NULL,NULL,NULL,-1.255277,-3.797931,174.570000
0,1,1,-1204.722320,-101.302520,0.000000,NULL,NULL,NULL,NULL,NULL,-3.985933,-0.335169,174.570000
0,1,1,-1202.656331,-123.433464,0.000000,NULL,NULL,NULL,NULL,NULL,-3.979098,-0.408391,174.570000
0,1,1,-1255.421238,267.945865,0.000000,NULL,NULL,NULL,NULL,NULL,-3.911893,0.834919,174.570000
0,1,1,-679.876035,1228.111859,0.000000,NULL,NULL,NULL,NULL,NULL,-1.937325,3.499539,174.570000
0,1,1,-1260.135080,244.820447,0.000000,NULL,NULL,NULL,NULL,NULL,-3.926582,0.762861,174.570000
0,1,1,-368.412840,1041.057634,0.000000,NULL,NULL,NULL,NULL,NULL,-1.334439,3.770845,174.570000
0,1,1,564.267628,1285.337390,0.000000,NULL,NULL,NULL,NULL,NULL,1.607896,3.662604,174.570000
0,1,1,468.301797,1323.322934,0.000000,NULL,NULL,NULL,NULL,NULL,1.334439,3.770845,174.570000
0,1,1,1194.457856,186.784636,0.000000,NULL,NULL,NULL,NULL,NULL,3.951972,0.617994,174.570000
0,1,1,-1196.170675,563.270727,0.000000,NULL,NULL,NULL,NULL,NULL,-3.618847,1.704097,174.570000
0,1,1,-746.545812,1188.763859,0.000000,NULL,NULL,NULL,NULL,NULL,-2.127303,3.387415,174.570000
0,1,1,1171.001595,63.295695,0.000000,NULL,NULL,NULL,NULL,NULL,3.994169,0.215895,174.570000
0,1,1,-1036.550600,884.981927,0.000000,NULL,NULL,NULL,NULL,NULL,-3.042082,2.597256,174.570000
0,1,1,1166.353818,536.186762,0.000000,NULL,NULL,NULL,NULL,NULL,3.634359,1.670758,174.570000
0,1,1,642.371048,-858.317373,0.000000,NULL,NULL,NULL,NULL,NULL,2.396735,-3.202446,174.570000
0,1,1,-1241.976069,90.058371,0.000000,NULL,NULL,NULL,NULL,NULL,-3.989525,0.289289,174.570000
0,1,1,-361.644218,-1009.238691,0.000000,NULL,NULL,NULL,NULL,NULL,-1.349322,-3.765545,174.570000
0,1,1,-285.418630,-1033.385447,0.000000,NULL,NULL,NULL,NULL,NULL,-1.064918,-3.855639,174.570000
0,1,1,1073.033695,772.461576,0.000000,NULL,NULL,NULL,NULL,NULL,3.246313,2.336974,174.570000
0,1,1,1198.574146,337.690807,0.000000,NULL,NULL,NULL,NULL,NULL,3.850108,1.084744,174.570000
0,1,1,1100.706000,732.491979,0.000000,NULL,NULL,NULL,NULL,NULL,3.330032,2.216052,174.570000
0,1,1,-1072.852907,-381.060960,0.000000,NULL,NULL,NULL,NULL,NULL,-3.769300,-1.338798,174.570000
0,1,1,443.894187,1331.708719,0.000000,NULL,NULL,NULL,NULL,NULL,1.264889,3.794741,174.570000
0,1,1,-634.267956,1252.275657,0.000000,NULL,NULL,NULL,NULL,NULL,-1.807364,3.568394,174.570000
0,1,1,1136.075169,-74.525339,0.000000,NULL,NULL,NULL,NULL,NULL,3.991421,-0.261833,174.570000
0,1,1,-1206.323894,541.184682,0.000000,NULL,NULL,NULL,NULL,NULL,-3.649564,1.637279,174.570000
0,1,1,1204.579813,315.598700,0.000000,NULL,NULL,NULL,NULL,NULL,3.869400,1.013779,174.570000
0,1,1,540.542140,1295.493866,0.000000,NULL,NULL,NULL,NULL,NULL,1.540290,3.691545,174.570000
0,1,1,917.940481,-613.933458,0.000000,NULL,NULL,NULL,NULL,NULL,3.324899,-2.223746,174.570000
0,1,1,-725.459764,374.605871,0.000000,NULL,NULL,NULL,NULL,NULL,-3.554133,1.835249,174.570000
0,1,1,-1244.722242,313.917206,0.000000,NULL,NULL,NULL,NULL,NULL,-3.878555,0.978166,174.570000
0,1,1,876.623158,1043.629243,0.000000,NULL,NULL,NULL,NULL,NULL,2.572725,3.062856,174.570000
0,1,1,-1148.537100,-236.883116,0.000000,NULL,NULL,NULL,NULL,NULL,-3.917545,-0.807985,174.570000
0,1,1,516.633941,1305.212447,0.000000,NULL,NULL,NULL,NULL,NULL,1.472163,3.719239,174.570000
0,1,1,-386.626344,-999.934671,0.000000,NULL,NULL,NULL,NULL,NULL,-1.442532,-3.730831,174.570000
0,1,1,-1092.228629,-321.336953,0.000000,NULL,NULL,NULL,NULL,NULL,-3.837373,-1.128967,174.570000
0,1,1,663.513842,-842.079959,0.000000,NULL,NULL,NULL,NULL,NULL,2.475620,-3.141863,174.570000
0,1,1,-1206.381097,-79.137334,0.000000,NULL,NULL,NULL,NULL,NULL,-3.991421,-0.261833,174.570000
0,1,1,-611.138457,1263.724633,0.000000,NULL,NULL,NULL,NULL,NULL,-1.741456,3.601018,174.570000
0,1,1,-1152.697937,-215.727946,0.000000,NULL,NULL,NULL,NULL,NULL,-3.931737,-0.735826,174.570000
0,1,1,-1052.645254,865.776026,0.000000,NULL,NULL,NULL,NULL,NULL,-3.089316,2.540890,174.570000
0,1,1,-1020.105577,903.888692,0.000000,NULL,NULL,NULL,NULL,NULL,-2.993819,2.652744,174.570000
0,1,1,857.288533,1059.569030,0.000000,NULL,NULL,NULL,NULL,NULL,2.515981,3.109636,174.570000
0,1,1,-1185.613135,585.166379,0.000000,NULL,NULL,NULL,NULL,NULL,-3.586907,1.770339,174.570000
0,1,1,-604.401106,924.244730,0.000000,NULL,NULL,NULL,NULL,NULL,-2.189219,3.347734,174.570000
0,1,1,-411.369409,-990.012366,0.000000,NULL,NULL,NULL,NULL,NULL,-1.534850,-3.693810,174.570000
0,1,1,684.246369,-825.321866,0.000000,NULL,NULL,NULL,NULL,NULL,2.552975,-3.079338,174.570000
0,1,1,1190.822066,208.712427,0.000000,NULL,NULL,NULL,NULL,NULL,3.939943,0.690544,174.570000
0,1,1,-716.080823,-840.688571,0.000000,NULL,NULL,NULL,NULL,NULL,-2.593737,-3.045083,174.570000
0,1,1,1169.640036,84.813129,0.000000,NULL,NULL,NULL,NULL,NULL,3.989525,0.289289,174.570000
0,1,1,-1079.677155,-361.272829,0.000000,NULL,NULL,NULL,NULL,NULL,-3.793276,-1.269275,174.570000
0,1,1,-587.802385,1274.746452,0.000000,NULL,NULL,NULL,NULL,NULL,-1.674959,3.632425,174.570000
0,1,1,-1240.110499,112.876102,0.000000,NULL,NULL,NULL,NULL,NULL,-3.983533,0.362585,174.570000
0,1,1,1058.651123,792.058077,0.000000,NULL,NULL,NULL,NULL,NULL,3.202801,2.396261,174.570000
0,1,1,895.661473,1027.336694,0.000000,NULL,NULL,NULL,NULL,NULL,2.628599,3.015041,174.570000
0,1,1,-1086.136457,-341.362584,0.000000,NULL,NULL,NULL,NULL,NULL,-3.815969,-1.199324,174.570000
0,1,1,-1237.825756,135.655680,0.000000,NULL,NULL,NULL,NULL,NULL,-3.976193,0.435759,174.570000
0,1,1,1192.163345,359.668770,0.000000,NULL,NULL,NULL,NULL,NULL,3.829515,1.155342,174.570000
0,1,1,-657.183064,1240.403395,0.000000,NULL,NULL,NULL,NULL,NULL,-1.872661,3.534564,174.570000
0,1,1,-1238.740704,336.747590,0.000000,NULL,NULL,NULL,NULL,NULL,-3.859917,1.049306,174.570000
0,1,1,-435.858113,-979.477912,0.000000,NULL,NULL,NULL,NULL,NULL,-1.626219,-3.654506,174.570000
0,1,1,1185.349576,381.525160,0.000000,NULL,NULL,NULL,NULL,NULL,3.807627,1.225550,174.570000
0,1,1,-1003.315745,922.489931,0.000000,NULL,NULL,NULL,NULL,NULL,-2.944544,2.707335,174.570000
0,1,1,-870.350333,-679.720028,0.000000,NULL,NULL,NULL,NULL,NULL,-3.152521,-2.462034,174.570000
0,1,1,704.555810,-808.053455,0.000000,NULL,NULL,NULL,NULL,NULL,2.628751,-3.014908,174.570000
0,1,1,-1156.469146,-194.499858,0.000000,NULL,NULL,NULL,NULL,NULL,-3.944601,-0.663420,174.570000
0,1,1,-1207.632101,-56.945399,0.000000,NULL,NULL,NULL,NULL,NULL,-3.995560,-0.188409,174.570000
0,1,1,1137.253266,-53.626714,0.000000,NULL,NULL,NULL,NULL,NULL,3.995560,-0.188409,174.570000
0,1,1,-497.304160,-647.541505,0.000000,NULL,NULL,NULL,NULL,NULL,-2.436366,-3.172400,174.570000
0,1,1,-1174.654841,606.864237,0.000000,NULL,NULL,NULL,NULL,NULL,-3.553754,1.835983,174.570000
0,1,1,319.772224,1366.834257,0.000000,NULL,NULL,NULL,NULL,NULL,0.911200,3.894832,174.570000
0,1,1,1167.883123,106.301894,0.000000,NULL,NULL,NULL,NULL,NULL,3.983533,0.362585,174.570000
0,1,1,1186.783761,230.569671,0.000000,NULL,NULL,NULL,NULL,NULL,3.926582,0.762861,174.570000
0,1,1,-492.551114,1314.489848,0.000000,NULL,NULL,NULL,NULL,NULL,-1.403538,3.745675,174.570000
0,1,1,-460.077316,-968.337823,0.000000,NULL,NULL,NULL,NULL,NULL,-1.716583,-3.612941,174.570000
0,1,1,1043.910712,811.386851,0.000000,NULL,NULL,NULL,NULL,NULL,3.158206,2.454737,174.570000
0,1,1,294.589789,1372.482064,0.000000,NULL,NULL,NULL,NULL,NULL,0.839442,3.910925,174.570000
0,1,1,1145.853814,578.702436,0.000000,NULL,NULL,NULL,NULL,NULL,3.570481,1.803237,174.570000
0,1,1,1138.046956,-32.709961,0.000000,NULL,NULL,NULL,NULL,NULL,3.998349,-0.114921,174.570000
0,1,1,724.429606,-790.285405,0.000000,NULL,NULL,NULL,NULL,NULL,2.702901,-2.948614,174.570000
0,1,1,419.336536,1339.644367,0.000000,NULL,NULL,NULL,NULL,NULL,1.194911,3.817353,174.570000
0,1,1,269.307778,1377.665954,0.000000,NULL,NULL,NULL,NULL,NULL,0.767400,3.925697,174.570000
0,1,1,817.756590,1090.368890,0.000000,NULL,NULL,NULL,NULL,NULL,2.399962,3.200028,174.570000
0,1,1,1165.731449,127.754728,0.000000,NULL,NULL,NULL,NULL,NULL,3.976193,0.435759,174.570000
0,1,1,-986.186778,940.779355,0.000000,NULL,NULL,NULL,NULL,NULL,-2.894273,2.761011,174.570000
0,1,1,1138.455971,-11.782153,0.000000,NULL,NULL,NULL,NULL,NULL,3.999786,-0.041395,174.570000
0,1,1,-1050.427317,-340.780678,0.000000,NULL,NULL,NULL,NULL,NULL,-3.804783,-1.234352,174.570000
0,1,1,1182.344308,252.348979,0.000000,NULL,NULL,NULL,NULL,NULL,3.911893,0.834919,174.570000
0,1,1,-1235.122610,158.389404,0.000000,NULL,NULL,NULL,NULL,NULL,-3.967510,0.508785,174.570000
0,1,1,-468.301797,1323.322934,0.000000,NULL,NULL,NULL,NULL,NULL,-1.334439,3.770845,174.570000
0,1,1,394.637143,1347.127198,0.000000,NULL,NULL,NULL,NULL,NULL,1.124529,3.838676,174.570000
0,1,1,1156.299238,557.538827,0.000000,NULL,NULL,NULL,NULL,NULL,3.603029,1.737291,174.570000
0,1,1,243.934738,1382.384174,0.000000,NULL,NULL,NULL,NULL,NULL,0.695099,3.939142,174.570000
0,1,1,-1232.340455,359.464149,0.000000,NULL,NULL,NULL,NULL,NULL,-3.839974,1.120091,174.570000
0,1,1,-1159.849453,-173.206025,0.000000,NULL,NULL,NULL,NULL,NULL,-3.956131,-0.590788,174.570000
0,1,1,-1208.474908,-34.734215,0.000000,NULL,NULL,NULL,NULL,NULL,-3.998349,-0.114921,174.570000
0,1,1,475.505893,663.713473,0.000000,NULL,NULL,NULL,NULL,NULL,2.329573,3.251629,174.570000
0,1,1,-443.894187,1331.708719,0.000000,NULL,NULL,NULL,NULL,NULL,-1.264889,3.794741,174.570000
0,1,1,1178.135143,403.252589,0.000000,NULL,NULL,NULL,NULL,NULL,3.784453,1.295344,174.570000
0,1,1,-1225.523658,382.059205,0.000000,NULL,NULL,NULL,NULL,NULL,-3.818732,1.190497,174.570000
0,1,1,-484.012042,-956.598986,0.000000,NULL,NULL,NULL,NULL,NULL,-1.805885,-3.569143,174.570000
0,1,1,218.479244,1386.635129,0.000000,NULL,NULL,NULL,NULL,NULL,0.622563,3.951255,174.570000
0,1,1,-1097.951614,-301.202706,0.000000,NULL,NULL,NULL,NULL,NULL,-3.857480,-1.058228,174.570000
0,1,1,369.804357,1354.154680,0.000000,NULL,NULL,NULL,NULL,NULL,1.053768,3.858701,174.570000
0,1,1,743.855470,-772.028702,0.000000,NULL,NULL,NULL,NULL,NULL,2.775381,-2.880497,174.570000
0,1,1,-1165.432921,-130.449939,0.000000,NULL,NULL,NULL,NULL,NULL,-3.975175,-0.444952,174.570000
0,1,1,797.572635,1105.218553,0.000000,NULL,NULL,NULL,NULL,NULL,2.340726,3.243609,174.570000
0,1,1,-564.267628,1285.337390,0.000000,NULL,NULL,NULL,NULL,NULL,-1.607896,3.662604,174.570000
0,1,1,-968.724467,958.750783,0.000000,NULL,NULL,NULL,NULL,NULL,-2.843025,2.813754,174.570000
0,1,1,837.664133,1075.150668,0.000000,NULL,NULL,NULL,NULL,NULL,2.458387,3.155366,174.570000
0,1,1,188.661894,-1022.573130,0.000000,NULL,NULL,NULL,NULL,NULL,0.725740,-3.933612,174.570000
0,1,1,-950.934714,976.398140,0.000000,NULL,NULL,NULL,NULL,NULL,-2.790815,2.865545,174.570000
0,1,1,1028.817445,830.441366,0.000000,NULL,NULL,NULL,NULL,NULL,3.112543,2.512384,174.570000
0,1,1,214.029050,-1017.566058,0.000000,NULL,NULL,NULL,NULL,NULL,0.823322,-3.914351,174.570000
0,1,1,-1167.634196,-109.002138,0.000000,NULL,NULL,NULL,NULL,NULL,-3.982684,-0.371795,174.570000
0,1,1,344.846572,1360.724440,0.000000,NULL,NULL,NULL,NULL,NULL,0.982650,3.877422,174.570000
0,1,1,239.263866,-1011.929799,0.000000,NULL,NULL,NULL,NULL,NULL,0.920395,-3.892669,174.570000
0,1,1,-507.647490,-944.268660,0.000000,NULL,NULL,NULL,NULL,NULL,-1.894071,-3.523137,174.570000
0,1,1,86.184603,-1036.253507,0.000000,NULL,NULL,NULL,NULL,NULL,0.331533,-3.986237,174.570000
0,1,1,60.392324,-1038.076049,0.000000,NULL,NULL,NULL,NULL,NULL,0.232316,-3.993248,174.570000
0,1,1,264.350739,-1005.667839,0.000000,NULL,NULL,NULL,NULL,NULL,1.016899,-3.868581,174.570000
0,1,1,762.821389,-753.294634,0.000000,NULL,NULL,NULL,NULL,NULL,2.846144,-2.810599,174.570000
0,1,1,1135.021075,599.670436,0.000000,NULL,NULL,NULL,NULL,NULL,3.536726,1.868573,174.570000
0,1,1,-882.699465,-663.604305,0.000000,NULL,NULL,NULL,NULL,NULL,-3.197251,-2.403660,174.570000
0,1,1,34.562702,-1039.256723,0.000000,NULL,NULL,NULL,NULL,NULL,0.132955,-3.997790,174.570000
0,1,1,-540.542140,1295.493866,0.000000,NULL,NULL,NULL,NULL,NULL,-1.540290,3.691545,174.570000
0,1,1,1013.376423,849.215180,0.000000,NULL,NULL,NULL,NULL,NULL,3.065829,2.569182,174.570000
0,1,1,-1163.299497,628.356966,0.000000,NULL,NULL,NULL,NULL,NULL,-3.519400,1.901006,174.570000
0,1,1,1177.505206,274.042990,0.000000,NULL,NULL,NULL,NULL,NULL,3.895883,0.906696,174.570000
0,1,1,289.274158,-998.784050,0.000000,NULL,NULL,NULL,NULL,NULL,1.112773,-3.842100,174.570000
0,1,1,-1232.001976,181.069591,0.000000,NULL,NULL,NULL,NULL,NULL,-3.957486,0.581639,174.570000
0,1,1,-775.915179,-785.801917,0.000000,NULL,NULL,NULL,NULL,NULL,-2.810465,-2.846276,174.570000
0,1,1,-516.633941,1305.212447,0.000000,NULL,NULL,NULL,NULL,NULL,-1.472163,3.719239,174.570000
0,1,1,-1162.837715,-151.853646,0.000000,NULL,NULL,NULL,NULL,NULL,-3.966323,-0.517958,174.570000
0,1,1,314.018711,-991.282687,0.000000,NULL,NULL,NULL,NULL,NULL,1.207960,-3.813244,174.570000
0,1,1,1123.804683,620.435739,0.000000,NULL,NULL,NULL,NULL,NULL,3.501776,1.933278,174.570000
0,1,1,-319.772224,1366.834257,0.000000,NULL,NULL,NULL,NULL,NULL,-0.911200,3.894832,174.570000
0,1,1,1138.480171,9.149638,0.000000,NULL,NULL,NULL,NULL,NULL,3.999871,0.032146,174.570000
0,1,1,-1103.303475,-280.966648,0.000000,NULL,NULL,NULL,NULL,NULL,-3.876283,-0.987132,174.570000
0,1,1,-1208.909235,-12.511291,0.000000,NULL,NULL,NULL,NULL,NULL,-3.999786,-0.041395,174.570000
0,1,1,338.569098,-983.168389,0.000000,NULL,NULL,NULL,NULL,NULL,1.302400,-3.782030,174.570000
0,1,1,-294.589789,1372.482064,0.000000,NULL,NULL,NULL,NULL,NULL,-0.839442,3.910925,174.570000
0,1,1,777.119089,1119.694637,0.000000,NULL,NULL,NULL,NULL,NULL,2.280699,3.286094,174.570000
0,1,1,-269.307778,1377.665954,0.000000,NULL,NULL,NULL,NULL,NULL,-0.767400,3.925697,174.570000
0,1,1,1170.522484,424.843713,0.000000,NULL,NULL,NULL,NULL,NULL,3.759999,1.364700,174.570000
0,1,1,-34.562702,-1039.256723,0.000000,NULL,NULL,NULL,NULL,NULL,-0.132955,-3.997790,174.570000
0,1,1,-932.823531,993.715461,0.000000,NULL,NULL,NULL,NULL,NULL,-2.737662,2.916369,174.570000
0,1,1,-1208.934933,9.715863,0.000000,NULL,NULL,NULL,NULL,NULL,-3.999871,0.032146,174.570000
0,1,1,-1139.413148,670.698051,0.000000,NULL,NULL,NULL,NULL,NULL,-3.447135,2.029103,174.570000
0,1,1,-8.711709,-1039.794798,0.000000,NULL,NULL,NULL,NULL,NULL,-0.033512,-3.999860,174.570000
0,1,1,-530.969048,-931.354468,0.000000,NULL,NULL,NULL,NULL,NULL,-1.981085,-3.474953,174.570000
0,1,1,-243.934738,1382.384174,0.000000,NULL,NULL,NULL,NULL,NULL,-0.695099,3.939142,174.570000
0,1,1,-60.392324,-1038.076049,0.000000,NULL,NULL,NULL,NULL,NULL,-0.232316,-3.993248,174.570000
0,1,1,-218.479244,1386.635129,0.000000,NULL,NULL,NULL,NULL,NULL,-0.622563,3.951255,174.570000
0,1,1,-1169.440794,-87.517493,0.000000,NULL,NULL,NULL,NULL,NULL,-3.988846,-0.298513,174.570000
0,1,1,781.315636,-734.094785,0.000000,NULL,NULL,NULL,NULL,NULL,2.915147,-2.738963,174.570000
0,1,1,387.026786,-965.121435,0.000000,NULL,NULL,NULL,NULL,NULL,1.488806,-3.712608,174.570000
0,1,1,-1112.886721,-240.216492,0.000000,NULL,NULL,NULL,NULL,NULL,-3.909952,-0.843963,174.570000
0,1,1,-86.184603,-1036.253507,0.000000,NULL,NULL,NULL,NULL,NULL,-0.331533,-3.986237,174.570000
0,1,1,163.178085,-1026.947919,0.000000,NULL,NULL,NULL,NULL,NULL,0.627710,-3.950441,174.570000
0,1,1,688.376881,-439.042934,0.000000,NULL,NULL,NULL,NULL,NULL,3.372459,-2.150935,174.570000
0,1,1,410.904123,-955.199936,0.000000,NULL,NULL,NULL,NULL,NULL,1.580657,-3.674442,174.570000
0,1,1,137.593377,-1030.687721,0.000000,NULL,NULL,NULL,NULL,NULL,0.529291,-3.964827,174.570000
0,1,1,960.568303,-544.828004,0.000000,NULL,NULL,NULL,NULL,NULL,3.479302,-1.973437,174.570000
0,1,1,-1151.550943,649.637301,0.000000,NULL,NULL,NULL,NULL,NULL,-3.483856,1.965387,174.570000
0,1,1,111.923593,-1033.790223,0.000000,NULL,NULL,NULL,NULL,NULL,0.430545,-3.976761,174.570000
0,1,1,-914.397041,1010.696892,0.000000,NULL,NULL,NULL,NULL,NULL,-2.683584,2.966206,174.570000
0,1,1,-1228.464908,203.688573,0.000000,NULL,NULL,NULL,NULL,NULL,-3.946124,0.654297,174.570000
0,1,1,-1108.282405,-260.635619,0.000000,NULL,NULL,NULL,NULL,NULL,-3.893776,-0.915702,174.570000
0,1,1,1172.268090,295.644370,0.000000,NULL,NULL,NULL,NULL,NULL,3.878555,0.978166,174.570000
0,1,1,-419.336536,1339.644367,0.000000,NULL,NULL,NULL,NULL,NULL,-1.194911,3.817353,174.570000
0,1,1,-553.962294,-917.864398,0.000000,NULL,NULL,NULL,NULL,NULL,-2.066875,-3.424621,174.570000
0,1,1,735.430969,1147.506622,0.000000,NULL,NULL,NULL,NULL,NULL,2.158352,3.367717,174.570000
0,1,1,1112.208430,640.991326,0.000000,NULL,NULL,NULL,NULL,NULL,3.465642,1.997329,174.570000
0,1,1,-394.637143,1347.127198,0.000000,NULL,NULL,NULL,NULL,NULL,-1.124529,3.838676,174.570000
0,1,1,434.527387,-944.687814,0.000000,NULL,NULL,NULL,NULL,NULL,1.671530,-3.634004,174.570000
0,1,1,192.949902,1390.417382,0.000000,NULL,NULL,NULL,NULL,NULL,0.549816,3.962033,174.570000
0,1,1,1163.185742,149.164379,0.000000,NULL,NULL,NULL,NULL,NULL,3.967510,0.508785,174.570000
0,1,1,1092.211372,-163.105298,0.000000,NULL,NULL,NULL,NULL,NULL,3.956131,-0.590788,174.570000
0,1,1,1138.119550,30.078336,0.000000,NULL,NULL,NULL,NULL,NULL,3.998604,0.105675,174.570000
0,1,1,-1126.890216,691.532095,0.000000,NULL,NULL,NULL,NULL,NULL,-3.409249,2.092134,174.570000
0,1,1,-369.804357,1354.154680,0.000000,NULL,NULL,NULL,NULL,NULL,-1.053768,3.858701,174.570000
0,1,1,167.355339,1393.729655,0.000000,NULL,NULL,NULL,NULL,NULL,0.476884,3.971471,174.570000
0,1,1,-1208.551994,31.939732,0.000000,NULL,NULL,NULL,NULL,NULL,-3.998604,0.105675,174.570000
0,1,1,799.326776,-714.441027,0.000000,NULL,NULL,NULL,NULL,NULL,2.982348,-2.665633,174.570000
0,1,1,457.881973,-933.591568,0.000000,NULL,NULL,NULL,NULL,NULL,1.761370,-3.591319,174.570000
0,1,1,-1170.852104,-66.003266,0.000000,NULL,NULL,NULL,NULL,NULL,-3.993660,-0.225131,174.570000
0,1,1,-344.846572,1360.724440,0.000000,NULL,NULL,NULL,NULL,NULL,-0.982650,3.877422,174.570000
0,1,1,141.704209,1396.570828,0.000000,NULL,NULL,NULL,NULL,NULL,0.403790,3.979567,174.570000
0,1,1,-831.554988,-726.667269,0.000000,NULL,NULL,NULL,NULL,NULL,-3.011999,-2.632083,174.570000
0,1,1,116.005180,1398.939941,0.000000,NULL,NULL,NULL,NULL,NULL,0.330560,3.986318,174.570000
0,1,1,-1218.292617,404.525119,0.000000,NULL,NULL,NULL,NULL,NULL,-3.796201,1.260501,174.570000
0,1,1,362.910140,-974.446174,0.000000,NULL,NULL,NULL,NULL,NULL,1.396035,-3.748478,174.570000
0,1,1,1137.374228,50.996868,0.000000,NULL,NULL,NULL,NULL,NULL,3.995985,0.179169,174.570000
0,1,1,714.210485,1160.833123,0.000000,NULL,NULL,NULL,NULL,NULL,2.096074,3.406828,174.570000
0,1,1,90.266940,1400.836193,0.000000,NULL,NULL,NULL,NULL,NULL,0.257218,3.991721,174.570000
0,1,1,981.472110,885.895419,0.000000,NULL,NULL,NULL,NULL,NULL,2.969307,2.680153,174.570000
0,1,1,-576.613012,-903.806788,0.000000,NULL,NULL,NULL,NULL,NULL,-2.151386,-3.372171,174.570000
0,1,1,480.953439,-921.918058,0.000000,NULL,NULL,NULL,NULL,NULL,1.850121,-3.546414,174.570000
0,1,1,-188.661894,-1022.573130,0.000000,NULL,NULL,NULL,NULL,NULL,-0.725740,-3.933612,174.570000
0,1,1,1072.627030,-262.679029,0.000000,NULL,NULL,NULL,NULL,NULL,3.885194,-0.951457,174.570000
0,1,1,64.498188,1402.258943,0.000000,NULL,NULL,NULL,NULL,NULL,0.183789,3.995775,174.570000
0,1,1,-1117.114865,-219.716169,0.000000,NULL,NULL,NULL,NULL,NULL,-3.924807,-0.771938,174.570000
0,1,1,756.402866,1133.792248,0.000000,NULL,NULL,NULL,NULL,NULL,2.219901,3.327468,174.570000
0,1,1,38.707636,1403.207711,0.000000,NULL,NULL,NULL,NULL,NULL,0.110298,3.998479,174.570000
0,1,1,503.727519,-909.674504,0.000000,NULL,NULL,NULL,NULL,NULL,1.937728,-3.499316,174.570000
0,1,1,-1224.512602,226.238706,0.000000,NULL,NULL,NULL,NULL,NULL,-3.933428,0.726733,174.570000
0,1,1,1136.244459,71.898162,0.000000,NULL,NULL,NULL,NULL,NULL,3.992016,0.252603,174.570000
0,1,1,-214.029050,-1017.566058,0.000000,NULL,NULL,NULL,NULL,NULL,-0.823322,-3.914351,174.570000
0,1,1,12.903999,1403.682175,0.000000,NULL,NULL,NULL,NULL,NULL,0.036770,3.999831,174.570000
0,1,1,1166.634733,317.145819,0.000000,NULL,NULL,NULL,NULL,NULL,3.859917,1.049306,174.570000
0,1,1,-12.903999,1403.682175,0.000000,NULL,NULL,NULL,NULL,NULL,-0.036770,3.999831,174.570000
0,1,1,-192.949902,1390.417382,0.000000,NULL,NULL,NULL,NULL,NULL,-0.549816,3.962033,174.570000
0,1,1,-111.923593,-1033.790223,0.000000,NULL,NULL,NULL,NULL,NULL,-0.430545,-3.976761,174.570000
0,1,1,-1113.986379,712.132392,0.000000,NULL,NULL,NULL,NULL,NULL,-3.370210,2.154457,174.570000
0,1,1,816.843673,-694.345512,0.000000,NULL,NULL,NULL,NULL,NULL,3.047705,-2.590655,174.570000
0,1,1,-38.707636,1403.207711,0.000000,NULL,NULL,NULL,NULL,NULL,-0.110298,3.998479,174.570000
0,1,1,-598.907195,-889.190333,0.000000,NULL,NULL,NULL,NULL,NULL,-2.234568,-3.317636,174.570000
0,1,1,-1220.146394,248.712367,0.000000,NULL,NULL,NULL,NULL,NULL,-3.919403,0.798924,174.570000
0,1,1,-1124.437051,-178.499675,0.000000,NULL,NULL,NULL,NULL,NULL,-3.950533,-0.627131,174.570000
0,1,1,1160.246862,170.523610,0.000000,NULL,NULL,NULL,NULL,NULL,3.957486,0.581639,174.570000
0,1,1,990.275784,488.756473,0.000000,NULL,NULL,NULL,NULL,NULL,3.586907,1.770339,174.570000
0,1,1,-167.355339,1393.729655,0.000000,NULL,NULL,NULL,NULL,NULL,-0.476884,3.971471,174.570000
0,1,1,-64.498188,1402.258943,0.000000,NULL,NULL,NULL,NULL,NULL,-0.183789,3.995775,174.570000
0,1,1,-116.005180,1398.939941,0.000000,NULL,NULL,NULL,NULL,NULL,-0.330560,3.986318,174.570000
0,1,1,-90.266940,1400.836193,0.000000,NULL,NULL,NULL,NULL,NULL,-0.257218,3.991721,174.570000
0,1,1,-141.704209,1396.570828,0.000000,NULL,NULL,NULL,NULL,NULL,-0.403790,3.979567,174.570000
0,1,1,-876.623158,1043.629243,0.000000,NULL,NULL,NULL,NULL,NULL,-2.572725,3.062856,174.570000
0,1,1,997.592867,867.701947,0.000000,NULL,NULL,NULL,NULL,NULL,3.018078,2.625111,174.570000
0,1,1,692.748589,1173.767247,0.000000,NULL,NULL,NULL,NULL,NULL,2.033087,3.444787,174.570000
0,1,1,-1207.760549,54.152805,0.000000,NULL,NULL,NULL,NULL,NULL,-3.995985,0.179169,174.570000
0,1,1,-1171.867651,-44.466728,0.000000,NULL,NULL,NULL,NULL,NULL,-3.997123,-0.151672,174.570000
0,1,1,526.190132,-896.868475,0.000000,NULL,NULL,NULL,NULL,NULL,2.024137,-3.450054,174.570000
0,1,1,-857.288533,1059.569030,0.000000,NULL,NULL,NULL,NULL,NULL,-2.515981,3.109636,174.570000
0,1,1,-137.593377,-1030.687721,0.000000,NULL,NULL,NULL,NULL,NULL,-0.529291,-3.964827,174.570000
0,1,1,-239.263866,-1011.929799,0.000000,NULL,NULL,NULL,NULL,NULL,-0.920395,-3.892669,174.570000
0,1,1,1007.574313,452.021042,0.000000,NULL,NULL,NULL,NULL,NULL,3.649564,1.637279,174.570000
0,1,1,-1120.965409,-199.141578,0.000000,NULL,NULL,NULL,NULL,NULL,-3.938335,-0.699653,174.570000
0,1,1,-1210.649776,426.854298,0.000000,NULL,NULL,NULL,NULL,NULL,-3.772385,1.330078,174.570000
0,1,1,833.855495,-673.820666,0.000000,NULL,NULL,NULL,NULL,NULL,3.111177,-2.514075,174.570000
0,1,1,965.019602,903.789447,0.000000,NULL,NULL,NULL,NULL,NULL,2.919532,2.734289,174.570000
0,1,1,1145.321551,488.726519,0.000000,NULL,NULL,NULL,NULL,NULL,3.679048,1.569907,174.570000
0,1,1,1162.514172,446.291234,0.000000,NULL,NULL,NULL,NULL,NULL,3.734275,1.433595,174.570000
0,1,1,-163.178085,-1026.947919,0.000000,NULL,NULL,NULL,NULL,NULL,-0.627710,-3.950441,174.570000
0,1,1,548.327388,-883.507890,0.000000,NULL,NULL,NULL,NULL,NULL,2.109294,-3.398659,174.570000
0,1,1,-264.350739,-1005.667839,0.000000,NULL,NULL,NULL,NULL,NULL,-1.016899,-3.868581,174.570000
0,1,1,-1101.243381,-82.413800,0.000000,NULL,NULL,NULL,NULL,NULL,-3.988846,-0.298513,174.570000
0,1,1,-620.831059,-874.024068,0.000000,NULL,NULL,NULL,NULL,NULL,-2.316367,-3.261049,174.570000
0,1,1,-1087.053567,752.603973,0.000000,NULL,NULL,NULL,NULL,NULL,-3.288729,2.276898,174.570000
0,1,1,1087.892145,681.445633,0.000000,NULL,NULL,NULL,NULL,NULL,3.389873,2.123385,174.570000
0,1,1,-895.661473,1027.336694,0.000000,NULL,NULL,NULL,NULL,NULL,-2.628599,3.015041,174.570000
0,1,1,-1194.139167,471.072309,0.000000,NULL,NULL,NULL,NULL,NULL,-3.720938,1.467862,174.570000
0,1,1,1156.915802,191.825202,0.000000,NULL,NULL,NULL,NULL,NULL,3.946124,0.654297,174.570000
0,1,1,570.125600,-869.601010,0.000000,NULL,NULL,NULL,NULL,NULL,2.193147,-3.345162,174.570000
0,1,1,-289.274158,-998.784050,0.000000,NULL,NULL,NULL,NULL,NULL,-1.112773,-3.842100,174.570000
0,1,1,-1172.487090,-22.915160,0.000000,NULL,NULL,NULL,NULL,NULL,-3.999236,-0.078161,174.570000
0,1,1,-1206.560864,76.347574,0.000000,NULL,NULL,NULL,NULL,NULL,-3.992016,0.252603,174.570000
0,1,1,-1185.276980,492.946195,0.000000,NULL,NULL,NULL,NULL,NULL,-3.693324,1.536021,174.570000
0,1,1,449.670492,-398.964626,0.000000,NULL,NULL,NULL,NULL,NULL,2.992089,-2.654694,174.570000
0,1,1,1100.236235,661.330249,0.000000,NULL,NULL,NULL,NULL,NULL,3.428337,2.060705,174.570000
0,1,1,649.129655,1198.441008,0.000000,NULL,NULL,NULL,NULL,NULL,1.905074,3.517200,174.570000
0,1,1,583.268662,571.330986,0.000000,NULL,NULL,NULL,NULL,NULL,2.857518,2.799034,174.570000
0,1,1,850.351723,-652.879180,0.000000,NULL,NULL,NULL,NULL,NULL,3.172726,-2.435941,174.570000
0,1,1,948.240904,921.377981,0.000000,NULL,NULL,NULL,NULL,NULL,2.868770,2.787500,174.570000
0,1,1,591.571289,-855.156434,0.000000,NULL,NULL,NULL,NULL,NULL,2.275643,-3.289597,174.570000
0,1,1,-817.756590,1090.368890,0.000000,NULL,NULL,NULL,NULL,NULL,-2.399962,3.200028,174.570000
0,1,1,-1202.597719,449.039194,0.000000,NULL,NULL,NULL,NULL,NULL,-3.747295,1.399206,174.570000
0,1,1,-314.018711,-991.282687,0.000000,NULL,NULL,NULL,NULL,NULL,-1.207960,-3.813244,174.570000
0,1,1,-1127.528618,-157.797437,0.000000,NULL,NULL,NULL,NULL,NULL,-3.961394,-0.554396,174.570000
0,1,1,1097.750351,120.304550,0.000000,NULL,NULL,NULL,NULL,NULL,3.976193,0.435759,174.570000
0,1,1,1136.143053,509.699940,0.000000,NULL,NULL,NULL,NULL,NULL,3.649564,1.637279,174.570000
0,1,1,-642.371048,-858.317373,0.000000,NULL,NULL,NULL,NULL,NULL,-2.396735,-3.202446,174.570000
0,1,1,626.987360,1210.172305,0.000000,NULL,NULL,NULL,NULL,NULL,1.840090,3.551629,174.570000
0,1,1,1154.112914,467.587902,0.000000,NULL,NULL,NULL,NULL,NULL,3.707288,1.502005,174.570000
0,1,1,931.141688,938.655077,0.000000,NULL,NULL,NULL,NULL,NULL,2.817039,2.839770,174.570000
0,1,1,-1073.033695,772.461576,0.000000,NULL,NULL,NULL,NULL,NULL,-3.246313,2.336974,174.570000
0,1,1,227.136218,-784.238846,0.000000,NULL,NULL,NULL,NULL,NULL,1.112773,-3.842100,174.570000
0,1,1,1144.581467,255.312252,0.000000,NULL,NULL,NULL,NULL,NULL,3.904053,0.870845,174.570000
0,1,1,1132.833233,113.620785,0.000000,NULL,NULL,NULL,NULL,NULL,3.980031,0.399189,174.570000
0,1,1,-338.569098,-983.168389,0.000000,NULL,NULL,NULL,NULL,NULL,-1.302400,-3.782030,174.570000
0,1,1,612.651194,-840.183093,0.000000,NULL,NULL,NULL,NULL,NULL,2.356733,-3.231998,174.570000
0,1,1,1134.730623,92.775153,0.000000,NULL,NULL,NULL,NULL,NULL,3.986697,0.325951,174.570000
0,1,1,-797.572635,1105.218553,0.000000,NULL,NULL,NULL,NULL,NULL,-2.340726,3.243609,174.570000
0,1,1,-1200.517114,142.747079,0.000000,NULL,NULL,NULL,NULL,NULL,-3.972020,0.472292,174.570000
0,1,1,1075.180333,701.330680,0.000000,NULL,NULL,NULL,NULL,NULL,3.350263,2.185347,174.570000
0,1,1,-1172.536943,20.203925,0.000000,NULL,NULL,NULL,NULL,NULL,-3.999406,0.068914,174.570000
0,1,1,998.003354,-472.777245,0.000000,NULL,NULL,NULL,NULL,NULL,3.614897,-1.712460,174.570000
0,1,1,-1172.710213,-1.355847,0.000000,NULL,NULL,NULL,NULL,NULL,-3.999997,-0.004625,174.570000
0,1,1,814.445789,-57.441141,0.000000,NULL,NULL,NULL,NULL,NULL,3.990089,-0.281413,174.570000
0,1,1,604.633135,1221.494547,0.000000,NULL,NULL,NULL,NULL,NULL,1.774485,3.584858,174.570000
0,1,1,1153.193689,213.061954,0.000000,NULL,NULL,NULL,NULL,NULL,3.933428,0.726733,174.570000
0,1,1,-1176.014153,514.653458,0.000000,NULL,NULL,NULL,NULL,NULL,-3.664461,1.603660,174.570000
0,1,1,1149.081781,234.226689,0.000000,NULL,NULL,NULL,NULL,NULL,3.919403,0.798924,174.570000
0,1,1,-1204.953344,98.516536,0.000000,NULL,NULL,NULL,NULL,NULL,-3.986697,0.325951,174.570000
0,1,1,1130.552929,134.428011,0.000000,NULL,NULL,NULL,NULL,NULL,3.972020,0.472292,174.570000
0,1,1,866.322157,-631.534002,0.000000,NULL,NULL,NULL,NULL,NULL,3.232313,-2.356301,174.570000
0,1,1,1160.607036,338.540068,0.000000,NULL,NULL,NULL,NULL,NULL,3.839974,1.120091,174.570000
0,1,1,1062.105095,720.978667,0.000000,NULL,NULL,NULL,NULL,NULL,3.309520,2.246570,174.570000
0,1,1,671.052534,1186.304621,0.000000,NULL,NULL,NULL,NULL,NULL,1.969413,3.481582,174.570000
0,1,1,1147.376910,380.978079,0.000000,NULL,NULL,NULL,NULL,NULL,3.796201,1.260501,174.570000
0,1,1,-1100.706000,732.491979,0.000000,NULL,NULL,NULL,NULL,NULL,-3.330032,2.216052,174.570000
0,1,1,812.765764,-77.673942,0.000000,NULL,NULL,NULL,NULL,NULL,3.981858,-0.380536,174.570000
0,1,1,-1202.938534,120.652199,0.000000,NULL,NULL,NULL,NULL,NULL,-3.980031,0.399189,174.570000
0,1,1,-663.513842,-842.079959,0.000000,NULL,NULL,NULL,NULL,NULL,-2.475620,-3.141863,174.570000
0,1,1,-1215.367760,271.101960,0.000000,NULL,NULL,NULL,NULL,NULL,-3.904053,0.870845,174.570000
0,1,1,-837.664133,1075.150668,0.000000,NULL,NULL,NULL,NULL,NULL,-2.458387,3.155366,174.570000
0,1,1,913.727733,955.614894,0.000000,NULL,NULL,NULL,NULL,NULL,2.764355,2.891079,174.570000
0,1,1,-475.505893,663.713473,0.000000,NULL,NULL,NULL,NULL,NULL,-2.329573,3.251629,174.570000
0,1,1,1154.187039,359.819885,0.000000,NULL,NULL,NULL,NULL,NULL,3.818732,1.190497,174.570000
0,1,1,-1134.513063,-95.398774,0.000000,NULL,NULL,NULL,NULL,NULL,-3.985933,-0.335169,174.570000
0,1,1,633.352282,-824.690246,0.000000,NULL,NULL,NULL,NULL,NULL,2.436366,-3.172400,174.570000
0,1,1,-777.119089,1119.694637,0.000000,NULL,NULL,NULL,NULL,NULL,-2.280699,3.286094,174.570000
0,1,1,-1058.651123,792.058077,0.000000,NULL,NULL,NULL,NULL,NULL,-3.202801,2.396261,174.570000
0,1,1,1126.580523,530.501076,0.000000,NULL,NULL,NULL,NULL,NULL,3.618847,1.704097,174.570000
0,1,1,-684.246369,-825.321866,0.000000,NULL,NULL,NULL,NULL,NULL,-2.552975,-3.079338,174.570000
0,1,1,1139.694269,276.311515,0.000000,NULL,NULL,NULL,NULL,NULL,3.887383,0.942471,174.570000
0,1,1,-1171.967340,41.756867,0.000000,NULL,NULL,NULL,NULL,NULL,-3.997463,0.142429,174.570000
0,1,1,-387.026786,-965.121435,0.000000,NULL,NULL,NULL,NULL,NULL,-1.488806,-3.712608,174.570000
0,1,1,-1197.689903,164.793709,0.000000,NULL,NULL,NULL,NULL,NULL,-3.962666,0.545235,174.570000
0,1,1,1127.890483,155.189799,0.000000,NULL,NULL,NULL,NULL,NULL,3.962666,0.545235,174.570000
0,1,1,653.661753,-808.687473,0.000000,NULL,NULL,NULL,NULL,NULL,2.514492,-3.110841,174.570000
0,1,1,-449.670492,-398.964626,0.000000,NULL,NULL,NULL,NULL,NULL,-2.992089,-2.654694,174.570000
0,1,1,-1166.353818,536.186762,0.000000,NULL,NULL,NULL,NULL,NULL,-3.634359,1.670758,174.570000
0,1,1,413.161125,-704.215388,0.000000,NULL,NULL,NULL,NULL,NULL,2.024137,-3.450054,174.570000
0,1,1,-1130.239065,-137.041861,0.000000,NULL,NULL,NULL,NULL,NULL,-3.970917,-0.481475,174.570000
0,1,1,-735.430969,1147.506622,0.000000,NULL,NULL,NULL,NULL,NULL,-2.158352,3.367717,174.570000
0,1,1,881.756923,-609.798331,0.000000,NULL,NULL,NULL,NULL,NULL,3.289901,-2.275203,174.570000
0,1,1,896.004926,972.251701,0.000000,NULL,NULL,NULL,NULL,NULL,2.710738,2.941412,174.570000
0,1,1,-410.904123,-955.199936,0.000000,NULL,NULL,NULL,NULL,NULL,-1.580657,-3.674442,174.570000
0,1,1,-1043.910712,811.386851,0.000000,NULL,NULL,NULL,NULL,NULL,-3.158206,2.454737,174.570000
0,1,1,1140.178952,402.007497,0.000000,NULL,NULL,NULL,NULL,NULL,3.772385,1.330078,174.570000
0,1,1,-1210.178315,293.399917,0.000000,NULL,NULL,NULL,NULL,NULL,-3.887383,0.942471,174.570000
0,1,1,673.567048,-792.184668,0.000000,NULL,NULL,NULL,NULL,NULL,2.591063,-3.047358,174.570000
0,1,1,1030.043264,-398.170683,0.000000,NULL,NULL,NULL,NULL,NULL,3.730950,-1.442226,174.570000
0,1,1,896.646476,-587.685607,0.000000,NULL,NULL,NULL,NULL,NULL,3.345455,-2.192699,174.570000
0,1,1,536.374782,1252.969373,0.000000,NULL,NULL,NULL,NULL,NULL,1.574159,3.677230,174.570000
0,1,1,-714.210485,1160.833123,0.000000,NULL,NULL,NULL,NULL,NULL,-2.096074,3.406828,174.570000
0,1,1,1116.637193,551.122895,0.000000,NULL,NULL,NULL,NULL,NULL,3.586907,1.770339,174.570000
0,1,1,-1132.567476,-116.239963,0.000000,NULL,NULL,NULL,NULL,NULL,-3.979098,-0.408391,174.570000
0,1,1,-704.555810,-808.053455,0.000000,NULL,NULL,NULL,NULL,NULL,-2.628751,-3.014908,174.570000
0,1,1,-362.910140,-974.446174,0.000000,NULL,NULL,NULL,NULL,NULL,-1.396035,-3.748478,174.570000
0,1,1,292.076608,-525.421335,0.000000,NULL,NULL,NULL,NULL,NULL,1.943466,-3.496132,174.570000
0,1,1,-583.268662,571.330986,0.000000,NULL,NULL,NULL,NULL,NULL,-2.857518,2.799034,174.570000
0,1,1,513.249074,1262.618527,0.000000,NULL,NULL,NULL,NULL,NULL,1.506290,3.705549,174.570000
0,1,1,-434.527387,-944.687814,0.000000,NULL,NULL,NULL,NULL,NULL,-1.671530,-3.634004,174.570000
0,1,1,-1171.001595,63.295695,0.000000,NULL,NULL,NULL,NULL,NULL,-3.994169,0.215895,174.570000
0,1,1,1134.421839,297.217382,0.000000,NULL,NULL,NULL,NULL,NULL,3.869400,1.013779,174.570000
0,1,1,-1194.457856,186.784636,0.000000,NULL,NULL,NULL,NULL,NULL,-3.951972,0.617994,174.570000
0,1,1,877.979257,988.559873,0.000000,NULL,NULL,NULL,NULL,NULL,2.656203,2.990750,174.570000
0,1,1,-1198.574146,337.690807,0.000000,NULL,NULL,NULL,NULL,NULL,-3.850108,1.084744,174.570000
0,1,1,693.055860,-775.192035,0.000000,NULL,NULL,NULL,NULL,NULL,2.666032,-2.981992,174.570000
0,1,1,-692.748589,1173.767247,0.000000,NULL,NULL,NULL,NULL,NULL,-2.033087,3.444787,174.570000
0,1,1,-1028.817445,830.441366,0.000000,NULL,NULL,NULL,NULL,NULL,-3.112543,2.512384,174.570000
0,1,1,582.074536,1232.403908,0.000000,NULL,NULL,NULL,NULL,NULL,1.708280,3.616874,174.570000
0,1,1,1034.882142,759.536980,0.000000,NULL,NULL,NULL,NULL,NULL,3.224693,2.366718,174.570000
0,1,1,-756.402866,1133.792248,0.000000,NULL,NULL,NULL,NULL,NULL,-2.219901,3.327468,174.570000
0,1,1,489.949881,1271.840899,0.000000,NULL,NULL,NULL,NULL,NULL,1.437911,3.732615,174.570000
0,1,1,-1013.376423,849.215180,0.000000,NULL,NULL,NULL,NULL,NULL,-3.065829,2.569182,174.570000
0,1,1,170.788167,-994.866883,0.000000,NULL,NULL,NULL,NULL,NULL,0.676777,-3.942331,174.570000
0,1,1,-1136.075169,-74.525339,0.000000,NULL,NULL,NULL,NULL,NULL,-3.991421,-0.261833,174.570000
0,1,1,145.998777,-998.805822,0.000000,NULL,NULL,NULL,NULL,NULL,0.578545,-3.957940,174.570000
0,1,1,195.471954,-990.312793,0.000000,NULL,NULL,NULL,NULL,NULL,0.774591,-3.924284,174.570000
0,1,1,-917.940481,-613.933458,0.000000,NULL,NULL,NULL,NULL,NULL,-3.324899,-2.223746,174.570000
0,1,1,1132.595598,422.901030,0.000000,NULL,NULL,NULL,NULL,NULL,3.747295,1.399206,174.570000
0,1,1,121.119113,-1002.127175,0.000000,NULL,NULL,NULL,NULL,NULL,0.479955,-3.971101,174.570000
0,1,1,220.034876,-985.146368,0.000000,NULL,NULL,NULL,NULL,NULL,0.871926,-3.903812,174.570000
0,1,1,-1204.579813,315.598700,0.000000,NULL,NULL,NULL,NULL,NULL,-3.869400,1.013779,174.570000
0,1,1,96.164557,-1004.828887,0.000000,NULL,NULL,NULL,NULL,NULL,0.381069,-3.981807,174.570000
0,1,1,71.150541,-1006.909288,0.000000,NULL,NULL,NULL,NULL,NULL,0.281946,-3.990051,174.570000
0,1,1,-457.881973,-933.591568,0.000000,NULL,NULL,NULL,NULL,NULL,-1.761370,-3.591319,174.570000
0,1,1,244.461745,-979.370802,0.000000,NULL,NULL,NULL,NULL,NULL,0.968722,-3.880925,174.570000
0,1,1,46.092530,-1008.367092,0.000000,NULL,NULL,NULL,NULL,NULL,0.182650,-3.995828,174.570000
0,1,1,-724.429606,-790.285405,0.000000,NULL,NULL,NULL,NULL,NULL,-2.702901,-2.948614,174.570000
0,1,1,-688.376881,-439.042934,0.000000,NULL,NULL,NULL,NULL,NULL,-3.372459,-2.150935,174.570000
0,1,1,910.981611,-565.209502,0.000000,NULL,NULL,NULL,NULL,NULL,3.398941,-2.108839,174.570000
0,1,1,268.737458,-972.989667,0.000000,NULL,NULL,NULL,NULL,NULL,1.064918,-3.855639,174.570000
0,1,1,1048.670851,740.382953,0.000000,NULL,NULL,NULL,NULL,NULL,3.267659,2.307034,174.570000
0,1,1,559.319188,1242.896699,0.000000,NULL,NULL,NULL,NULL,NULL,1.641497,3.647669,174.570000
0,1,1,-160.893795,-579.214564,0.000000,NULL,NULL,NULL,NULL,NULL,-1.070581,-3.854070,174.570000
0,1,1,466.485078,1280.633370,0.000000,NULL,NULL,NULL,NULL,NULL,1.369046,3.758419,174.570000
0,1,1,712.116138,-757.720082,0.000000,NULL,NULL,NULL,NULL,NULL,2.739353,-2.914781,174.570000
0,1,1,292.847003,-966.006908,0.000000,NULL,NULL,NULL,NULL,NULL,1.160457,-3.827968,174.570000
0,1,1,1095.621706,591.800763,0.000000,NULL,NULL,NULL,NULL,NULL,3.519400,1.901006,174.570000
0,1,1,859.656818,1004.533898,0.000000,NULL,NULL,NULL,NULL,NULL,2.600771,3.039077,174.570000
0,1,1,316.775473,-958.426843,0.000000,NULL,NULL,NULL,NULL,NULL,1.255277,-3.797931,174.570000
0,1,1,-1169.640036,84.813129,0.000000,NULL,NULL,NULL,NULL,NULL,-3.989525,0.289289,174.570000
0,1,1,-21.006019,-1009.201398,0.000000,NULL,NULL,NULL,NULL,NULL,-0.083240,-3.999134,174.570000
0,1,1,-413.161125,-704.215388,0.000000,NULL,NULL,NULL,NULL,NULL,-2.024137,-3.450054,174.570000
0,1,1,-649.129655,1198.441008,0.000000,NULL,NULL,NULL,NULL,NULL,-1.905074,3.517200,174.570000
0,1,1,-1145.853814,578.702436,0.000000,NULL,NULL,NULL,NULL,NULL,-3.570481,1.803237,174.570000
0,1,1,-1190.822066,208.712427,0.000000,NULL,NULL,NULL,NULL,NULL,-3.939943,0.690544,174.570000
0,1,1,1128.765959,318.022785,0.000000,NULL,NULL,NULL,NULL,NULL,3.850108,1.084744,174.570000
0,1,1,1124.846795,175.899131,0.000000,NULL,NULL,NULL,NULL,NULL,3.951972,0.617994,174.570000
0,1,1,-1185.349576,381.525160,0.000000,NULL,NULL,NULL,NULL,NULL,-3.807627,1.225550,174.570000
0,1,1,-1192.163345,359.668770,0.000000,NULL,NULL,NULL,NULL,NULL,-3.829515,1.155342,174.570000
0,1,1,-626.987360,1210.172305,0.000000,NULL,NULL,NULL,NULL,NULL,-1.840090,3.551629,174.570000
0,1,1,340.508073,-950.254158,0.000000,NULL,NULL,NULL,NULL,NULL,1.349322,-3.765545,174.570000
0,1,1,-46.092530,-1008.367092,0.000000,NULL,NULL,NULL,NULL,NULL,-0.182650,-3.995828,174.570000
0,1,1,-480.953439,-921.918058,0.000000,NULL,NULL,NULL,NULL,NULL,-1.850121,-3.546414,174.570000
0,1,1,1020.743628,778.434273,0.000000,NULL,NULL,NULL,NULL,NULL,3.180638,2.425602,174.570000
0,1,1,21.006019,-1009.201398,0.000000,NULL,NULL,NULL,NULL,NULL,0.083240,-3.999134,174.570000
0,1,1,364.030129,-941.493908,0.000000,NULL,NULL,NULL,NULL,NULL,1.442532,-3.730831,174.570000
0,1,1,-71.150541,-1006.909288,0.000000,NULL,NULL,NULL,NULL,NULL,-0.281946,-3.990051,174.570000
0,1,1,-990.275784,488.756473,0.000000,NULL,NULL,NULL,NULL,NULL,-3.586907,1.770339,174.570000
0,1,1,-743.855470,-772.028702,0.000000,NULL,NULL,NULL,NULL,NULL,-2.775381,-2.880497,174.570000
0,1,1,730.736097,-739.779611,0.000000,NULL,NULL,NULL,NULL,NULL,2.810979,-2.845768,174.570000
0,1,1,-604.633135,1221.494547,0.000000,NULL,NULL,NULL,NULL,NULL,-1.774485,3.584858,174.570000
0,1,1,1124.629411,443.651618,0.000000,NULL,NULL,NULL,NULL,NULL,3.720938,1.467862,174.570000
0,1,1,-1156.299238,557.538827,0.000000,NULL,NULL,NULL,NULL,NULL,-3.603029,1.737291,174.570000
0,1,1,121.366264,807.398079,0.000000,NULL,NULL,NULL,NULL,NULL,0.594591,3.955561,174.570000
0,1,1,387.327096,-932.151508,0.000000,NULL,NULL,NULL,NULL,NULL,1.534850,-3.693810,174.570000
0,1,1,160.893795,-579.214564,0.000000,NULL,NULL,NULL,NULL,NULL,1.070581,-3.854070,174.570000
0,1,1,1116.283084,464.252244,0.000000,NULL,NULL,NULL,NULL,NULL,3.693324,1.536021,174.570000
0,1,1,-503.727519,-909.674504,0.000000,NULL,NULL,NULL,NULL,NULL,-1.937728,-3.499316,174.570000
0,1,1,841.043804,1020.168377,0.000000,NULL,NULL,NULL,NULL,NULL,2.544460,3.086377,174.570000
0,1,1,-96.164557,-1004.828887,0.000000,NULL,NULL,NULL,NULL,NULL,-0.381069,-3.981807,174.570000
0,1,1,924.753462,-542.383914,0.000000,NULL,NULL,NULL,NULL,NULL,3.450325,-2.023675,174.570000
0,1,1,1077.274938,-242.915058,0.000000,NULL,NULL,NULL,NULL,NULL,3.902029,-0.879870,174.570000
0,1,1,-1137.253266,-53.626714,0.000000,NULL,NULL,NULL,NULL,NULL,-3.995560,-0.188409,174.570000
0,1,1,1121.422893,196.549007,0.000000,NULL,NULL,NULL,NULL,NULL,3.939943,0.690544,174.570000
0,1,1,-121.119113,-1002.127175,0.000000,NULL,NULL,NULL,NULL,NULL,-0.479955,-3.971101,174.570000
0,1,1,748.904223,-721.381716,0.000000,NULL,NULL,NULL,NULL,NULL,2.880868,-2.774995,174.570000
0,1,1,-981.472110,885.895419,0.000000,NULL,NULL,NULL,NULL,NULL,-2.969307,2.680153,174.570000
0,1,1,-292.076608,-525.421335,0.000000,NULL,NULL,NULL,NULL,NULL,-1.943466,-3.496132,174.570000
0,1,1,1084.556652,611.843064,0.000000,NULL,NULL,NULL,NULL,NULL,3.483856,1.965387,174.570000
0,1,1,594.252005,-90.779282,0.000000,NULL,NULL,NULL,NULL,NULL,3.954129,-0.604042,174.570000
0,1,1,-1167.883123,106.301894,0.000000,NULL,NULL,NULL,NULL,NULL,-3.983533,0.362585,174.570000
0,1,1,171.877536,1090.865313,0.000000,NULL,NULL,NULL,NULL,NULL,0.622563,3.951255,174.570000
0,1,1,822.146505,1035.458025,0.000000,NULL,NULL,NULL,NULL,NULL,2.487289,3.132633,174.570000
0,1,1,-762.821389,-753.294634,0.000000,NULL,NULL,NULL,NULL,NULL,-2.846144,-2.810599,174.570000
0,1,1,-1123.804683,620.435739,0.000000,NULL,NULL,NULL,NULL,NULL,-3.501776,1.933278,174.570000
0,1,1,-1135.021075,599.670436,0.000000,NULL,NULL,NULL,NULL,NULL,-3.536726,1.868573,174.570000
0,1,1,1117.619934,217.132446,0.000000,NULL,NULL,NULL,NULL,NULL,3.926582,0.762861,174.570000
0,1,1,-1186.783761,230.569671,0.000000,NULL,NULL,NULL,NULL,NULL,-3.926582,0.762861,174.570000
0,1,1,-1182.344308,252.348979,0.000000,NULL,NULL,NULL,NULL,NULL,-3.911893,0.834919,174.570000
0,1,1,371.129180,1311.447021,0.000000,NULL,NULL,NULL,NULL,NULL,1.089195,3.848851,174.570000
0,1,1,-1178.135143,403.252589,0.000000,NULL,NULL,NULL,NULL,NULL,-3.784453,1.295344,174.570000
0,1,1,1106.316424,571.558426,0.000000,NULL,NULL,NULL,NULL,NULL,3.553754,1.835983,174.570000
0,1,1,-1165.731449,127.754728,0.000000,NULL,NULL,NULL,NULL,NULL,-3.976193,0.435759,174.570000
0,1,1,-145.998777,-998.805822,0.000000,NULL,NULL,NULL,NULL,NULL,-0.578545,-3.957940,174.570000
0,1,1,1122.728540,338.720692,0.000000,NULL,NULL,NULL,NULL,NULL,3.829515,1.155342,174.570000
0,1,1,-1138.455971,-11.782153,0.000000,NULL,NULL,NULL,NULL,NULL,-3.999786,-0.041395,174.570000
0,1,1,1006.260089,797.068444,0.000000,NULL,NULL,NULL,NULL,NULL,3.135507,2.483666,174.570000
0,1,1,-1138.046956,-32.709961,0.000000,NULL,NULL,NULL,NULL,NULL,-3.998349,-0.114921,174.570000
0,1,1,433.188290,-911.743724,0.000000,NULL,NULL,NULL,NULL,NULL,1.716583,-3.612941,174.570000
0,1,1,-671.052534,1186.304621,0.000000,NULL,NULL,NULL,NULL,NULL,-1.969413,3.481582,174.570000
0,1,1,-526.190132,-896.868475,0.000000,NULL,NULL,NULL,NULL,NULL,-2.024137,-3.450054,174.570000
0,1,1,1116.311623,359.304106,0.000000,NULL,NULL,NULL,NULL,NULL,3.807627,1.225550,174.570000
0,1,1,991.436420,815.433196,0.000000,NULL,NULL,NULL,NULL,NULL,3.089316,2.540890,174.570000
0,1,1,-227.136218,-784.238846,0.000000,NULL,NULL,NULL,NULL,NULL,-1.112773,-3.842100,174.570000
0,1,1,346.956324,1318.048355,0.000000,NULL,NULL,NULL,NULL,NULL,1.018252,3.868225,174.570000
0,1,1,-170.788167,-994.866883,0.000000,NULL,NULL,NULL,NULL,NULL,-0.676777,-3.942331,174.570000
0,1,1,455.724161,-900.690959,0.000000,NULL,NULL,NULL,NULL,NULL,1.805885,-3.569143,174.570000
0,1,1,1113.439205,237.642491,0.000000,NULL,NULL,NULL,NULL,NULL,3.911893,0.834919,174.570000
0,1,1,-536.374782,1252.969373,0.000000,NULL,NULL,NULL,NULL,NULL,-1.574159,3.677230,174.570000
0,1,1,-965.019602,903.789447,0.000000,NULL,NULL,NULL,NULL,NULL,-2.919532,2.734289,174.570000
0,1,1,1056.514826,-321.411636,0.000000,NULL,NULL,NULL,NULL,NULL,3.826833,-1.164194,174.570000
0,1,1,802.971310,1050.397673,0.000000,NULL,NULL,NULL,NULL,NULL,2.429277,3.177831,174.570000
0,1,1,-997.592867,867.701947,0.000000,NULL,NULL,NULL,NULL,NULL,-3.018078,2.625111,174.570000
0,1,1,766.609283,-702.537773,0.000000,NULL,NULL,NULL,NULL,NULL,2.948976,-2.702507,174.570000
0,1,1,-513.249074,1262.618527,0.000000,NULL,NULL,NULL,NULL,NULL,-1.506290,3.705549,174.570000
0,1,1,322.666193,1324.204170,0.000000,NULL,NULL,NULL,NULL,NULL,0.946965,3.886291,174.570000
0,1,1,-195.471954,-990.312793,0.000000,NULL,NULL,NULL,NULL,NULL,-0.774591,-3.924284,174.570000
0,1,1,442.862596,1288.992970,0.000000,NULL,NULL,NULL,NULL,NULL,1.299719,3.782953,174.570000
0,1,1,937.953516,-519.222956,0.000000,NULL,NULL,NULL,NULL,NULL,3.499575,-1.937260,174.570000
0,1,1,477.978245,-889.081273,0.000000,NULL,NULL,NULL,NULL,NULL,1.894071,-3.523137,174.570000
0,1,1,-1112.208430,640.991326,0.000000,NULL,NULL,NULL,NULL,NULL,-3.465642,1.997329,174.570000
0,1,1,-781.315636,-734.094785,0.000000,NULL,NULL,NULL,NULL,NULL,-2.915147,-2.738963,174.570000
0,1,1,1073.125003,631.678552,0.000000,NULL,NULL,NULL,NULL,NULL,3.447135,2.029103,174.570000
0,1,1,-548.327388,-883.507890,0.000000,NULL,NULL,NULL,NULL,NULL,-2.109294,-3.398659,174.570000
0,1,1,298.266996,1329.912387,0.000000,NULL,NULL,NULL,NULL,NULL,0.875358,3.903044,174.570000
0,1,1,-1177.505206,274.042990,0.000000,NULL,NULL,NULL,NULL,NULL,-3.895883,0.906696,174.570000
0,1,1,-489.949881,1271.840899,0.000000,NULL,NULL,NULL,NULL,NULL,-1.437911,3.732615,174.570000
0,1,1,-220.034876,-985.146368,0.000000,NULL,NULL,NULL,NULL,NULL,-0.871926,-3.903812,174.570000
0,1,1,-1170.522484,424.843713,0.000000,NULL,NULL,NULL,NULL,NULL,-3.759999,1.364700,174.570000
0,1,1,410.384568,-922.232736,0.000000,NULL,NULL,NULL,NULL,NULL,1.626219,-3.654506,174.570000
0,1,1,419.090421,1296.916873,0.000000,NULL,NULL,NULL,NULL,NULL,1.229952,3.806208,174.570000
0,1,1,499.936784,-876.921847,0.000000,NULL,NULL,NULL,NULL,NULL,1.981085,-3.474953,174.570000
0,1,1,976.277632,833.522319,0.000000,NULL,NULL,NULL,NULL,NULL,3.042082,2.597256,174.570000
0,1,1,950.573610,-495.740949,0.000000,NULL,NULL,NULL,NULL,NULL,3.546661,-1.849647,174.570000
0,1,1,395.176588,1304.402400,0.000000,NULL,NULL,NULL,NULL,NULL,1.159769,3.828177,174.570000
0,1,1,273.766981,1335.171074,0.000000,NULL,NULL,NULL,NULL,NULL,0.803455,3.918477,174.570000
0,1,1,-466.485078,1280.633370,0.000000,NULL,NULL,NULL,NULL,NULL,-1.369046,3.758419,174.570000
0,1,1,737.510339,-350.285496,0.000000,NULL,NULL,NULL,NULL,NULL,3.613171,-1.716100,174.570000
0,1,1,-948.240904,921.377981,0.000000,NULL,NULL,NULL,NULL,NULL,-2.868770,2.787500,174.570000
0,1,1,783.524699,1064.982273,0.000000,NULL,NULL,NULL,NULL,NULL,2.370444,3.221955,174.570000
0,1,1,1109.517378,379.766071,0.000000,NULL,NULL,NULL,NULL,NULL,3.784453,1.295344,174.570000
0,1,1,-244.461745,-979.370802,0.000000,NULL,NULL,NULL,NULL,NULL,-0.968722,-3.880925,174.570000
0,1,1,783.840330,-683.259433,0.000000,NULL,NULL,NULL,NULL,NULL,3.015260,-2.628347,174.570000
0,1,1,670.676648,877.337935,0.000000,NULL,NULL,NULL,NULL,NULL,2.429277,3.177831,174.570000
0,1,1,-1138.480171,9.149638,0.000000,NULL,NULL,NULL,NULL,NULL,-3.999871,0.032146,174.570000
0,1,1,-582.074536,1232.403908,0.000000,NULL,NULL,NULL,NULL,NULL,-1.708280,3.616874,174.570000
0,1,1,-259.365330,774.177663,0.000000,NULL,NULL,NULL,NULL,NULL,-1.270669,3.792809,174.570000
0,1,1,259.365330,774.177663,0.000000,NULL,NULL,NULL,NULL,NULL,1.270669,3.792809,174.570000
0,1,1,-931.141688,938.655077,0.000000,NULL,NULL,NULL,NULL,NULL,-2.817039,2.839770,174.570000
0,1,1,521.586200,-864.220197,0.000000,NULL,NULL,NULL,NULL,NULL,2.066875,-3.424621,174.570000
0,1,1,-570.125600,-869.601010,0.000000,NULL,NULL,NULL,NULL,NULL,-2.193147,-3.345162,174.570000
0,1,1,-559.319188,1242.896699,0.000000,NULL,NULL,NULL,NULL,NULL,-1.641497,3.647669,174.570000
0,1,1,-799.326776,-714.441027,0.000000,NULL,NULL,NULL,NULL,NULL,-2.982348,-2.665633,174.570000
0,1,1,-268.737458,-972.989667,0.000000,NULL,NULL,NULL,NULL,NULL,-1.064918,-3.855639,174.570000
0,1,1,-814.445789,-57.441141,0.000000,NULL,NULL,NULL,NULL,NULL,-3.990089,-0.281413,174.570000
0,1,1,1061.330623,651.300525,0.000000,NULL,NULL,NULL,NULL,NULL,3.409249,2.092134,174.570000
0,1,1,1107.559438,484.695948,0.000000,NULL,NULL,NULL,NULL,NULL,3.664461,1.603660,174.570000
0,1,1,101.484852,-592.517636,0.000000,NULL,NULL,NULL,NULL,NULL,0.675276,-3.942588,174.570000
0,1,1,-1172.268090,295.644370,0.000000,NULL,NULL,NULL,NULL,NULL,-3.878555,0.978166,174.570000
0,1,1,-171.877536,1090.865313,0.000000,NULL,NULL,NULL,NULL,NULL,-0.622563,3.951255,174.570000
0,1,1,542.913106,-850.984179,0.000000,NULL,NULL,NULL,NULL,NULL,2.151386,-3.372171,174.570000
0,1,1,-371.129180,1311.447021,0.000000,NULL,NULL,NULL,NULL,NULL,-1.089195,3.848851,174.570000
0,1,1,-1007.574313,452.021042,0.000000,NULL,NULL,NULL,NULL,NULL,-3.649564,1.637279,174.570000
0,1,1,-121.366264,807.398079,0.000000,NULL,NULL,NULL,NULL,NULL,-0.594591,3.955561,174.570000
0,1,1,-591.571289,-855.156434,0.000000,NULL,NULL,NULL,NULL,NULL,-2.275643,-3.289597,174.570000
0,1,1,960.788849,851.329701,0.000000,NULL,NULL,NULL,NULL,NULL,2.993819,2.652744,174.570000
0,1,1,-913.727733,955.614894,0.000000,NULL,NULL,NULL,NULL,NULL,-2.764355,2.891079,174.570000
0,1,1,-346.956324,1318.048355,0.000000,NULL,NULL,NULL,NULL,NULL,-1.018252,3.868225,174.570000
0,1,1,1108.882117,258.072210,0.000000,NULL,NULL,NULL,NULL,NULL,3.895883,0.906696,174.570000
0,1,1,800.586708,-663.558617,0.000000,NULL,NULL,NULL,NULL,NULL,3.079679,-2.552563,174.570000
0,1,1,563.904315,-837.221976,0.000000,NULL,NULL,NULL,NULL,NULL,2.234568,-3.317636,174.570000
0,1,1,-292.847003,-966.006908,0.000000,NULL,NULL,NULL,NULL,NULL,-1.160457,-3.827968,174.570000
0,1,1,962.605940,-471.952414,0.000000,NULL,NULL,NULL,NULL,NULL,3.591555,-1.760890,174.570000
0,1,1,-1163.185742,149.164379,0.000000,NULL,NULL,NULL,NULL,NULL,-3.967510,0.508785,174.570000
0,1,1,-322.666193,1324.204170,0.000000,NULL,NULL,NULL,NULL,NULL,-0.946965,3.886291,174.570000
0,1,1,-1138.119550,30.078336,0.000000,NULL,NULL,NULL,NULL,NULL,-3.998604,0.105675,174.570000
0,1,1,-47.419666,-815.090672,0.000000,NULL,NULL,NULL,NULL,NULL,-0.232316,-3.993248,174.570000
0,1,1,-960.568303,-544.828004,0.000000,NULL,NULL,NULL,NULL,NULL,-3.479302,-1.973437,174.570000
0,1,1,-298.266996,1329.912387,0.000000,NULL,NULL,NULL,NULL,NULL,-0.875358,3.903044,174.570000
0,1,1,-1087.892145,681.445633,0.000000,NULL,NULL,NULL,NULL,NULL,-3.389873,2.123385,174.570000
0,1,1,-316.775473,-958.426843,0.000000,NULL,NULL,NULL,NULL,NULL,-1.255277,-3.797931,174.570000
0,1,1,743.843614,1093.066729,0.000000,NULL,NULL,NULL,NULL,NULL,2.250395,3.306921,174.570000
0,1,1,1088.992110,525.084998,0.000000,NULL,NULL,NULL,NULL,NULL,3.603029,1.737291,174.570000
0,1,1,-273.766981,1335.171074,0.000000,NULL,NULL,NULL,NULL,NULL,-0.803455,3.918477,174.570000
0,1,1,816.838064,-643.447506,0.000000,NULL,NULL,NULL,NULL,NULL,3.142195,-2.475200,174.570000
0,1,1,-1137.374228,50.996868,0.000000,NULL,NULL,NULL,NULL,NULL,-3.995985,0.179169,174.570000
0,1,1,584.546848,-822.942098,0.000000,NULL,NULL,NULL,NULL,NULL,2.316367,-3.261049,174.570000
0,1,1,-816.843673,-694.345512,0.000000,NULL,NULL,NULL,NULL,NULL,-3.047705,-2.590655,174.570000
0,1,1,25.056965,1362.718719,0.000000,NULL,NULL,NULL,NULL,NULL,0.073537,3.999324,174.570000
0,1,1,-612.651194,-840.183093,0.000000,NULL,NULL,NULL,NULL,NULL,-2.356733,-3.231998,174.570000
0,1,1,-896.004926,972.251701,0.000000,NULL,NULL,NULL,NULL,NULL,-2.710738,2.941412,174.570000
0,1,1,-1092.211372,-163.105298,0.000000,NULL,NULL,NULL,NULL,NULL,-3.956131,-0.590788,174.570000
0,1,1,0.000000,1362.949066,0.000000,NULL,NULL,NULL,NULL,NULL,0.000000,4.000000,174.570000
0,1,1,-1166.634733,317.145819,0.000000,NULL,NULL,NULL,NULL,NULL,-3.859917,1.049306,174.570000
0,1,1,-25.056965,1362.718719,0.000000,NULL,NULL,NULL,NULL,NULL,-0.073537,3.999324,174.570000
0,1,1,723.622552,1106.557092,0.000000,NULL,NULL,NULL,NULL,NULL,2.189219,3.347734,174.570000
0,1,1,249.174429,1339.978456,0.000000,NULL,NULL,NULL,NULL,NULL,0.731280,3.932586,174.570000
0,1,1,1098.461421,504.975817,0.000000,NULL,NULL,NULL,NULL,NULL,3.634359,1.670758,174.570000
0,1,1,944.975305,868.849321,0.000000,NULL,NULL,NULL,NULL,NULL,2.944544,2.707335,174.570000
0,1,1,-1136.244459,71.898162,0.000000,NULL,NULL,NULL,NULL,NULL,-3.992016,0.252603,174.570000
0,1,1,-1145.321551,488.726519,0.000000,NULL,NULL,NULL,NULL,NULL,-3.679048,1.569907,174.570000
0,1,1,-1072.627030,-262.679029,0.000000,NULL,NULL,NULL,NULL,NULL,-3.885194,-0.951457,174.570000
0,1,1,-340.508073,-950.254158,0.000000,NULL,NULL,NULL,NULL,NULL,-1.349322,-3.765545,174.570000
0,1,1,-442.862596,1288.992970,0.000000,NULL,NULL,NULL,NULL,NULL,-1.299719,3.782953,174.570000
0,1,1,-1100.236235,661.330249,0.000000,NULL,NULL,NULL,NULL,NULL,-3.428337,2.060705,174.570000
0,1,1,224.497652,1344.332906,0.000000,NULL,NULL,NULL,NULL,NULL,0.658859,3.945365,174.570000
0,1,1,1103.950213,278.414697,0.000000,NULL,NULL,NULL,NULL,NULL,3.878555,0.978166,174.570000
0,1,1,604.827941,-808.153374,0.000000,NULL,NULL,NULL,NULL,NULL,2.396735,-3.202446,174.570000
0,1,1,-833.855495,-673.820666,0.000000,NULL,NULL,NULL,NULL,NULL,-3.111177,-2.514075,174.570000
0,1,1,-1162.514172,446.291234,0.000000,NULL,NULL,NULL,NULL,NULL,-3.734275,1.433595,174.570000
0,1,1,-419.090421,1296.916873,0.000000,NULL,NULL,NULL,NULL,NULL,-1.229952,3.806208,174.570000
0,1,1,-1160.246862,170.523610,0.000000,NULL,NULL,NULL,NULL,NULL,-3.957486,0.581639,174.570000
0,1,1,-1097.750351,120.304550,0.000000,NULL,NULL,NULL,NULL,NULL,-3.976193,0.435759,174.570000
0,1,1,1094.806215,420.298030,0.000000,NULL,NULL,NULL,NULL,NULL,3.734275,1.433595,174.570000
0,1,1,-594.252005,-90.779282,0.000000,NULL,NULL,NULL,NULL,NULL,-3.954129,-0.604042,174.570000
0,1,1,974.043066,-447.872059,0.000000,NULL,NULL,NULL,NULL,NULL,3.634228,-1.671044,174.570000
0,1,1,-1075.180333,701.330680,0.000000,NULL,NULL,NULL,NULL,NULL,-3.350263,2.185347,174.570000
0,1,1,-395.176588,1304.402400,0.000000,NULL,NULL,NULL,NULL,NULL,-1.159769,3.828177,174.570000
0,1,1,199.744992,1348.232953,0.000000,NULL,NULL,NULL,NULL,NULL,0.586214,3.956811,174.570000
0,1,1,763.813246,1079.206895,0.000000,NULL,NULL,NULL,NULL,NULL,2.310810,3.264990,174.570000
0,1,1,-877.979257,988.559873,0.000000,NULL,NULL,NULL,NULL,NULL,-2.656203,2.990750,174.570000
0,1,1,1089.028192,-183.157353,0.000000,NULL,NULL,NULL,NULL,NULL,3.944601,-0.663420,174.570000
0,1,1,-1062.105095,720.978667,0.000000,NULL,NULL,NULL,NULL,NULL,-3.309520,2.246570,174.570000
0,1,1,703.156896,1119.673424,0.000000,NULL,NULL,NULL,NULL,NULL,2.127303,3.387415,174.570000
0,1,1,832.584348,-622.938535,0.000000,NULL,NULL,NULL,NULL,NULL,3.202767,-2.396306,174.570000
0,1,1,-364.030129,-941.493908,0.000000,NULL,NULL,NULL,NULL,NULL,-1.442532,-3.730831,174.570000
0,1,1,-633.352282,-824.690246,0.000000,NULL,NULL,NULL,NULL,NULL,-2.436366,-3.172400,174.570000
0,1,1,174.924816,1351.677279,0.000000,NULL,NULL,NULL,NULL,NULL,0.513372,3.966919,174.570000
0,1,1,1079.154704,545.016693,0.000000,NULL,NULL,NULL,NULL,NULL,3.570481,1.803237,174.570000
0,1,1,1102.348101,400.099670,0.000000,NULL,NULL,NULL,NULL,NULL,3.759999,1.364700,174.570000
0,1,1,150.045512,1354.664719,0.000000,NULL,NULL,NULL,NULL,NULL,0.440355,3.975687,174.570000
0,1,1,928.842348,886.075259,0.000000,NULL,NULL,NULL,NULL,NULL,2.894273,2.761011,174.570000
0,1,1,1036.669738,689.877467,0.000000,NULL,NULL,NULL,NULL,NULL,3.330032,2.216052,174.570000
0,1,1,624.735053,-792.864948,0.000000,NULL,NULL,NULL,NULL,NULL,2.475620,-3.141863,174.570000
0,1,1,125.115492,1357.194264,0.000000,NULL,NULL,NULL,NULL,NULL,0.367191,3.983111,174.570000
0,1,1,-1136.143053,509.699940,0.000000,NULL,NULL,NULL,NULL,NULL,-3.649564,1.637279,174.570000
0,1,1,-387.327096,-932.151508,0.000000,NULL,NULL,NULL,NULL,NULL,-1.534850,-3.693810,174.570000
0,1,1,100.143180,1359.265059,0.000000,NULL,NULL,NULL,NULL,NULL,0.293901,3.989188,174.570000
0,1,1,-859.656818,1004.533898,0.000000,NULL,NULL,NULL,NULL,NULL,-2.600771,3.039077,174.570000
0,1,1,1023.811569,708.819397,0.000000,NULL,NULL,NULL,NULL,NULL,3.288729,2.276898,174.570000
0,1,1,75.137019,1360.876404,0.000000,NULL,NULL,NULL,NULL,NULL,0.220513,3.993917,174.570000
0,1,1,-812.765764,-77.673942,0.000000,NULL,NULL,NULL,NULL,NULL,-3.981858,-0.380536,174.570000
0,1,1,1049.177499,670.702350,0.000000,NULL,NULL,NULL,NULL,NULL,3.370210,2.154457,174.570000
0,1,1,1098.645158,298.663076,0.000000,NULL,NULL,NULL,NULL,NULL,3.859917,1.049306,174.570000
0,1,1,644.255877,-777.086275,0.000000,NULL,NULL,NULL,NULL,NULL,2.552975,-3.079338,174.570000
0,1,1,-1154.112914,467.587902,0.000000,NULL,NULL,NULL,NULL,NULL,-3.707288,1.502005,174.570000
0,1,1,-249.174429,1339.978456,0.000000,NULL,NULL,NULL,NULL,NULL,-0.731280,3.932586,174.570000
0,1,1,-1156.915802,191.825202,0.000000,NULL,NULL,NULL,NULL,NULL,-3.946124,0.654297,174.570000
0,1,1,50.105460,1362.027753,0.000000,NULL,NULL,NULL,NULL,NULL,0.147050,3.997296,174.570000
0,1,1,-850.351723,-652.879180,0.000000,NULL,NULL,NULL,NULL,NULL,-3.172726,-2.435941,174.570000
0,1,1,1086.894269,440.354323,0.000000,NULL,NULL,NULL,NULL,NULL,3.707288,1.502005,174.570000
0,1,1,-224.497652,1344.332906,0.000000,NULL,NULL,NULL,NULL,NULL,-0.658859,3.945365,174.570000
0,1,1,-653.661753,-808.687473,0.000000,NULL,NULL,NULL,NULL,NULL,-2.514492,-3.110841,174.570000
0,1,1,47.419666,-815.090672,0.000000,NULL,NULL,NULL,NULL,NULL,0.232316,-3.993248,174.570000
0,1,1,-199.744992,1348.232953,0.000000,NULL,NULL,NULL,NULL,NULL,-0.586214,3.956811,174.570000
0,1,1,847.815825,-602.044386,0.000000,NULL,NULL,NULL,NULL,NULL,3.261359,-2.315931,174.570000
0,1,1,984.877918,-423.514773,0.000000,NULL,NULL,NULL,NULL,NULL,3.674653,-1.580165,174.570000
0,1,1,-174.924816,1351.677279,0.000000,NULL,NULL,NULL,NULL,NULL,-0.513372,3.966919,174.570000
0,1,1,-50.105460,1362.027753,0.000000,NULL,NULL,NULL,NULL,NULL,-0.147050,3.997296,174.570000
0,1,1,702.476455,852.089108,0.000000,NULL,NULL,NULL,NULL,NULL,2.544460,3.086377,174.570000
0,1,1,-125.115492,1357.194264,0.000000,NULL,NULL,NULL,NULL,NULL,-0.367191,3.983111,174.570000
0,1,1,-75.137019,1360.876404,0.000000,NULL,NULL,NULL,NULL,NULL,-0.220513,3.993917,174.570000
0,1,1,-150.045512,1354.664719,0.000000,NULL,NULL,NULL,NULL,NULL,-0.440355,3.975687,174.570000
0,1,1,-100.143180,1359.265059,0.000000,NULL,NULL,NULL,NULL,NULL,-0.293901,3.989188,174.570000
0,1,1,1078.614938,460.261770,0.000000,NULL,NULL,NULL,NULL,NULL,3.679048,1.569907,174.570000
0,1,1,1068.952529,564.764164,0.000000,NULL,NULL,NULL,NULL,NULL,3.536726,1.868573,174.570000
0,1,1,912.395428,903.001691,0.000000,NULL,NULL,NULL,NULL,NULL,2.843025,2.813754,174.570000
0,1,1,1092.968746,318.810503,0.000000,NULL,NULL,NULL,NULL,NULL,3.839974,1.120091,174.570000
0,1,1,-841.043804,1020.168377,0.000000,NULL,NULL,NULL,NULL,NULL,-2.544460,3.086377,174.570000
0,1,1,661.519552,1144.766386,0.000000,NULL,NULL,NULL,NULL,NULL,2.001335,3.463331,174.570000
0,1,1,-822.146505,1035.458025,0.000000,NULL,NULL,NULL,NULL,NULL,-2.487289,3.132633,174.570000
0,1,1,663.378341,-760.827109,0.000000,NULL,NULL,NULL,NULL,NULL,2.628751,-3.014908,174.570000
0,1,1,-1126.580523,530.501076,0.000000,NULL,NULL,NULL,NULL,NULL,-3.618847,1.704097,174.570000
0,1,1,-101.484852,-592.517636,0.000000,NULL,NULL,NULL,NULL,NULL,-0.675276,-3.942588,174.570000
0,1,1,1058.389033,584.320738,0.000000,NULL,NULL,NULL,NULL,NULL,3.501776,1.933278,174.570000
0,1,1,-673.567048,-792.184668,0.000000,NULL,NULL,NULL,NULL,NULL,-2.591063,-3.047358,174.570000
0,1,1,-1144.581467,255.312252,0.000000,NULL,NULL,NULL,NULL,NULL,-3.904053,0.870845,174.570000
0,1,1,153.633347,-966.878896,0.000000,NULL,NULL,NULL,NULL,NULL,0.627710,-3.950441,174.570000
0,1,1,177.626539,-962.760000,0.000000,NULL,NULL,NULL,NULL,NULL,0.725740,-3.933612,174.570000
0,1,1,129.545160,-970.399947,0.000000,NULL,NULL,NULL,NULL,NULL,0.529291,-3.964827,174.570000
0,1,1,201.509899,-958.045806,0.000000,NULL,NULL,NULL,NULL,NULL,0.823322,-3.914351,174.570000
0,1,1,895.640107,919.622895,0.000000,NULL,NULL,NULL,NULL,NULL,2.790815,2.865545,174.570000
0,1,1,-1147.376910,380.978079,0.000000,NULL,NULL,NULL,NULL,NULL,-3.796201,1.260501,174.570000
0,1,1,105.376873,-973.320975,0.000000,NULL,NULL,NULL,NULL,NULL,0.430545,-3.976761,174.570000
0,1,1,225.268661,-952.739228,0.000000,NULL,NULL,NULL,NULL,NULL,0.920395,-3.892669,174.570000
0,1,1,1010.607337,727.521736,0.000000,NULL,NULL,NULL,NULL,NULL,3.246313,2.336974,174.570000
0,1,1,248.888134,-946.843547,0.000000,NULL,NULL,NULL,NULL,NULL,1.016899,-3.868581,174.570000
0,1,1,-1134.730623,92.775153,0.000000,NULL,NULL,NULL,NULL,NULL,-3.986697,0.325951,174.570000
0,1,1,-433.188290,-911.743724,0.000000,NULL,NULL,NULL,NULL,NULL,-1.716583,-3.612941,174.570000
0,1,1,-1132.833233,113.620785,0.000000,NULL,NULL,NULL,NULL,NULL,-3.980031,0.399189,174.570000
0,1,1,-1034.882142,759.536980,0.000000,NULL,NULL,NULL,NULL,NULL,-3.224693,2.366718,174.570000
0,1,1,-1153.193689,213.061954,0.000000,NULL,NULL,NULL,NULL,NULL,-3.933428,0.726733,174.570000
0,1,1,-1160.607036,338.540068,0.000000,NULL,NULL,NULL,NULL,NULL,-3.839974,1.120091,174.570000
0,1,1,272.353713,-940.362409,0.000000,NULL,NULL,NULL,NULL,NULL,1.112773,-3.842100,174.570000
0,1,1,-1130.552929,134.428011,0.000000,NULL,NULL,NULL,NULL,NULL,-3.972020,0.472292,174.570000
0,1,1,640.361938,1156.734536,0.000000,NULL,NULL,NULL,NULL,NULL,1.937325,3.499539,174.570000
0,1,1,295.650888,-933.299822,0.000000,NULL,NULL,NULL,NULL,NULL,1.207960,-3.813244,174.570000
0,1,1,-866.322157,-631.534002,0.000000,NULL,NULL,NULL,NULL,NULL,-3.232313,-2.356301,174.570000
0,1,1,-802.971310,1050.397673,0.000000,NULL,NULL,NULL,NULL,NULL,-2.429277,3.177831,174.570000
0,1,1,-1149.081781,234.226689,0.000000,NULL,NULL,NULL,NULL,NULL,-3.919403,0.798924,174.570000
0,1,1,-1154.187039,359.819885,0.000000,NULL,NULL,NULL,NULL,NULL,-3.818732,1.190497,174.570000
0,1,1,862.523076,-580.777978,0.000000,NULL,NULL,NULL,NULL,NULL,3.317935,-2.234124,174.570000
0,1,1,1086.922895,338.850168,0.000000,NULL,NULL,NULL,NULL,NULL,3.818732,1.190497,174.570000
0,1,1,318.765256,-925.660152,0.000000,NULL,NULL,NULL,NULL,NULL,1.302400,-3.782030,174.570000
0,1,1,682.090621,-744.097506,0.000000,NULL,NULL,NULL,NULL,NULL,2.702901,-2.948614,174.570000
0,1,1,618.987872,1168.311692,0.000000,NULL,NULL,NULL,NULL,NULL,1.872661,3.534564,174.570000
0,1,1,1069.971020,480.013643,0.000000,NULL,NULL,NULL,NULL,NULL,3.649564,1.637279,174.570000
0,1,1,682.453563,1132.411290,0.000000,NULL,NULL,NULL,NULL,NULL,2.064668,3.425952,174.570000
0,1,1,341.682523,-917.448124,0.000000,NULL,NULL,NULL,NULL,NULL,1.396035,-3.748478,174.570000
0,1,1,-455.724161,-900.690959,0.000000,NULL,NULL,NULL,NULL,NULL,-1.805885,-3.569143,174.570000
0,1,1,-693.055860,-775.192035,0.000000,NULL,NULL,NULL,NULL,NULL,-2.666032,-2.981992,174.570000
0,1,1,1038.063283,376.767354,0.000000,NULL,NULL,NULL,NULL,NULL,3.759999,1.364700,174.570000
0,1,1,-1116.637193,551.122895,0.000000,NULL,NULL,NULL,NULL,NULL,-3.586907,1.770339,174.570000
0,1,1,878.582047,935.933255,0.000000,NULL,NULL,NULL,NULL,NULL,2.737662,2.916369,174.570000
0,1,1,-410.384568,-922.232736,0.000000,NULL,NULL,NULL,NULL,NULL,-1.626219,-3.654506,174.570000
0,1,1,-1048.670851,740.382953,0.000000,NULL,NULL,NULL,NULL,NULL,-3.267659,2.307034,174.570000
0,1,1,-1139.694269,276.311515,0.000000,NULL,NULL,NULL,NULL,NULL,-3.887383,0.942471,174.570000
0,1,1,1080.509650,358.775296,0.000000,NULL,NULL,NULL,NULL,NULL,3.796201,1.260501,174.570000
0,1,1,876.697007,-559.152460,0.000000,NULL,NULL,NULL,NULL,NULL,3.372459,-2.150935,174.570000
0,1,1,-783.524699,1064.982273,0.000000,NULL,NULL,NULL,NULL,NULL,-2.370444,3.221955,174.570000
0,1,1,-1140.178952,402.007497,0.000000,NULL,NULL,NULL,NULL,NULL,-3.772385,1.330078,174.570000
0,1,1,364.388519,-908.668814,0.000000,NULL,NULL,NULL,NULL,NULL,1.488806,-3.712608,174.570000
0,1,1,-1020.743628,778.434273,0.000000,NULL,NULL,NULL,NULL,NULL,-3.180638,2.425602,174.570000
0,1,1,-1127.890483,155.189799,0.000000,NULL,NULL,NULL,NULL,NULL,-3.962666,0.545235,174.570000
0,1,1,-998.003354,-472.777245,0.000000,NULL,NULL,NULL,NULL,NULL,-3.614897,-1.712460,174.570000
0,1,1,700.381148,-726.907808,0.000000,NULL,NULL,NULL,NULL,NULL,2.775381,-2.880497,174.570000
0,1,1,1073.731177,378.579153,0.000000,NULL,NULL,NULL,NULL,NULL,3.772385,1.330078,174.570000
0,1,1,-670.676648,877.337935,0.000000,NULL,NULL,NULL,NULL,NULL,-2.429277,3.177831,174.570000
0,1,1,-477.978245,-889.081273,0.000000,NULL,NULL,NULL,NULL,NULL,-1.894071,-3.523137,174.570000
0,1,1,386.869204,-899.327651,0.000000,NULL,NULL,NULL,NULL,NULL,1.580657,-3.674442,174.570000
0,1,1,1004.714374,-374.029814,0.000000,NULL,NULL,NULL,NULL,NULL,3.748665,-1.395533,174.570000
0,1,1,995.103795,-398.895617,0.000000,NULL,NULL,NULL,NULL,NULL,3.712807,-1.488309,174.570000
0,1,1,-105.376873,-973.320975,0.000000,NULL,NULL,NULL,NULL,NULL,-0.430545,-3.976761,174.570000
0,1,1,81.143428,-975.640174,0.000000,NULL,NULL,NULL,NULL,NULL,0.331533,-3.986237,174.570000
0,1,1,56.859810,-977.356111,0.000000,NULL,NULL,NULL,NULL,NULL,0.232316,-3.993248,174.570000
0,1,1,759.073537,300.713806,0.000000,NULL,NULL,NULL,NULL,NULL,3.718812,1.473241,174.570000
0,1,1,-881.756923,-609.798331,0.000000,NULL,NULL,NULL,NULL,NULL,-3.289901,-2.275203,174.570000
0,1,1,32.541034,-978.467724,0.000000,NULL,NULL,NULL,NULL,NULL,0.132955,-3.997790,174.570000
0,1,1,559.149035,-594.956960,0.000000,NULL,NULL,NULL,NULL,NULL,2.739353,-2.914781,174.570000
0,1,1,-129.545160,-970.399947,0.000000,NULL,NULL,NULL,NULL,NULL,-0.529291,-3.964827,174.570000
0,1,1,409.110679,-889.430412,0.000000,NULL,NULL,NULL,NULL,NULL,1.671530,-3.634004,174.570000
0,1,1,718.238612,-709.268644,0.000000,NULL,NULL,NULL,NULL,NULL,2.846144,-2.810599,174.570000
0,1,1,861.227014,951.927256,0.000000,NULL,NULL,NULL,NULL,NULL,2.683584,2.966206,174.570000
0,1,1,-712.116138,-757.720082,0.000000,NULL,NULL,NULL,NULL,NULL,-2.739353,-2.914781,174.570000
0,1,1,1060.965438,499.603264,0.000000,NULL,NULL,NULL,NULL,NULL,3.618847,1.704097,174.570000
0,1,1,-1006.260089,797.068444,0.000000,NULL,NULL,NULL,NULL,NULL,-3.135507,2.483666,174.570000
0,1,1,-1134.421839,297.217382,0.000000,NULL,NULL,NULL,NULL,NULL,-3.869400,1.013779,174.570000
0,1,1,-153.633347,-966.878896,0.000000,NULL,NULL,NULL,NULL,NULL,-0.627710,-3.950441,174.570000
0,1,1,-1095.621706,591.800763,0.000000,NULL,NULL,NULL,NULL,NULL,-3.519400,1.901006,174.570000
0,1,1,431.099190,-878.983216,0.000000,NULL,NULL,NULL,NULL,NULL,1.761370,-3.591319,174.570000
0,1,1,-32.541034,-978.467724,0.000000,NULL,NULL,NULL,NULL,NULL,-0.132955,-3.997790,174.570000
0,1,1,-499.936784,-876.921847,0.000000,NULL,NULL,NULL,NULL,NULL,-1.981085,-3.474953,174.570000
0,1,1,-1132.595598,422.901030,0.000000,NULL,NULL,NULL,NULL,NULL,-3.747295,1.399206,174.570000
0,1,1,1036.192483,622.834816,0.000000,NULL,NULL,NULL,NULL,NULL,3.428337,2.060705,174.570000
0,1,1,890.328855,-537.181204,0.000000,NULL,NULL,NULL,NULL,NULL,3.424897,-2.066417,174.570000
0,1,1,983.178655,764.182438,0.000000,NULL,NULL,NULL,NULL,NULL,3.158206,2.454737,174.570000
0,1,1,-991.436420,815.433196,0.000000,NULL,NULL,NULL,NULL,NULL,-3.089316,2.540890,174.570000
0,1,1,-896.646476,-587.685607,0.000000,NULL,NULL,NULL,NULL,NULL,-3.345455,-2.192699,174.570000
0,1,1,-743.843614,1093.066729,0.000000,NULL,NULL,NULL,NULL,NULL,-2.250395,3.306921,174.570000
0,1,1,-56.859810,-977.356111,0.000000,NULL,NULL,NULL,NULL,NULL,-0.232316,-3.993248,174.570000
0,1,1,548.275592,246.516123,0.000000,NULL,NULL,NULL,NULL,NULL,3.648204,1.640308,174.570000
0,1,1,530.604910,-282.550444,0.000000,NULL,NULL,NULL,NULL,NULL,3.530624,-1.880079,174.570000
0,1,1,-177.626539,-962.760000,0.000000,NULL,NULL,NULL,NULL,NULL,-0.725740,-3.933612,174.570000
0,1,1,553.639568,1200.658747,0.000000,NULL,NULL,NULL,NULL,NULL,1.674959,3.632425,174.570000
0,1,1,-723.622552,1106.557092,0.000000,NULL,NULL,NULL,NULL,NULL,-2.189219,3.347734,174.570000
0,1,1,-702.476455,852.089108,0.000000,NULL,NULL,NULL,NULL,NULL,-2.544460,3.086377,174.570000
0,1,1,452.821142,-867.992522,0.000000,NULL,NULL,NULL,NULL,NULL,1.850121,-3.546414,174.570000
0,1,1,1047.467787,603.679803,0.000000,NULL,NULL,NULL,NULL,NULL,3.465642,1.997329,174.570000
0,1,1,-81.143428,-975.640174,0.000000,NULL,NULL,NULL,NULL,NULL,-0.331533,-3.986237,174.570000
0,1,1,735.651971,-691.190923,0.000000,NULL,NULL,NULL,NULL,NULL,2.915147,-2.738963,174.570000
0,1,1,-201.509899,-958.045806,0.000000,NULL,NULL,NULL,NULL,NULL,-0.823322,-3.914351,174.570000
0,1,1,843.580874,967.599493,0.000000,NULL,NULL,NULL,NULL,NULL,2.628599,3.015041,174.570000
0,1,1,997.061506,745.978162,0.000000,NULL,NULL,NULL,NULL,NULL,3.202801,2.396261,174.570000
0,1,1,1013.703714,-348.932740,0.000000,NULL,NULL,NULL,NULL,NULL,3.782205,-1.301894,174.570000
0,1,1,290.924943,1065.312957,0.000000,NULL,NULL,NULL,NULL,NULL,1.053768,3.858701,174.570000
0,1,1,474.263104,-856.465127,0.000000,NULL,NULL,NULL,NULL,NULL,1.937728,-3.499316,174.570000
0,1,1,-730.736097,-739.779611,0.000000,NULL,NULL,NULL,NULL,NULL,-2.810979,-2.845768,174.570000
0,1,1,-521.586200,-864.220197,0.000000,NULL,NULL,NULL,NULL,NULL,-2.066875,-3.424621,174.570000
0,1,1,-8.202137,-978.974326,0.000000,NULL,NULL,NULL,NULL,NULL,-0.033512,-3.999860,174.570000
0,1,1,-290.924943,1065.312957,0.000000,NULL,NULL,NULL,NULL,NULL,-1.053768,3.858701,174.570000
0,1,1,531.472640,1210.634144,0.000000,NULL,NULL,NULL,NULL,NULL,1.607896,3.662604,174.570000
0,1,1,-703.156896,1119.673424,0.000000,NULL,NULL,NULL,NULL,NULL,-2.127303,3.387415,174.570000
0,1,1,597.404581,1179.493944,0.000000,NULL,NULL,NULL,NULL,NULL,1.807364,3.568394,174.570000
0,1,1,-976.277632,833.522319,0.000000,NULL,NULL,NULL,NULL,NULL,-3.042082,2.597256,174.570000
0,1,1,-225.268661,-952.739228,0.000000,NULL,NULL,NULL,NULL,NULL,-0.920395,-3.892669,174.570000
0,1,1,-1128.765959,318.022785,0.000000,NULL,NULL,NULL,NULL,NULL,-3.850108,1.084744,174.570000
0,1,1,-1084.556652,611.843064,0.000000,NULL,NULL,NULL,NULL,NULL,-3.483856,1.965387,174.570000
0,1,1,-1030.043264,-398.170683,0.000000,NULL,NULL,NULL,NULL,NULL,-3.730950,-1.442226,174.570000
0,1,1,-1124.629411,443.651618,0.000000,NULL,NULL,NULL,NULL,NULL,-3.720938,1.467862,174.570000
0,1,1,968.963475,782.128410,0.000000,NULL,NULL,NULL,NULL,NULL,3.112543,2.512384,174.570000
0,1,1,1024.566932,641.779302,0.000000,NULL,NULL,NULL,NULL,NULL,3.389873,2.123385,174.570000
0,1,1,495.411816,-844.408159,0.000000,NULL,NULL,NULL,NULL,NULL,2.024137,-3.450054,174.570000
0,1,1,903.410190,-514.877796,0.000000,NULL,NULL,NULL,NULL,NULL,3.475218,-1.980621,174.570000
0,1,1,-1116.283084,464.252244,0.000000,NULL,NULL,NULL,NULL,NULL,-3.693324,1.536021,174.570000
0,1,1,-748.904223,-721.381716,0.000000,NULL,NULL,NULL,NULL,NULL,-2.880868,-2.774995,174.570000
0,1,1,-763.813246,1079.206895,0.000000,NULL,NULL,NULL,NULL,NULL,-2.310810,3.264990,174.570000
0,1,1,-1124.846795,175.899131,0.000000,NULL,NULL,NULL,NULL,NULL,-3.951972,0.617994,174.570000
0,1,1,509.126067,1220.200330,0.000000,NULL,NULL,NULL,NULL,NULL,1.540290,3.691545,174.570000
0,1,1,-910.981611,-565.209502,0.000000,NULL,NULL,NULL,NULL,NULL,-3.398941,-2.108839,174.570000
0,1,1,-1106.316424,571.558426,0.000000,NULL,NULL,NULL,NULL,NULL,-3.553754,1.835983,174.570000
0,1,1,-248.888134,-946.843547,0.000000,NULL,NULL,NULL,NULL,NULL,-1.016899,-3.868581,174.570000
0,1,1,752.610458,-672.685820,0.000000,NULL,NULL,NULL,NULL,NULL,2.982348,-2.665633,174.570000
0,1,1,825.649593,982.944668,0.000000,NULL,NULL,NULL,NULL,NULL,2.572725,3.062856,174.570000
0,1,1,-737.510339,-350.285496,0.000000,NULL,NULL,NULL,NULL,NULL,-3.613171,-1.716100,174.570000
0,1,1,1066.589769,398.255046,0.000000,NULL,NULL,NULL,NULL,NULL,3.747295,1.399206,174.570000
0,1,1,575.619358,1190.277510,0.000000,NULL,NULL,NULL,NULL,NULL,1.741456,3.601018,174.570000
0,1,1,954.420773,799.810011,0.000000,NULL,NULL,NULL,NULL,NULL,3.065829,2.569182,174.570000
0,1,1,-542.913106,-850.984179,0.000000,NULL,NULL,NULL,NULL,NULL,-2.151386,-3.372171,174.570000
0,1,1,486.607403,1229.354071,0.000000,NULL,NULL,NULL,NULL,NULL,1.472163,3.719239,174.570000
0,1,1,516.254203,-831.829071,0.000000,NULL,NULL,NULL,NULL,NULL,2.109294,-3.398659,174.570000
0,1,1,-960.788849,851.329701,0.000000,NULL,NULL,NULL,NULL,NULL,-2.993819,2.652744,174.570000
0,1,1,807.439231,997.957594,0.000000,NULL,NULL,NULL,NULL,NULL,2.515981,3.109636,174.570000
0,1,1,-661.519552,1144.766386,0.000000,NULL,NULL,NULL,NULL,NULL,-2.001335,3.463331,174.570000
0,1,1,-272.353713,-940.362409,0.000000,NULL,NULL,NULL,NULL,NULL,-1.112773,-3.842100,174.570000
0,1,1,-1073.125003,631.678552,0.000000,NULL,NULL,NULL,NULL,NULL,-3.447135,2.029103,174.570000
0,1,1,1041.881575,538.269324,0.000000,NULL,NULL,NULL,NULL,NULL,3.553754,1.835983,174.570000
0,1,1,-1121.422893,196.549007,0.000000,NULL,NULL,NULL,NULL,NULL,-3.939943,0.690544,174.570000
0,1,1,-1117.619934,217.132446,0.000000,NULL,NULL,NULL,NULL,NULL,-3.926582,0.762861,174.570000
0,1,1,-1122.728540,338.720692,0.000000,NULL,NULL,NULL,NULL,NULL,-3.829515,1.155342,174.570000
0,1,1,1022.066255,-323.619911,0.000000,NULL,NULL,NULL,NULL,NULL,3.813406,-1.207450,174.570000
0,1,1,-1116.311623,359.304106,0.000000,NULL,NULL,NULL,NULL,NULL,-3.807627,1.225550,174.570000
0,1,1,-563.904315,-837.221976,0.000000,NULL,NULL,NULL,NULL,NULL,-2.234568,-3.317636,174.570000
0,1,1,536.777377,-818.735643,0.000000,NULL,NULL,NULL,NULL,NULL,2.193147,-3.345162,174.570000
0,1,1,1031.809746,557.332692,0.000000,NULL,NULL,NULL,NULL,NULL,3.519400,1.901006,174.570000
0,1,1,1012.595062,660.506858,0.000000,NULL,NULL,NULL,NULL,NULL,3.350263,2.185347,174.570000
0,1,1,-295.650888,-933.299822,0.000000,NULL,NULL,NULL,NULL,NULL,-1.207960,-3.813244,174.570000
0,1,1,769.103587,-653.764779,0.000000,NULL,NULL,NULL,NULL,NULL,3.047705,-2.590655,174.570000
0,1,1,-766.609283,-702.537773,0.000000,NULL,NULL,NULL,NULL,NULL,-2.948976,-2.702507,174.570000
0,1,1,-640.361938,1156.734536,0.000000,NULL,NULL,NULL,NULL,NULL,-1.937325,3.499539,174.570000
0,1,1,915.932924,-492.256026,0.000000,NULL,NULL,NULL,NULL,NULL,3.523390,-1.893600,174.570000
0,1,1,1051.601234,519.024012,0.000000,NULL,NULL,NULL,NULL,NULL,3.586907,1.770339,174.570000
0,1,1,939.555463,817.221265,0.000000,NULL,NULL,NULL,NULL,NULL,3.018078,2.625111,174.570000
0,1,1,-1113.439205,237.642491,0.000000,NULL,NULL,NULL,NULL,NULL,-3.911893,0.834919,174.570000
0,1,1,-618.987872,1168.311692,0.000000,NULL,NULL,NULL,NULL,NULL,-1.872661,3.534564,174.570000
0,1,1,1000.280922,679.011154,0.000000,NULL,NULL,NULL,NULL,NULL,3.309520,2.246570,174.570000
0,1,1,556.968649,-805.135970,0.000000,NULL,NULL,NULL,NULL,NULL,2.275643,-3.289597,174.570000
0,1,1,788.955943,1012.633197,0.000000,NULL,NULL,NULL,NULL,NULL,2.458387,3.155366,174.570000
0,1,1,-944.975305,868.849321,0.000000,NULL,NULL,NULL,NULL,NULL,-2.944544,2.707335,174.570000
0,1,1,-924.753462,-542.383914,0.000000,NULL,NULL,NULL,NULL,NULL,-3.450325,-2.023675,174.570000
0,1,1,1029.796827,-298.106980,0.000000,NULL,NULL,NULL,NULL,NULL,3.842249,-1.112259,174.570000
0,1,1,-318.765256,-925.660152,0.000000,NULL,NULL,NULL,NULL,NULL,-1.302400,-3.782030,174.570000
0,1,1,1085.943747,200.636978,0.000000,NULL,NULL,NULL,NULL,NULL,3.933428,0.726733,174.570000
0,1,1,785.121160,-634.439499,0.000000,NULL,NULL,NULL,NULL,NULL,3.111177,-2.514075,174.570000
0,1,1,-584.546848,-822.942098,0.000000,NULL,NULL,NULL,NULL,NULL,-2.316367,-3.261049,174.570000
0,1,1,1043.012675,456.448656,0.000000,NULL,NULL,NULL,NULL,NULL,3.664461,1.603660,174.570000
0,1,1,1059.087838,417.796323,0.000000,NULL,NULL,NULL,NULL,NULL,3.720938,1.467862,174.570000
0,1,1,-1061.330623,651.300525,0.000000,NULL,NULL,NULL,NULL,NULL,-3.409249,2.092134,174.570000
0,1,1,927.889314,-469.329881,0.000000,NULL,NULL,NULL,NULL,NULL,3.569384,-1.805408,174.570000
0,1,1,418.095252,1254.310391,0.000000,NULL,NULL,NULL,NULL,NULL,1.264889,3.794741,174.570000
0,1,1,1051.227921,437.196379,0.000000,NULL,NULL,NULL,NULL,NULL,3.693324,1.536021,174.570000
0,1,1,-1109.517378,379.766071,0.000000,NULL,NULL,NULL,NULL,NULL,-3.784453,1.295344,174.570000
0,1,1,576.815532,-791.038461,0.000000,NULL,NULL,NULL,NULL,NULL,2.356733,-3.231998,174.570000
0,1,1,-682.453563,1132.411290,0.000000,NULL,NULL,NULL,NULL,NULL,-2.064668,3.425952,174.570000
0,1,1,1021.389150,576.207675,0.000000,NULL,NULL,NULL,NULL,NULL,3.483856,1.965387,174.570000
0,1,1,-1077.274938,-242.915058,0.000000,NULL,NULL,NULL,NULL,NULL,-3.902029,-0.879870,174.570000
0,1,1,-341.682523,-917.448124,0.000000,NULL,NULL,NULL,NULL,NULL,-1.396035,-3.748478,174.570000
0,1,1,-783.840330,-683.259433,0.000000,NULL,NULL,NULL,NULL,NULL,-3.015260,-2.628347,174.570000
0,1,1,-928.842348,886.075259,0.000000,NULL,NULL,NULL,NULL,NULL,-2.894273,2.761011,174.570000
0,1,1,394.964880,1261.784823,0.000000,NULL,NULL,NULL,NULL,NULL,1.194911,3.817353,174.570000
0,1,1,924.372571,834.356288,0.000000,NULL,NULL,NULL,NULL,NULL,2.969307,2.680153,174.570000
0,1,1,987.628673,697.285934,0.000000,NULL,NULL,NULL,NULL,NULL,3.267659,2.307034,174.570000
0,1,1,371.701005,1268.832755,0.000000,NULL,NULL,NULL,NULL,NULL,1.124529,3.838676,174.570000
0,1,1,951.687540,560.196255,0.000000,NULL,NULL,NULL,NULL,NULL,3.447135,2.029103,174.570000
0,1,1,596.305757,-776.451834,0.000000,NULL,NULL,NULL,NULL,NULL,2.436366,-3.172400,174.570000
0,1,1,-604.827941,-808.153374,0.000000,NULL,NULL,NULL,NULL,NULL,-2.396735,-3.202446,174.570000
0,1,1,-553.639568,1200.658747,0.000000,NULL,NULL,NULL,NULL,NULL,-1.674959,3.632425,174.570000
0,1,1,463.924259,1238.092274,0.000000,NULL,NULL,NULL,NULL,NULL,1.403538,3.745675,174.570000
0,1,1,800.653272,-614.721930,0.000000,NULL,NULL,NULL,NULL,NULL,3.172726,-2.435941,174.570000
0,1,1,641.376022,-505.230865,0.000000,NULL,NULL,NULL,NULL,NULL,3.142195,-2.475200,174.570000
0,1,1,-1107.559438,484.695948,0.000000,NULL,NULL,NULL,NULL,NULL,-3.664461,1.603660,174.570000
0,1,1,-937.953516,-519.222956,0.000000,NULL,NULL,NULL,NULL,NULL,-3.499575,-1.937260,174.570000
0,1,1,-364.388519,-908.668814,0.000000,NULL,NULL,NULL,NULL,NULL,-1.488806,-3.712608,174.570000
0,1,1,348.311489,1275.451803,0.000000,NULL,NULL,NULL,NULL,NULL,1.053768,3.858701,174.570000
0,1,1,1036.890650,-272.409723,0.000000,NULL,NULL,NULL,NULL,NULL,3.868717,-1.016381,174.570000
0,1,1,751.195671,1040.952706,0.000000,NULL,NULL,NULL,NULL,NULL,2.340726,3.243609,174.570000
0,1,1,1099.542137,-102.645541,0.000000,NULL,NULL,NULL,NULL,NULL,3.982684,-0.371795,174.570000
0,1,1,939.271966,-446.113539,0.000000,NULL,NULL,NULL,NULL,NULL,3.613171,-1.716100,174.570000
0,1,1,-912.395428,903.001691,0.000000,NULL,NULL,NULL,NULL,NULL,-2.843025,2.813754,174.570000
0,1,1,-531.472640,1210.634144,0.000000,NULL,NULL,NULL,NULL,NULL,-1.607896,3.662604,174.570000
0,1,1,-895.640107,919.622895,0.000000,NULL,NULL,NULL,NULL,NULL,-2.790815,2.865545,174.570000
0,1,1,441.084301,1246.411985,0.000000,NULL,NULL,NULL,NULL,NULL,1.334439,3.770845,174.570000
0,1,1,-530.604910,-282.550444,0.000000,NULL,NULL,NULL,NULL,NULL,-3.530624,-1.880079,174.570000
0,1,1,-1088.992110,525.084998,0.000000,NULL,NULL,NULL,NULL,NULL,-3.603029,1.737291,174.570000
0,1,1,324.804240,1281.639732,0.000000,NULL,NULL,NULL,NULL,NULL,0.982650,3.877422,174.570000
0,1,1,1010.623311,594.887892,0.000000,NULL,NULL,NULL,NULL,NULL,3.447135,2.029103,174.570000
0,1,1,-386.869204,-899.327651,0.000000,NULL,NULL,NULL,NULL,NULL,-1.580657,-3.674442,174.570000
0,1,1,615.427270,-761.385107,0.000000,NULL,NULL,NULL,NULL,NULL,2.514492,-3.110841,174.570000
0,1,1,-1108.882117,258.072210,0.000000,NULL,NULL,NULL,NULL,NULL,-3.895883,0.906696,174.570000
0,1,1,908.877228,851.209287,0.000000,NULL,NULL,NULL,NULL,NULL,2.919532,2.734289,174.570000
0,1,1,-800.586708,-663.558617,0.000000,NULL,NULL,NULL,NULL,NULL,-3.079679,-2.552563,174.570000
0,1,1,-950.573610,-495.740949,0.000000,NULL,NULL,NULL,NULL,NULL,-3.546661,-1.849647,174.570000
0,1,1,-509.126067,1220.200330,0.000000,NULL,NULL,NULL,NULL,NULL,-1.540290,3.691545,174.570000
0,1,1,-1056.514826,-321.411636,0.000000,NULL,NULL,NULL,NULL,NULL,-3.826833,-1.164194,174.570000
0,1,1,974.642592,715.325022,0.000000,NULL,NULL,NULL,NULL,NULL,3.224693,2.366718,174.570000
0,1,1,160.789555,-936.623458,0.000000,NULL,NULL,NULL,NULL,NULL,0.676777,-3.942331,174.570000
0,1,1,184.028256,-932.335982,0.000000,NULL,NULL,NULL,NULL,NULL,0.774591,-3.924284,174.570000
0,1,1,137.451434,-940.331795,0.000000,NULL,NULL,NULL,NULL,NULL,0.578545,-3.957940,174.570000
0,1,1,-624.735053,-792.864948,0.000000,NULL,NULL,NULL,NULL,NULL,-2.475620,-3.141863,174.570000
0,1,1,-548.275592,246.516123,0.000000,NULL,NULL,NULL,NULL,NULL,-3.648204,1.640308,174.570000
0,1,1,-486.607403,1229.354071,0.000000,NULL,NULL,NULL,NULL,NULL,-1.472163,3.719239,174.570000
0,1,1,114.028323,-943.458703,0.000000,NULL,NULL,NULL,NULL,NULL,0.479955,-3.971101,174.570000
0,1,1,207.153168,-927.472020,0.000000,NULL,NULL,NULL,NULL,NULL,0.871926,-3.903812,174.570000
0,1,1,90.534705,-946.002246,0.000000,NULL,NULL,NULL,NULL,NULL,0.381069,-3.981807,174.570000
0,1,1,66.985108,-947.960852,0.000000,NULL,NULL,NULL,NULL,NULL,0.281946,-3.990051,174.570000
0,1,1,-597.404581,1179.493944,0.000000,NULL,NULL,NULL,NULL,NULL,-1.807364,3.568394,174.570000
0,1,1,-1036.669738,689.877467,0.000000,NULL,NULL,NULL,NULL,NULL,-3.330032,2.216052,174.570000
0,1,1,634.168249,-745.847597,0.000000,NULL,NULL,NULL,NULL,NULL,2.591063,-3.047358,174.570000
0,1,1,43.394092,-949.333311,0.000000,NULL,NULL,NULL,NULL,NULL,0.182650,-3.995828,174.570000
0,1,1,815.690321,-594.624262,0.000000,NULL,NULL,NULL,NULL,NULL,3.232313,-2.356301,174.570000
0,1,1,731.931450,1054.587039,0.000000,NULL,NULL,NULL,NULL,NULL,2.280699,3.286094,174.570000
0,1,1,-1023.811569,708.819397,0.000000,NULL,NULL,NULL,NULL,NULL,-3.288729,2.276898,174.570000
0,1,1,253.004508,-916.027020,0.000000,NULL,NULL,NULL,NULL,NULL,1.064918,-3.855639,174.570000
0,1,1,-1098.461421,504.975817,0.000000,NULL,NULL,NULL,NULL,NULL,-3.634359,1.670758,174.570000
0,1,1,751.361846,319.494608,0.000000,NULL,NULL,NULL,NULL,NULL,3.681031,1.565251,174.570000
0,1,1,-878.582047,935.933255,0.000000,NULL,NULL,NULL,NULL,NULL,-2.737662,2.916369,174.570000
0,1,1,770.205977,1026.966516,0.000000,NULL,NULL,NULL,NULL,NULL,2.399962,3.200028,174.570000
0,1,1,-409.110679,-889.430412,0.000000,NULL,NULL,NULL,NULL,NULL,-1.671530,-3.634004,174.570000
0,1,1,275.702586,-909.453059,0.000000,NULL,NULL,NULL,NULL,NULL,1.160457,-3.827968,174.570000
0,1,1,1034.444876,475.546648,0.000000,NULL,NULL,NULL,NULL,NULL,3.634359,1.670758,174.570000
0,1,1,-1094.806215,420.298030,0.000000,NULL,NULL,NULL,NULL,NULL,-3.734275,1.433595,174.570000
0,1,1,712.419827,1067.864908,0.000000,NULL,NULL,NULL,NULL,NULL,2.219901,3.327468,174.570000
0,1,1,-816.838064,-643.447506,0.000000,NULL,NULL,NULL,NULL,NULL,-3.142195,-2.475200,174.570000
0,1,1,298.230189,-902.316761,0.000000,NULL,NULL,NULL,NULL,NULL,1.255277,-3.797931,174.570000
0,1,1,-575.619358,1190.277510,0.000000,NULL,NULL,NULL,NULL,NULL,-1.741456,3.601018,174.570000
0,1,1,-19.776244,-950.118773,0.000000,NULL,NULL,NULL,NULL,NULL,-0.083240,-3.999134,174.570000
0,1,1,-644.255877,-777.086275,0.000000,NULL,NULL,NULL,NULL,NULL,-2.552975,-3.079338,174.570000
0,1,1,-1079.154704,545.016693,0.000000,NULL,NULL,NULL,NULL,NULL,-3.570481,1.803237,174.570000
0,1,1,893.074672,867.774565,0.000000,NULL,NULL,NULL,NULL,NULL,2.868770,2.787500,174.570000
0,1,1,320.573390,-894.622537,0.000000,NULL,NULL,NULL,NULL,NULL,1.349322,-3.765545,174.570000
0,1,1,-1103.950213,278.414697,0.000000,NULL,NULL,NULL,NULL,NULL,-3.878555,0.978166,174.570000
0,1,1,950.073844,-422.621353,0.000000,NULL,NULL,NULL,NULL,NULL,3.654723,-1.625730,174.570000
0,1,1,-43.394092,-949.333311,0.000000,NULL,NULL,NULL,NULL,NULL,-0.182650,-3.995828,174.570000
0,1,1,999.515868,613.367028,0.000000,NULL,NULL,NULL,NULL,NULL,3.409249,2.092134,174.570000
0,1,1,-1049.177499,670.702350,0.000000,NULL,NULL,NULL,NULL,NULL,-3.370210,2.154457,174.570000
0,1,1,1043.343337,-246.544027,0.000000,NULL,NULL,NULL,NULL,NULL,3.892792,-0.919874,174.570000
0,1,1,-418.095252,1254.310391,0.000000,NULL,NULL,NULL,NULL,NULL,-1.264889,3.794741,174.570000
0,1,1,652.517107,-729.848910,0.000000,NULL,NULL,NULL,NULL,NULL,2.666032,-2.981992,174.570000
0,1,1,961.327068,733.122321,0.000000,NULL,NULL,NULL,NULL,NULL,3.180638,2.425602,174.570000
0,1,1,876.970245,884.046523,0.000000,NULL,NULL,NULL,NULL,NULL,2.817039,2.839770,174.570000
0,1,1,342.718371,-886.375146,0.000000,NULL,NULL,NULL,NULL,NULL,1.442532,-3.730831,174.570000
0,1,1,-66.985108,-947.960852,0.000000,NULL,NULL,NULL,NULL,NULL,-0.281946,-3.990051,174.570000
0,1,1,-431.099190,-878.983216,0.000000,NULL,NULL,NULL,NULL,NULL,-1.761370,-3.591319,174.570000
0,1,1,-861.227014,951.927256,0.000000,NULL,NULL,NULL,NULL,NULL,-2.683584,2.966206,174.570000
0,1,1,-1102.348101,400.099670,0.000000,NULL,NULL,NULL,NULL,NULL,-3.759999,1.364700,174.570000
0,1,1,-1010.607337,727.521736,0.000000,NULL,NULL,NULL,NULL,NULL,-3.246313,2.336974,174.570000
0,1,1,-962.605940,-471.952414,0.000000,NULL,NULL,NULL,NULL,NULL,-3.591555,-1.760890,174.570000
0,1,1,-394.964880,1261.784823,0.000000,NULL,NULL,NULL,NULL,NULL,-1.194911,3.817353,174.570000
0,1,1,830.223009,-574.158923,0.000000,NULL,NULL,NULL,NULL,NULL,3.289901,-2.275203,174.570000
0,1,1,364.651442,-877.579688,0.000000,NULL,NULL,NULL,NULL,NULL,1.534850,-3.693810,174.570000
0,1,1,-371.701005,1268.832755,0.000000,NULL,NULL,NULL,NULL,NULL,-1.124529,3.838676,174.570000
0,1,1,181.735738,1309.606933,0.000000,NULL,NULL,NULL,NULL,NULL,0.549816,3.962033,174.570000
0,1,1,-90.534705,-946.002246,0.000000,NULL,NULL,NULL,NULL,NULL,-0.381069,-3.981807,174.570000
0,1,1,-348.311489,1275.451803,0.000000,NULL,NULL,NULL,NULL,NULL,-1.053768,3.858701,174.570000
0,1,1,157.628720,1312.726698,0.000000,NULL,NULL,NULL,NULL,NULL,0.476884,3.971471,174.570000
0,1,1,-1086.894269,440.354323,0.000000,NULL,NULL,NULL,NULL,NULL,-3.707288,1.502005,174.570000
0,1,1,-663.378341,-760.827109,0.000000,NULL,NULL,NULL,NULL,NULL,-2.628751,-3.014908,174.570000
0,1,1,386.359039,-868.241599,0.000000,NULL,NULL,NULL,NULL,NULL,1.626219,-3.654506,174.570000
0,1,1,-114.028323,-943.458703,0.000000,NULL,NULL,NULL,NULL,NULL,-0.479955,-3.971101,174.570000
0,1,1,230.149992,-922.034578,0.000000,NULL,NULL,NULL,NULL,NULL,0.968722,-3.880925,174.570000
0,1,1,19.776244,-950.118773,0.000000,NULL,NULL,NULL,NULL,NULL,0.083240,-3.999134,174.570000
0,1,1,670.462496,-713.398939,0.000000,NULL,NULL,NULL,NULL,NULL,2.739353,-2.914781,174.570000
0,1,1,-1068.952529,564.764164,0.000000,NULL,NULL,NULL,NULL,NULL,-3.536726,1.868573,174.570000
0,1,1,-832.584348,-622.938535,0.000000,NULL,NULL,NULL,NULL,NULL,-3.202767,-2.396306,174.570000
0,1,1,-1058.389033,584.320738,0.000000,NULL,NULL,NULL,NULL,NULL,-3.501776,1.933278,174.570000
0,1,1,-324.804240,1281.639732,0.000000,NULL,NULL,NULL,NULL,NULL,-0.982650,3.877422,174.570000
0,1,1,133.468422,1315.402743,0.000000,NULL,NULL,NULL,NULL,NULL,0.403790,3.979567,174.570000
0,1,1,1025.527421,494.483898,0.000000,NULL,NULL,NULL,NULL,NULL,3.603029,1.737291,174.570000
0,1,1,-1078.614938,460.261770,0.000000,NULL,NULL,NULL,NULL,NULL,-3.679048,1.569907,174.570000
0,1,1,-452.821142,-867.992522,0.000000,NULL,NULL,NULL,NULL,NULL,-1.850121,-3.546414,174.570000
0,1,1,-1098.645158,298.663076,0.000000,NULL,NULL,NULL,NULL,NULL,-3.859917,1.049306,174.570000
0,1,1,844.242348,-553.338568,0.000000,NULL,NULL,NULL,NULL,NULL,3.345455,-2.192699,174.570000
0,1,1,-843.580874,967.599493,0.000000,NULL,NULL,NULL,NULL,NULL,-2.628599,3.015041,174.570000
0,1,1,109.263010,1317.634164,0.000000,NULL,NULL,NULL,NULL,NULL,0.330560,3.986318,174.570000
0,1,1,301.187202,1287.394448,0.000000,NULL,NULL,NULL,NULL,NULL,0.911200,3.894832,174.570000
0,1,1,-137.451434,-940.331795,0.000000,NULL,NULL,NULL,NULL,NULL,-0.578545,-3.957940,174.570000
0,1,1,1016.263323,513.254006,0.000000,NULL,NULL,NULL,NULL,NULL,3.570481,1.803237,174.570000
0,1,1,407.827741,-858.366656,0.000000,NULL,NULL,NULL,NULL,NULL,1.716583,-3.612941,174.570000
0,1,1,672.680833,1093.333420,0.000000,NULL,NULL,NULL,NULL,NULL,2.096074,3.406828,174.570000
0,1,1,988.070574,631.638838,0.000000,NULL,NULL,NULL,NULL,NULL,3.370210,2.154457,174.570000
0,1,1,860.569389,900.019662,0.000000,NULL,NULL,NULL,NULL,NULL,2.764355,2.891079,174.570000
0,1,1,85.020665,1319.420207,0.000000,NULL,NULL,NULL,NULL,NULL,0.257218,3.991721,174.570000
0,1,1,947.686603,750.671814,0.000000,NULL,NULL,NULL,NULL,NULL,3.135507,2.483666,174.570000
0,1,1,960.288267,-398.867849,0.000000,NULL,NULL,NULL,NULL,NULL,3.694016,-1.534356,174.570000
0,1,1,-463.924259,1238.092274,0.000000,NULL,NULL,NULL,NULL,NULL,-1.403538,3.745675,174.570000
0,1,1,60.749582,1320.760268,0.000000,NULL,NULL,NULL,NULL,NULL,0.183789,3.995775,174.570000
0,1,1,277.468359,1292.714008,0.000000,NULL,NULL,NULL,NULL,NULL,0.839442,3.910925,174.570000
0,1,1,-1092.968746,318.810503,0.000000,NULL,NULL,NULL,NULL,NULL,-3.839974,1.120091,174.570000
0,1,1,-160.789555,-936.623458,0.000000,NULL,NULL,NULL,NULL,NULL,-0.676777,-3.942331,174.570000
0,1,1,36.457965,1321.653893,0.000000,NULL,NULL,NULL,NULL,NULL,0.110298,3.998479,174.570000
0,1,1,429.044273,-847.960962,0.000000,NULL,NULL,NULL,NULL,NULL,1.805885,-3.569143,174.570000
0,1,1,933.725806,767.967570,0.000000,NULL,NULL,NULL,NULL,NULL,3.089316,2.540890,174.570000
0,1,1,253.655728,1297.596612,0.000000,NULL,NULL,NULL,NULL,NULL,0.767400,3.925697,174.570000
0,1,1,-474.263104,-856.465127,0.000000,NULL,NULL,NULL,NULL,NULL,-1.937728,-3.499316,174.570000
0,1,1,12.154024,1322.100781,0.000000,NULL,NULL,NULL,NULL,NULL,0.036770,3.999831,174.570000
0,1,1,687.993322,-696.507857,0.000000,NULL,NULL,NULL,NULL,NULL,2.810979,-2.845768,174.570000
0,1,1,-12.154024,1322.100781,0.000000,NULL,NULL,NULL,NULL,NULL,-0.036770,3.999831,174.570000
0,1,1,-181.735738,1309.606933,0.000000,NULL,NULL,NULL,NULL,NULL,-0.549816,3.962033,174.570000
0,1,1,-441.084301,1246.411985,0.000000,NULL,NULL,NULL,NULL,NULL,-1.334439,3.770845,174.570000
0,1,1,-36.457965,1321.653893,0.000000,NULL,NULL,NULL,NULL,NULL,-0.110298,3.998479,174.570000
0,1,1,-157.628720,1312.726698,0.000000,NULL,NULL,NULL,NULL,NULL,-0.476884,3.971471,174.570000
0,1,1,-825.649593,982.944668,0.000000,NULL,NULL,NULL,NULL,NULL,-2.572725,3.062856,174.570000
0,1,1,-1089.028192,-183.157353,0.000000,NULL,NULL,NULL,NULL,NULL,-3.944601,-0.663420,174.570000
0,1,1,-682.090621,-744.097506,0.000000,NULL,NULL,NULL,NULL,NULL,-2.702901,-2.948614,174.570000
0,1,1,-109.263010,1317.634164,0.000000,NULL,NULL,NULL,NULL,NULL,-0.330560,3.986318,174.570000
0,1,1,-974.043066,-447.872059,0.000000,NULL,NULL,NULL,NULL,NULL,-3.634228,-1.671044,174.570000
0,1,1,-60.749582,1320.760268,0.000000,NULL,NULL,NULL,NULL,NULL,-0.183789,3.995775,174.570000
0,1,1,-184.028256,-932.335982,0.000000,NULL,NULL,NULL,NULL,NULL,-0.774591,-3.924284,174.570000
0,1,1,-85.020665,1319.420207,0.000000,NULL,NULL,NULL,NULL,NULL,-0.257218,3.991721,174.570000
0,1,1,-133.468422,1315.402743,0.000000,NULL,NULL,NULL,NULL,NULL,-0.403790,3.979567,174.570000
0,1,1,652.466896,1105.515455,0.000000,NULL,NULL,NULL,NULL,NULL,2.033087,3.444787,174.570000
0,1,1,449.995516,-837.030954,0.000000,NULL,NULL,NULL,NULL,NULL,1.894071,-3.523137,174.570000
0,1,1,229.757358,1302.040611,0.000000,NULL,NULL,NULL,NULL,NULL,0.695099,3.939142,174.570000
0,1,1,-559.149035,-594.956960,0.000000,NULL,NULL,NULL,NULL,NULL,-2.739353,-2.914781,174.570000
0,1,1,-807.439231,997.957594,0.000000,NULL,NULL,NULL,NULL,NULL,-2.515981,3.109636,174.570000
0,1,1,-1069.971020,480.013643,0.000000,NULL,NULL,NULL,NULL,NULL,-3.649564,1.637279,174.570000
0,1,1,205.781326,1306.044502,0.000000,NULL,NULL,NULL,NULL,NULL,0.622563,3.951255,174.570000
0,1,1,-847.815825,-602.044386,0.000000,NULL,NULL,NULL,NULL,NULL,-3.261359,-2.315931,174.570000
0,1,1,-207.153168,-927.472020,0.000000,NULL,NULL,NULL,NULL,NULL,-0.871926,-3.903812,174.570000
0,1,1,969.908919,-374.867716,0.000000,NULL,NULL,NULL,NULL,NULL,3.731024,-1.442033,174.570000
0,1,1,-983.178655,764.182438,0.000000,NULL,NULL,NULL,NULL,NULL,-3.158206,2.454737,174.570000
0,1,1,857.739672,-532.176069,0.000000,NULL,NULL,NULL,NULL,NULL,3.398941,-2.108839,174.570000
0,1,1,1006.655714,531.850627,0.000000,NULL,NULL,NULL,NULL,NULL,3.536726,1.868573,174.570000
0,1,1,692.667396,1080.781824,0.000000,NULL,NULL,NULL,NULL,NULL,2.158352,3.367717,174.570000
0,1,1,705.098745,-679.186106,0.000000,NULL,NULL,NULL,NULL,NULL,2.880868,-2.774995,174.570000
0,1,1,976.291299,649.697145,0.000000,NULL,NULL,NULL,NULL,NULL,3.330032,2.216052,174.570000
0,1,1,1054.309745,-194.371391,0.000000,NULL,NULL,NULL,NULL,NULL,3.933709,-0.725214,174.570000
0,1,1,-1086.922895,338.850168,0.000000,NULL,NULL,NULL,NULL,NULL,-3.818732,1.190497,174.570000
0,1,1,470.668516,-825.583388,0.000000,NULL,NULL,NULL,NULL,NULL,1.981085,-3.474953,174.570000
0,1,1,-495.411816,-844.408159,0.000000,NULL,NULL,NULL,NULL,NULL,-2.024137,-3.450054,174.570000
0,1,1,632.032415,1117.323810,0.000000,NULL,NULL,NULL,NULL,NULL,1.969413,3.481582,174.570000
0,1,1,556.462054,-227.434181,0.000000,NULL,NULL,NULL,NULL,NULL,3.702676,-1.513338,174.570000
0,1,1,-1038.063283,376.767354,0.000000,NULL,NULL,NULL,NULL,NULL,-3.759999,1.364700,174.570000
0,1,1,919.449398,785.003742,0.000000,NULL,NULL,NULL,NULL,NULL,3.042082,2.597256,174.570000
0,1,1,-1080.509650,358.775296,0.000000,NULL,NULL,NULL,NULL,NULL,-3.796201,1.260501,174.570000
0,1,1,-788.955943,1012.633197,0.000000,NULL,NULL,NULL,NULL,NULL,-2.458387,3.155366,174.570000
0,1,1,964.182024,667.535845,0.000000,NULL,NULL,NULL,NULL,NULL,3.288729,2.276898,174.570000
0,1,1,-759.073537,300.713806,0.000000,NULL,NULL,NULL,NULL,NULL,-3.718812,1.473241,174.570000
0,1,1,-700.381148,-726.907808,0.000000,NULL,NULL,NULL,NULL,NULL,-2.775381,-2.880497,174.570000
0,1,1,-1073.731177,378.579153,0.000000,NULL,NULL,NULL,NULL,NULL,-3.772385,1.330078,174.570000
0,1,1,491.050490,-813.625343,0.000000,NULL,NULL,NULL,NULL,NULL,2.066875,-3.424621,174.570000
0,1,1,-1036.192483,622.834816,0.000000,NULL,NULL,NULL,NULL,NULL,-3.428337,2.060705,174.570000
0,1,1,1049.150899,-220.525887,0.000000,NULL,NULL,NULL,NULL,NULL,3.914461,-0.822799,174.570000
0,1,1,-301.187202,1287.394448,0.000000,NULL,NULL,NULL,NULL,NULL,-0.911200,3.894832,174.570000
0,1,1,826.900667,931.047986,0.000000,NULL,NULL,NULL,NULL,NULL,2.656203,2.990750,174.570000
0,1,1,-997.061506,745.978162,0.000000,NULL,NULL,NULL,NULL,NULL,-3.202801,2.396261,174.570000
0,1,1,-253.004508,-916.027020,0.000000,NULL,NULL,NULL,NULL,NULL,-1.064918,-3.855639,174.570000
0,1,1,-968.963475,782.128410,0.000000,NULL,NULL,NULL,NULL,NULL,-3.112543,2.512384,174.570000
0,1,1,721.768187,-661.444397,0.000000,NULL,NULL,NULL,NULL,NULL,2.948976,-2.702507,174.570000
0,1,1,-1060.965438,499.603264,0.000000,NULL,NULL,NULL,NULL,NULL,-3.618847,1.704097,174.570000
0,1,1,-516.254203,-831.829071,0.000000,NULL,NULL,NULL,NULL,NULL,-2.109294,-3.398659,174.570000
0,1,1,-277.468359,1292.714008,0.000000,NULL,NULL,NULL,NULL,NULL,-0.839442,3.910925,174.570000
0,1,1,-984.877918,-423.514773,0.000000,NULL,NULL,NULL,NULL,NULL,-3.674653,-1.580165,174.570000
0,1,1,-253.655728,1297.596612,0.000000,NULL,NULL,NULL,NULL,NULL,-0.767400,3.925697,174.570000
0,1,1,-954.420773,799.810011,0.000000,NULL,NULL,NULL,NULL,NULL,-3.065829,2.569182,174.570000
0,1,1,-229.757358,1302.040611,0.000000,NULL,NULL,NULL,NULL,NULL,-0.695099,3.939142,174.570000
0,1,1,870.706634,-510.684513,0.000000,NULL,NULL,NULL,NULL,NULL,3.450325,-2.023675,174.570000
0,1,1,511.128834,-801.164214,0.000000,NULL,NULL,NULL,NULL,NULL,2.151386,-3.372171,174.570000
0,1,1,-718.238612,-709.268644,0.000000,NULL,NULL,NULL,NULL,NULL,-2.846144,-2.810599,174.570000
0,1,1,-862.523076,-580.777978,0.000000,NULL,NULL,NULL,NULL,NULL,-3.317935,-2.234124,174.570000
0,1,1,341.188124,-741.762827,0.000000,NULL,NULL,NULL,NULL,NULL,1.671530,-3.634004,174.570000
0,1,1,590.529527,1139.803645,0.000000,NULL,NULL,NULL,NULL,NULL,1.840090,3.551629,174.570000
0,1,1,-205.781326,1306.044502,0.000000,NULL,NULL,NULL,NULL,NULL,-0.622563,3.951255,174.570000
0,1,1,978.929853,-350.635793,0.000000,NULL,NULL,NULL,NULL,NULL,3.765726,-1.348818,174.570000
0,1,1,-275.702586,-909.453059,0.000000,NULL,NULL,NULL,NULL,NULL,-1.160457,-3.827968,174.570000
0,1,1,904.862202,801.774572,0.000000,NULL,NULL,NULL,NULL,NULL,2.993819,2.652744,174.570000
0,1,1,996.707842,550.267475,0.000000,NULL,NULL,NULL,NULL,NULL,3.501776,1.933278,174.570000
0,1,1,-1047.467787,603.679803,0.000000,NULL,NULL,NULL,NULL,NULL,-3.465642,1.997329,174.570000
0,1,1,1062.940550,299.476886,0.000000,NULL,NULL,NULL,NULL,NULL,3.850108,1.084744,174.570000
0,1,1,951.746843,685.148910,0.000000,NULL,NULL,NULL,NULL,NULL,3.246313,2.336974,174.570000
0,1,1,530.891135,-788.207704,0.000000,NULL,NULL,NULL,NULL,NULL,2.234568,-3.317636,174.570000
0,1,1,1058.816685,-168.096709,0.000000,NULL,NULL,NULL,NULL,NULL,3.950524,-0.627181,174.570000
0,1,1,843.877649,915.688581,0.000000,NULL,NULL,NULL,NULL,NULL,2.710738,2.941412,174.570000
0,1,1,1104.112029,-21.578834,0.000000,NULL,NULL,NULL,NULL,NULL,3.999236,-0.078161,174.570000
0,1,1,-1024.566932,641.779302,0.000000,NULL,NULL,NULL,NULL,NULL,-3.389873,2.123385,174.570000
0,1,1,809.644182,946.092683,0.000000,NULL,NULL,NULL,NULL,NULL,2.600771,3.039077,174.570000
0,1,1,-751.195671,1040.952706,0.000000,NULL,NULL,NULL,NULL,NULL,-2.340726,3.243609,174.570000
0,1,1,737.991342,-643.293700,0.000000,NULL,NULL,NULL,NULL,NULL,3.015260,-2.628347,174.570000
0,1,1,-298.230189,-902.316761,0.000000,NULL,NULL,NULL,NULL,NULL,-1.255277,-3.797931,174.570000
0,1,1,-536.777377,-818.735643,0.000000,NULL,NULL,NULL,NULL,NULL,-2.193147,-3.345162,174.570000
0,1,1,-876.697007,-559.152460,0.000000,NULL,NULL,NULL,NULL,NULL,-3.372459,-2.150935,174.570000
0,1,1,569.475147,1150.467526,0.000000,NULL,NULL,NULL,NULL,NULL,1.774485,3.584858,174.570000
0,1,1,343.721804,-493.185204,0.000000,NULL,NULL,NULL,NULL,NULL,2.287111,-3.281634,174.570000
0,1,1,-230.149992,-922.034578,0.000000,NULL,NULL,NULL,NULL,NULL,-0.968722,-3.880925,174.570000
0,1,1,-939.555463,817.221265,0.000000,NULL,NULL,NULL,NULL,NULL,-3.018078,2.625111,174.570000
0,1,1,407.011784,-442.399968,0.000000,NULL,NULL,NULL,NULL,NULL,2.708240,-2.943711,174.570000
0,1,1,550.325173,-774.763826,0.000000,NULL,NULL,NULL,NULL,NULL,2.316367,-3.261049,174.570000
0,1,1,733.326556,825.688307,0.000000,NULL,NULL,NULL,NULL,NULL,2.656203,2.990750,174.570000
0,1,1,-735.651971,-691.190923,0.000000,NULL,NULL,NULL,NULL,NULL,-2.915147,-2.738963,174.570000
0,1,1,801.035173,-158.000252,0.000000,NULL,NULL,NULL,NULL,NULL,3.924388,-0.774066,174.570000
0,1,1,-951.687540,560.196255,0.000000,NULL,NULL,NULL,NULL,NULL,-3.447135,2.029103,174.570000
0,1,1,-320.573390,-894.622537,0.000000,NULL,NULL,NULL,NULL,NULL,-1.349322,-3.765545,174.570000
0,1,1,-731.931450,1054.587039,0.000000,NULL,NULL,NULL,NULL,NULL,-2.280699,3.286094,174.570000
0,1,1,883.135216,-488.877188,0.000000,NULL,NULL,NULL,NULL,NULL,3.499575,-1.937260,174.570000
0,1,1,-556.968649,-805.135970,0.000000,NULL,NULL,NULL,NULL,NULL,-2.275643,-3.289597,174.570000
0,1,1,986.423068,568.498326,0.000000,NULL,NULL,NULL,NULL,NULL,3.465642,1.997329,174.570000
0,1,1,889.969151,818.274391,0.000000,NULL,NULL,NULL,NULL,NULL,2.944544,2.707335,174.570000
0,1,1,326.484442,504.761561,0.000000,NULL,NULL,NULL,NULL,NULL,2.172414,3.358663,174.570000
0,1,1,975.804870,586.537016,0.000000,NULL,NULL,NULL,NULL,NULL,3.428337,2.060705,174.570000
0,1,1,548.228277,1160.742533,0.000000,NULL,NULL,NULL,NULL,NULL,1.708280,3.616874,174.570000
0,1,1,-712.419827,1067.864908,0.000000,NULL,NULL,NULL,NULL,NULL,-2.219901,3.327468,174.570000
0,1,1,792.114025,960.817588,0.000000,NULL,NULL,NULL,NULL,NULL,2.544460,3.086377,174.570000
0,1,1,938.989957,702.530384,0.000000,NULL,NULL,NULL,NULL,NULL,3.202801,2.396261,174.570000
0,1,1,-1012.595062,660.506858,0.000000,NULL,NULL,NULL,NULL,NULL,-3.350263,2.185347,174.570000
0,1,1,-751.361846,319.494608,0.000000,NULL,NULL,NULL,NULL,NULL,-3.681031,1.565251,174.570000
0,1,1,611.384299,1128.754495,0.000000,NULL,NULL,NULL,NULL,NULL,1.905074,3.517200,174.570000
0,1,1,987.345490,-326.187063,0.000000,NULL,NULL,NULL,NULL,NULL,3.798099,-1.254769,174.570000
0,1,1,753.758179,-624.745239,0.000000,NULL,NULL,NULL,NULL,NULL,3.079679,-2.552563,174.570000
0,1,1,569.418931,-760.840892,0.000000,NULL,NULL,NULL,NULL,NULL,2.396735,-3.202446,174.570000
0,1,1,-924.372571,834.356288,0.000000,NULL,NULL,NULL,NULL,NULL,-2.969307,2.680153,174.570000
0,1,1,-1066.589769,398.255046,0.000000,NULL,NULL,NULL,NULL,NULL,-3.747295,1.399206,174.570000
0,1,1,-1000.280922,679.011154,0.000000,NULL,NULL,NULL,NULL,NULL,-3.309520,2.246570,174.570000
0,1,1,-342.718371,-886.375146,0.000000,NULL,NULL,NULL,NULL,NULL,-1.442532,-3.730831,174.570000
0,1,1,-770.205977,1026.966516,0.000000,NULL,NULL,NULL,NULL,NULL,-2.399962,3.200028,174.570000
0,1,1,-1041.881575,538.269324,0.000000,NULL,NULL,NULL,NULL,NULL,-3.553754,1.835983,174.570000
0,1,1,774.316123,975.217723,0.000000,NULL,NULL,NULL,NULL,NULL,2.487289,3.132633,174.570000
0,1,1,526.796099,1170.625193,0.000000,NULL,NULL,NULL,NULL,NULL,1.641497,3.647669,174.570000
0,1,1,895.017733,-466.767577,0.000000,NULL,NULL,NULL,NULL,NULL,3.546661,-1.849647,174.570000
0,1,1,-1004.714374,-374.029814,0.000000,NULL,NULL,NULL,NULL,NULL,-3.748665,-1.395533,174.570000
0,1,1,-641.376022,-505.230865,0.000000,NULL,NULL,NULL,NULL,NULL,-3.142195,-2.475200,174.570000
0,1,1,-890.328855,-537.181204,0.000000,NULL,NULL,NULL,NULL,NULL,-3.424897,-2.066417,174.570000
0,1,1,1062.668932,-141.718090,0.000000,NULL,NULL,NULL,NULL,NULL,3.964897,-0.528761,174.570000
0,1,1,-1031.809746,557.332692,0.000000,NULL,NULL,NULL,NULL,NULL,-3.519400,1.901006,174.570000
0,1,1,-995.103795,-398.895617,0.000000,NULL,NULL,NULL,NULL,NULL,-3.712807,-1.488309,174.570000
0,1,1,-576.815532,-791.038461,0.000000,NULL,NULL,NULL,NULL,NULL,-2.356733,-3.231998,174.570000
0,1,1,-341.188124,-741.762827,0.000000,NULL,NULL,NULL,NULL,NULL,-1.671530,-3.634004,174.570000
0,1,1,-752.610458,-672.685820,0.000000,NULL,NULL,NULL,NULL,NULL,-2.982348,-2.665633,174.570000
0,1,1,769.058948,-605.810483,0.000000,NULL,NULL,NULL,NULL,NULL,3.142195,-2.475200,174.570000
0,1,1,-364.651442,-877.579688,0.000000,NULL,NULL,NULL,NULL,NULL,-1.534850,-3.693810,174.570000
0,1,1,167.217927,-906.343909,0.000000,NULL,NULL,NULL,NULL,NULL,0.725740,-3.933612,174.570000
0,1,1,874.775278,834.497623,0.000000,NULL,NULL,NULL,NULL,NULL,2.894273,2.761011,174.570000
0,1,1,588.160603,-746.447512,0.000000,NULL,NULL,NULL,NULL,NULL,2.475620,-3.141863,174.570000
0,1,1,144.630695,-910.221444,0.000000,NULL,NULL,NULL,NULL,NULL,0.627710,-3.950441,174.570000
0,1,1,189.701763,-901.905958,0.000000,NULL,NULL,NULL,NULL,NULL,0.823322,-3.914351,174.570000
0,1,1,303.890956,-757.807176,0.000000,NULL,NULL,NULL,NULL,NULL,1.488806,-3.712608,174.570000
0,1,1,121.954035,-913.536167,0.000000,NULL,NULL,NULL,NULL,NULL,0.529291,-3.964827,174.570000
0,1,1,-343.721804,-493.185204,0.000000,NULL,NULL,NULL,NULL,NULL,-2.287111,-3.281634,174.570000
0,1,1,99.201968,-916.286028,0.000000,NULL,NULL,NULL,NULL,NULL,0.430545,-3.976761,174.570000
0,1,1,76.388561,-918.469326,0.000000,NULL,NULL,NULL,NULL,NULL,0.331533,-3.986237,174.570000
0,1,1,212.068302,-896.910336,0.000000,NULL,NULL,NULL,NULL,NULL,0.920395,-3.892669,174.570000
0,1,1,53.527922,-920.084712,0.000000,NULL,NULL,NULL,NULL,NULL,0.232316,-3.993248,174.570000
0,1,1,-672.680833,1093.333420,0.000000,NULL,NULL,NULL,NULL,NULL,-2.096074,3.406828,174.570000
0,1,1,-1051.601234,519.024012,0.000000,NULL,NULL,NULL,NULL,NULL,-3.586907,1.770339,174.570000
0,1,1,925.915681,719.674394,0.000000,NULL,NULL,NULL,NULL,NULL,3.158206,2.454737,174.570000
0,1,1,-908.877228,851.209287,0.000000,NULL,NULL,NULL,NULL,NULL,-2.919532,2.734289,174.570000
0,1,1,234.303714,-891.360132,0.000000,NULL,NULL,NULL,NULL,NULL,1.016899,-3.868581,174.570000
0,1,1,30.634185,-921.131186,0.000000,NULL,NULL,NULL,NULL,NULL,0.132955,-3.997790,174.570000
0,1,1,756.256491,989.288221,0.000000,NULL,NULL,NULL,NULL,NULL,2.429277,3.177831,174.570000
0,1,1,-987.628673,697.285934,0.000000,NULL,NULL,NULL,NULL,NULL,-3.267659,2.307034,174.570000
0,1,1,256.394250,-885.258778,0.000000,NULL,NULL,NULL,NULL,NULL,1.112773,-3.842100,174.570000
0,1,1,606.538600,-731.592584,0.000000,NULL,NULL,NULL,NULL,NULL,2.552975,-3.079338,174.570000
0,1,1,278.326251,-878.610047,0.000000,NULL,NULL,NULL,NULL,NULL,1.207960,-3.813244,174.570000
0,1,1,964.856837,604.377448,0.000000,NULL,NULL,NULL,NULL,NULL,3.389873,2.123385,174.570000
0,1,1,-386.359039,-868.241599,0.000000,NULL,NULL,NULL,NULL,NULL,-1.626219,-3.654506,174.570000
0,1,1,300.086156,-871.418048,0.000000,NULL,NULL,NULL,NULL,NULL,1.302400,-3.782030,174.570000
0,1,1,-596.305757,-776.451834,0.000000,NULL,NULL,NULL,NULL,NULL,-2.436366,-3.172400,174.570000
0,1,1,-652.466896,1105.515455,0.000000,NULL,NULL,NULL,NULL,NULL,-2.033087,3.444787,174.570000
0,1,1,-1043.012675,456.448656,0.000000,NULL,NULL,NULL,NULL,NULL,-3.664461,1.603660,174.570000
0,1,1,-1021.389150,576.207675,0.000000,NULL,NULL,NULL,NULL,NULL,-3.483856,1.965387,174.570000
0,1,1,-30.634185,-921.131186,0.000000,NULL,NULL,NULL,NULL,NULL,-0.132955,-3.997790,174.570000
0,1,1,906.346839,-444.369353,0.000000,NULL,NULL,NULL,NULL,NULL,3.591555,-1.760890,174.570000
0,1,1,-1085.943747,200.636978,0.000000,NULL,NULL,NULL,NULL,NULL,-3.933428,0.726733,174.570000
0,1,1,-1059.087838,417.796323,0.000000,NULL,NULL,NULL,NULL,NULL,-3.720938,1.467862,174.570000
0,1,1,321.660511,-863.687230,0.000000,NULL,NULL,NULL,NULL,NULL,1.396035,-3.748478,174.570000
0,1,1,461.460453,1197.886356,0.000000,NULL,NULL,NULL,NULL,NULL,1.437911,3.732615,174.570000
0,1,1,783.884188,-586.501138,0.000000,NULL,NULL,NULL,NULL,NULL,3.202767,-2.396306,174.570000
0,1,1,859.285719,850.438782,0.000000,NULL,NULL,NULL,NULL,NULL,2.843025,2.813754,174.570000
0,1,1,-53.527922,-920.084712,0.000000,NULL,NULL,NULL,NULL,NULL,-0.232316,-3.993248,174.570000
0,1,1,-903.410190,-514.877796,0.000000,NULL,NULL,NULL,NULL,NULL,-3.475218,-1.980621,174.570000
0,1,1,-893.074672,867.774565,0.000000,NULL,NULL,NULL,NULL,NULL,-2.868770,2.787500,174.570000
0,1,1,-769.103587,-653.764779,0.000000,NULL,NULL,NULL,NULL,NULL,-3.047705,-2.590655,174.570000
0,1,1,-1013.703714,-348.932740,0.000000,NULL,NULL,NULL,NULL,NULL,-3.782205,-1.301894,174.570000
0,1,1,-1051.227921,437.196379,0.000000,NULL,NULL,NULL,NULL,NULL,-3.693324,1.536021,174.570000
0,1,1,737.941234,1003.024327,0.000000,NULL,NULL,NULL,NULL,NULL,2.370444,3.221955,174.570000
0,1,1,343.035974,-855.422373,0.000000,NULL,NULL,NULL,NULL,NULL,1.488806,-3.712608,174.570000
0,1,1,624.541560,-716.285294,0.000000,NULL,NULL,NULL,NULL,NULL,2.628751,-3.014908,174.570000
0,1,1,539.064441,613.213631,0.000000,NULL,NULL,NULL,NULL,NULL,2.640955,3.004223,174.570000
0,1,1,-632.032415,1117.323810,0.000000,NULL,NULL,NULL,NULL,NULL,-1.969413,3.481582,174.570000
0,1,1,-407.827741,-858.366656,0.000000,NULL,NULL,NULL,NULL,NULL,-1.716583,-3.612941,174.570000
0,1,1,251.564683,1075.287975,0.000000,NULL,NULL,NULL,NULL,NULL,0.911200,3.894832,174.570000
0,1,1,590.762426,111.247831,0.000000,NULL,NULL,NULL,NULL,NULL,3.930909,0.740239,174.570000
0,1,1,-76.388561,-918.469326,0.000000,NULL,NULL,NULL,NULL,NULL,-0.331533,-3.986237,174.570000
0,1,1,912.528432,736.575144,0.000000,NULL,NULL,NULL,NULL,NULL,3.112543,2.512384,174.570000
0,1,1,-974.642592,715.325022,0.000000,NULL,NULL,NULL,NULL,NULL,-3.224693,2.366718,174.570000
0,1,1,-876.970245,884.046523,0.000000,NULL,NULL,NULL,NULL,NULL,-2.817039,2.839770,174.570000
0,1,1,1065.864104,-115.251842,0.000000,NULL,NULL,NULL,NULL,NULL,3.976819,-0.430013,174.570000
0,1,1,995.150626,-301.536643,0.000000,NULL,NULL,NULL,NULL,NULL,3.828123,-1.159944,174.570000
0,1,1,843.505710,866.092482,0.000000,NULL,NULL,NULL,NULL,NULL,2.790815,2.865545,174.570000
0,1,1,439.360073,1206.167566,0.000000,NULL,NULL,NULL,NULL,NULL,1.369046,3.758419,174.570000
0,1,1,1002.340436,-276.699776,0.000000,NULL,NULL,NULL,NULL,NULL,3.855781,-1.064403,174.570000
0,1,1,364.199330,-846.628587,0.000000,NULL,NULL,NULL,NULL,NULL,1.580657,-3.674442,174.570000
0,1,1,-692.667396,1080.781824,0.000000,NULL,NULL,NULL,NULL,NULL,-2.158352,3.367717,174.570000
0,1,1,-99.201968,-916.286028,0.000000,NULL,NULL,NULL,NULL,NULL,-0.430545,-3.976761,174.570000
0,1,1,-615.427270,-761.385107,0.000000,NULL,NULL,NULL,NULL,NULL,-2.514492,-3.110841,174.570000
0,1,1,-326.484442,504.761561,0.000000,NULL,NULL,NULL,NULL,NULL,-2.172414,3.358663,174.570000
0,1,1,898.832736,753.226921,0.000000,NULL,NULL,NULL,NULL,NULL,3.065829,2.569182,174.570000
0,1,1,-1010.623311,594.887892,0.000000,NULL,NULL,NULL,NULL,NULL,-3.447135,2.029103,174.570000
0,1,1,-785.121160,-634.439499,0.000000,NULL,NULL,NULL,NULL,NULL,-3.111177,-2.514075,174.570000
0,1,1,385.137492,-837.311309,0.000000,NULL,NULL,NULL,NULL,NULL,1.671530,-3.634004,174.570000
0,1,1,-590.529527,1139.803645,0.000000,NULL,NULL,NULL,NULL,NULL,-1.840090,3.551629,174.570000
0,1,1,-121.954035,-913.536167,0.000000,NULL,NULL,NULL,NULL,NULL,-0.529291,-3.964827,174.570000
0,1,1,417.111183,1214.041075,0.000000,NULL,NULL,NULL,NULL,NULL,1.299719,3.782953,174.570000
0,1,1,642.158350,-700.535107,0.000000,NULL,NULL,NULL,NULL,NULL,2.702901,-2.948614,174.570000
0,1,1,719.376543,1016.421396,0.000000,NULL,NULL,NULL,NULL,NULL,2.310810,3.264990,174.570000
0,1,1,-429.044273,-847.960962,0.000000,NULL,NULL,NULL,NULL,NULL,-1.805885,-3.569143,174.570000
0,1,1,505.185856,1180.112165,0.000000,NULL,NULL,NULL,NULL,NULL,1.574159,3.677230,174.570000
0,1,1,798.224734,-566.829146,0.000000,NULL,NULL,NULL,NULL,NULL,3.261359,-2.315931,174.570000
0,1,1,1068.400226,-88.714332,0.000000,NULL,NULL,NULL,NULL,NULL,3.986281,-0.331000,174.570000
0,1,1,-860.569389,900.019662,0.000000,NULL,NULL,NULL,NULL,NULL,-2.764355,2.891079,174.570000
0,1,1,917.115527,-421.696364,0.000000,NULL,NULL,NULL,NULL,NULL,3.634228,-1.671044,174.570000
0,1,1,405.837514,-827.476301,0.000000,NULL,NULL,NULL,NULL,NULL,1.761370,-3.591319,174.570000
0,1,1,-144.630695,-910.221444,0.000000,NULL,NULL,NULL,NULL,NULL,-0.627710,-3.950441,174.570000
0,1,1,-961.327068,733.122321,0.000000,NULL,NULL,NULL,NULL,NULL,-3.180638,2.425602,174.570000
0,1,1,1102.713162,59.604527,0.000000,NULL,NULL,NULL,NULL,NULL,3.994169,0.215895,174.570000
0,1,1,483.404853,1189.200243,0.000000,NULL,NULL,NULL,NULL,NULL,1.506290,3.705549,174.570000
0,1,1,-569.475147,1150.467526,0.000000,NULL,NULL,NULL,NULL,NULL,-1.774485,3.584858,174.570000
0,1,1,-634.168249,-745.847597,0.000000,NULL,NULL,NULL,NULL,NULL,-2.591063,-3.047358,174.570000
0,1,1,394.721304,1221.504222,0.000000,NULL,NULL,NULL,NULL,NULL,1.229952,3.806208,174.570000
0,1,1,-915.932924,-492.256026,0.000000,NULL,NULL,NULL,NULL,NULL,-3.523390,-1.893600,174.570000
0,1,1,827.440584,881.453430,0.000000,NULL,NULL,NULL,NULL,NULL,2.737662,2.916369,174.570000
0,1,1,-556.462054,-227.434181,0.000000,NULL,NULL,NULL,NULL,NULL,-3.702676,-1.513338,174.570000
0,1,1,953.582669,622.013593,0.000000,NULL,NULL,NULL,NULL,NULL,3.350263,2.185347,174.570000
0,1,1,930.071280,656.649244,0.000000,NULL,NULL,NULL,NULL,NULL,3.267659,2.307034,174.570000
0,1,1,941.986177,639.439488,0.000000,NULL,NULL,NULL,NULL,NULL,3.309520,2.246570,174.570000
0,1,1,-167.217927,-906.343909,0.000000,NULL,NULL,NULL,NULL,NULL,-0.725740,-3.933612,174.570000
0,1,1,372.198003,1228.554483,0.000000,NULL,NULL,NULL,NULL,NULL,1.159769,3.828177,174.570000
0,1,1,426.286597,-817.129643,0.000000,NULL,NULL,NULL,NULL,NULL,1.850121,-3.546414,174.570000
0,1,1,-449.995516,-837.030954,0.000000,NULL,NULL,NULL,NULL,NULL,-1.894071,-3.523137,174.570000
0,1,1,-1022.066255,-323.619911,0.000000,NULL,NULL,NULL,NULL,NULL,-3.813406,-1.207450,174.570000
0,1,1,659.378077,-684.351761,0.000000,NULL,NULL,NULL,NULL,NULL,2.775381,-2.880497,174.570000
0,1,1,700.568693,1029.474901,0.000000,NULL,NULL,NULL,NULL,NULL,2.250395,3.306921,174.570000
0,1,1,-7.721506,-921.608102,0.000000,NULL,NULL,NULL,NULL,NULL,-0.033512,-3.999860,174.570000
0,1,1,-548.228277,1160.742533,0.000000,NULL,NULL,NULL,NULL,NULL,-1.708280,3.616874,174.570000
0,1,1,-999.515868,613.367028,0.000000,NULL,NULL,NULL,NULL,NULL,-3.409249,2.092134,174.570000
0,1,1,884.833222,769.624097,0.000000,NULL,NULL,NULL,NULL,NULL,3.018078,2.625111,174.570000
0,1,1,-189.701763,-901.905958,0.000000,NULL,NULL,NULL,NULL,NULL,-0.823322,-3.914351,174.570000
0,1,1,446.472096,-806.277734,0.000000,NULL,NULL,NULL,NULL,NULL,1.937728,-3.499316,174.570000
0,1,1,1008.910474,-251.691818,0.000000,NULL,NULL,NULL,NULL,NULL,3.881054,-0.968203,174.570000
0,1,1,-800.653272,-614.721930,0.000000,NULL,NULL,NULL,NULL,NULL,-3.172726,-2.435941,174.570000
0,1,1,-1034.444876,475.546648,0.000000,NULL,NULL,NULL,NULL,NULL,-3.634359,1.670758,174.570000
0,1,1,-927.889314,-469.329881,0.000000,NULL,NULL,NULL,NULL,NULL,-3.569384,-1.805408,174.570000
0,1,1,-947.686603,750.671814,0.000000,NULL,NULL,NULL,NULL,NULL,-3.135507,2.483666,174.570000
0,1,1,681.524041,1042.180429,0.000000,NULL,NULL,NULL,NULL,NULL,2.189219,3.347734,174.570000
0,1,1,-526.796099,1170.625193,0.000000,NULL,NULL,NULL,NULL,NULL,-1.641497,3.647669,174.570000
0,1,1,812.071717,-546.806668,0.000000,NULL,NULL,NULL,NULL,NULL,3.317935,-2.234124,174.570000
0,1,1,676.190095,-667.745264,0.000000,NULL,NULL,NULL,NULL,NULL,2.846144,-2.810599,174.570000
0,1,1,-212.068302,-896.910336,0.000000,NULL,NULL,NULL,NULL,NULL,-0.920395,-3.892669,174.570000
0,1,1,-1029.796827,-298.106980,0.000000,NULL,NULL,NULL,NULL,NULL,-3.842249,-1.112259,174.570000
0,1,1,811.095772,896.516435,0.000000,NULL,NULL,NULL,NULL,NULL,2.683584,2.966206,174.570000
0,1,1,466.381530,-794.927283,0.000000,NULL,NULL,NULL,NULL,NULL,2.024137,-3.450054,174.570000
0,1,1,-652.517107,-729.848910,0.000000,NULL,NULL,NULL,NULL,NULL,-2.666032,-2.981992,174.570000
0,1,1,-470.668516,-825.583388,0.000000,NULL,NULL,NULL,NULL,NULL,-1.981085,-3.474953,174.570000
0,1,1,-933.725806,767.967570,0.000000,NULL,NULL,NULL,NULL,NULL,-3.089316,2.540890,174.570000
0,1,1,927.317141,-398.762629,0.000000,NULL,NULL,NULL,NULL,NULL,3.674653,-1.580165,174.570000
0,1,1,598.984907,50.925487,0.000000,NULL,NULL,NULL,NULL,NULL,3.985621,0.338856,174.570000
0,1,1,-826.900667,931.047986,0.000000,NULL,NULL,NULL,NULL,NULL,-2.656203,2.990750,174.570000
0,1,1,-611.384299,1128.754495,0.000000,NULL,NULL,NULL,NULL,NULL,-1.905074,3.517200,174.570000
0,1,1,1070.275730,-62.121967,0.000000,NULL,NULL,NULL,NULL,NULL,3.993279,-0.231782,174.570000
0,1,1,-234.303714,-891.360132,0.000000,NULL,NULL,NULL,NULL,NULL,-1.016899,-3.868581,174.570000
0,1,1,-988.070574,631.638838,0.000000,NULL,NULL,NULL,NULL,NULL,-3.370210,2.154457,174.570000
0,1,1,825.416576,-526.446087,0.000000,NULL,NULL,NULL,NULL,NULL,3.372459,-2.150935,174.570000
0,1,1,486.002589,-783.085308,0.000000,NULL,NULL,NULL,NULL,NULL,2.109294,-3.398659,174.570000
0,1,1,662.249025,1054.533686,0.000000,NULL,NULL,NULL,NULL,NULL,2.127303,3.387415,174.570000
0,1,1,870.534622,785.761130,0.000000,NULL,NULL,NULL,NULL,NULL,2.969307,2.680153,174.570000
0,1,1,816.124254,23.719845,0.000000,NULL,NULL,NULL,NULL,NULL,3.998312,0.116207,174.570000
0,1,1,-251.564683,1075.287975,0.000000,NULL,NULL,NULL,NULL,NULL,-0.911200,3.894832,174.570000
0,1,1,280.923475,1252.581124,0.000000,NULL,NULL,NULL,NULL,NULL,0.875358,3.903044,174.570000
0,1,1,-461.460453,1197.886356,0.000000,NULL,NULL,NULL,NULL,NULL,-1.437911,3.732615,174.570000
0,1,1,692.584007,-650.725884,0.000000,NULL,NULL,NULL,NULL,NULL,2.915147,-2.738963,174.570000
0,1,1,936.945370,-375.582330,0.000000,NULL,NULL,NULL,NULL,NULL,3.712807,-1.488309,174.570000
0,1,1,-1016.263323,513.254006,0.000000,NULL,NULL,NULL,NULL,NULL,-3.570481,1.803237,174.570000
0,1,1,-491.050490,-813.625343,0.000000,NULL,NULL,NULL,NULL,NULL,-2.066875,-3.424621,174.570000
0,1,1,0.000000,601.145843,0.000000,NULL,NULL,NULL,NULL,NULL,0.000000,4.000000,174.570000
0,1,1,-815.690321,-594.624262,0.000000,NULL,NULL,NULL,NULL,NULL,-3.232313,-2.356301,174.570000
0,1,1,-407.011784,-442.399968,0.000000,NULL,NULL,NULL,NULL,NULL,-2.708240,-2.943711,174.570000
0,1,1,-256.394250,-885.258778,0.000000,NULL,NULL,NULL,NULL,NULL,-1.112773,-3.842100,174.570000
0,1,1,794.476798,911.276406,0.000000,NULL,NULL,NULL,NULL,NULL,2.628599,3.015041,174.570000
0,1,1,-1025.527421,494.483898,0.000000,NULL,NULL,NULL,NULL,NULL,-3.603029,1.737291,174.570000
0,1,1,-670.462496,-713.398939,0.000000,NULL,NULL,NULL,NULL,NULL,-2.739353,-2.914781,174.570000
0,1,1,-919.449398,785.003742,0.000000,NULL,NULL,NULL,NULL,NULL,-3.042082,2.597256,174.570000
0,1,1,-809.644182,946.092683,0.000000,NULL,NULL,NULL,NULL,NULL,-2.600771,3.039077,174.570000
0,1,1,505.323140,-770.759133,0.000000,NULL,NULL,NULL,NULL,NULL,2.193147,-3.345162,174.570000
0,1,1,257.848078,1257.534031,0.000000,NULL,NULL,NULL,NULL,NULL,0.803455,3.918477,174.570000
0,1,1,-439.360073,1206.167566,0.000000,NULL,NULL,NULL,NULL,NULL,-1.369046,3.758419,174.570000
0,1,1,1014.856678,-226.528233,0.000000,NULL,NULL,NULL,NULL,NULL,3.903928,-0.871404,174.570000
0,1,1,-939.271966,-446.113539,0.000000,NULL,NULL,NULL,NULL,NULL,-3.613171,-1.716100,174.570000
0,1,1,917.842007,673.637044,0.000000,NULL,NULL,NULL,NULL,NULL,3.224693,2.366718,174.570000
0,1,1,642.750159,1066.530496,0.000000,NULL,NULL,NULL,NULL,NULL,2.064668,3.425952,174.570000
0,1,1,1095.353100,140.465670,0.000000,NULL,NULL,NULL,NULL,NULL,3.967510,0.508785,174.570000
0,1,1,234.685525,1262.061875,0.000000,NULL,NULL,NULL,NULL,NULL,0.731280,3.932586,174.570000
0,1,1,-20.760782,-600.787245,0.000000,NULL,NULL,NULL,NULL,NULL,-0.138141,-3.997614,174.570000
0,1,1,-278.326251,-878.610047,0.000000,NULL,NULL,NULL,NULL,NULL,-1.207960,-3.813244,174.570000
0,1,1,-417.111183,1214.041075,0.000000,NULL,NULL,NULL,NULL,NULL,-1.299719,3.782953,174.570000
0,1,1,-843.877649,915.688581,0.000000,NULL,NULL,NULL,NULL,NULL,-2.710738,2.941412,174.570000
0,1,1,-976.291299,649.697145,0.000000,NULL,NULL,NULL,NULL,NULL,-3.330032,2.216052,174.570000
0,1,1,-1036.890650,-272.409723,0.000000,NULL,NULL,NULL,NULL,NULL,-3.868717,-1.016381,174.570000
0,1,1,1068.266601,279.884776,0.000000,NULL,NULL,NULL,NULL,NULL,3.869400,1.013779,174.570000
0,1,1,524.331237,-757.956377,0.000000,NULL,NULL,NULL,NULL,NULL,2.275643,-3.289597,174.570000
0,1,1,349.548895,1235.189476,0.000000,NULL,NULL,NULL,NULL,NULL,1.089195,3.848851,174.570000
0,1,1,855.941770,801.632564,0.000000,NULL,NULL,NULL,NULL,NULL,2.919532,2.734289,174.570000
0,1,1,211.443644,1266.163124,0.000000,NULL,NULL,NULL,NULL,NULL,0.658859,3.945365,174.570000
0,1,1,-964.182024,667.535845,0.000000,NULL,NULL,NULL,NULL,NULL,-3.288729,2.276898,174.570000
0,1,1,-511.128834,-801.164214,0.000000,NULL,NULL,NULL,NULL,NULL,-2.151386,-3.372171,174.570000
0,1,1,838.251059,-505.759991,0.000000,NULL,NULL,NULL,NULL,NULL,3.424897,-2.066417,174.570000
0,1,1,-394.721304,1221.504222,0.000000,NULL,NULL,NULL,NULL,NULL,-1.229952,3.806208,174.570000
0,1,1,708.549677,-633.304143,0.000000,NULL,NULL,NULL,NULL,NULL,2.982348,-2.665633,174.570000
0,1,1,-1099.542137,-102.645541,0.000000,NULL,NULL,NULL,NULL,NULL,-3.982684,-0.371795,174.570000
0,1,1,-733.326556,825.688307,0.000000,NULL,NULL,NULL,NULL,NULL,-2.656203,2.990750,174.570000
0,1,1,-372.198003,1228.554483,0.000000,NULL,NULL,NULL,NULL,NULL,-1.159769,3.828177,174.570000
0,1,1,-792.114025,960.817588,0.000000,NULL,NULL,NULL,NULL,NULL,-2.544460,3.086377,174.570000
0,1,1,1082.071630,220.567464,0.000000,NULL,NULL,NULL,NULL,NULL,3.919403,0.798924,174.570000
0,1,1,188.130293,1269.836393,0.000000,NULL,NULL,NULL,NULL,NULL,0.586214,3.956811,174.570000
0,1,1,777.589280,925.728352,0.000000,NULL,NULL,NULL,NULL,NULL,2.572725,3.062856,174.570000
0,1,1,-300.086156,-871.418048,0.000000,NULL,NULL,NULL,NULL,NULL,-1.302400,-3.782030,174.570000
0,1,1,1020.175370,-201.224579,0.000000,NULL,NULL,NULL,NULL,NULL,3.924388,-0.774066,174.570000
0,1,1,-1006.655714,531.850627,0.000000,NULL,NULL,NULL,NULL,NULL,-3.536726,1.868573,174.570000
0,1,1,-904.862202,801.774572,0.000000,NULL,NULL,NULL,NULL,NULL,-2.993819,2.652744,174.570000
0,1,1,326.781634,1241.406958,0.000000,NULL,NULL,NULL,NULL,NULL,1.018252,3.868225,174.570000
0,1,1,-774.316123,975.217723,0.000000,NULL,NULL,NULL,NULL,NULL,-2.487289,3.132633,174.570000
0,1,1,1071.489455,-35.491190,0.000000,NULL,NULL,NULL,NULL,NULL,3.997808,-0.132420,174.570000
0,1,1,164.753351,1273.080439,0.000000,NULL,NULL,NULL,NULL,NULL,0.513372,3.966919,174.570000
0,1,1,-687.993322,-696.507857,0.000000,NULL,NULL,NULL,NULL,NULL,-2.810979,-2.845768,174.570000
0,1,1,543.015127,-744.684959,0.000000,NULL,NULL,NULL,NULL,NULL,2.356733,-3.231998,174.570000
0,1,1,-830.223009,-574.158923,0.000000,NULL,NULL,NULL,NULL,NULL,-3.289901,-2.275203,174.570000
0,1,1,-505.185856,1180.112165,0.000000,NULL,NULL,NULL,NULL,NULL,-1.574159,3.677230,174.570000
0,1,1,945.994263,-352.169799,0.000000,NULL,NULL,NULL,NULL,NULL,3.748665,-1.395533,174.570000
0,1,1,141.320720,1275.894167,0.000000,NULL,NULL,NULL,NULL,NULL,0.440355,3.975687,174.570000
0,1,1,760.438926,939.867389,0.000000,NULL,NULL,NULL,NULL,NULL,2.515981,3.109636,174.570000
0,1,1,-530.891135,-788.207704,0.000000,NULL,NULL,NULL,NULL,NULL,-2.234568,-3.317636,174.570000
0,1,1,303.903916,1247.204827,0.000000,NULL,NULL,NULL,NULL,NULL,0.946965,3.886291,174.570000
0,1,1,-483.404853,1189.200243,0.000000,NULL,NULL,NULL,NULL,NULL,-1.506290,3.705549,174.570000
0,1,1,637.970126,901.400653,0.000000,NULL,NULL,NULL,NULL,NULL,2.310810,3.264990,174.570000
0,1,1,117.840321,1278.276625,0.000000,NULL,NULL,NULL,NULL,NULL,0.367191,3.983111,174.570000
0,1,1,-321.660511,-863.687230,0.000000,NULL,NULL,NULL,NULL,NULL,-1.396035,-3.748478,174.570000
0,1,1,879.309785,723.211669,0.000000,NULL,NULL,NULL,NULL,NULL,3.089316,2.540890,174.570000
0,1,1,-951.746843,685.148910,0.000000,NULL,NULL,NULL,NULL,NULL,-3.246313,2.336974,174.570000
0,1,1,94.320091,1280.227008,0.000000,NULL,NULL,NULL,NULL,NULL,0.293901,3.989188,174.570000
0,1,1,841.059597,817.233036,0.000000,NULL,NULL,NULL,NULL,NULL,2.868770,2.787500,174.570000
0,1,1,-950.073844,-422.621353,0.000000,NULL,NULL,NULL,NULL,NULL,-3.654723,-1.625730,174.570000
0,1,1,603.107317,1089.438677,0.000000,NULL,NULL,NULL,NULL,NULL,1.937325,3.499539,174.570000
0,1,1,-756.256491,989.288221,0.000000,NULL,NULL,NULL,NULL,NULL,-2.429277,3.177831,174.570000
0,1,1,-280.923475,1252.581124,0.000000,NULL,NULL,NULL,NULL,NULL,-0.875358,3.903044,174.570000
0,1,1,724.077233,-615.490814,0.000000,NULL,NULL,NULL,NULL,NULL,3.047705,-2.590655,174.570000
0,1,1,70.767978,1281.744656,0.000000,NULL,NULL,NULL,NULL,NULL,0.220513,3.993917,174.570000
0,1,1,561.363258,-730.953083,0.000000,NULL,NULL,NULL,NULL,NULL,2.436366,-3.172400,174.570000
0,1,1,-889.969151,818.274391,0.000000,NULL,NULL,NULL,NULL,NULL,-2.944544,2.707335,174.570000
0,1,1,-705.098745,-679.186106,0.000000,NULL,NULL,NULL,NULL,NULL,-2.880868,-2.774995,174.570000
0,1,1,-257.848078,1257.534031,0.000000,NULL,NULL,NULL,NULL,NULL,-0.803455,3.918477,174.570000
0,1,1,-234.685525,1262.061875,0.000000,NULL,NULL,NULL,NULL,NULL,-0.731280,3.932586,174.570000
0,1,1,47.191946,1282.829058,0.000000,NULL,NULL,NULL,NULL,NULL,0.147050,3.997296,174.570000
0,1,1,905.302490,690.397144,0.000000,NULL,NULL,NULL,NULL,NULL,3.180638,2.425602,174.570000
0,1,1,850.567231,-484.761170,0.000000,NULL,NULL,NULL,NULL,NULL,3.475218,-1.980621,174.570000
0,1,1,-844.242348,-553.338568,0.000000,NULL,NULL,NULL,NULL,NULL,-3.345455,-2.192699,174.570000
0,1,1,582.976740,1100.342304,0.000000,NULL,NULL,NULL,NULL,NULL,1.872661,3.534564,174.570000
0,1,1,825.893135,832.557272,0.000000,NULL,NULL,NULL,NULL,NULL,2.817039,2.839770,174.570000
0,1,1,173.233890,-877.648859,0.000000,NULL,NULL,NULL,NULL,NULL,0.774591,-3.924284,174.570000
0,1,1,129.389079,-885.175670,0.000000,NULL,NULL,NULL,NULL,NULL,0.578545,-3.957940,174.570000
0,1,1,151.358279,-881.684848,0.000000,NULL,NULL,NULL,NULL,NULL,0.676777,-3.942331,174.570000
0,1,1,-303.890956,-757.807176,0.000000,NULL,NULL,NULL,NULL,NULL,-1.488806,-3.712608,174.570000
0,1,1,-211.443644,1266.163124,0.000000,NULL,NULL,NULL,NULL,NULL,-0.658859,3.945365,174.570000
0,1,1,195.002387,-873.070197,0.000000,NULL,NULL,NULL,NULL,NULL,0.871926,-3.903812,174.570000
0,1,1,-1043.343337,-246.544027,0.000000,NULL,NULL,NULL,NULL,NULL,-3.892792,-0.919874,174.570000
0,1,1,85.224299,-890.513514,0.000000,NULL,NULL,NULL,NULL,NULL,0.381069,-3.981807,174.570000
0,1,1,107.339875,-888.119165,0.000000,NULL,NULL,NULL,NULL,NULL,0.479955,-3.971101,174.570000
0,1,1,-343.035974,-855.422373,0.000000,NULL,NULL,NULL,NULL,NULL,-1.488806,-3.712608,174.570000
0,1,1,63.056028,-892.357236,0.000000,NULL,NULL,NULL,NULL,NULL,0.281946,-3.990051,174.570000
0,1,1,-188.130293,1269.836393,0.000000,NULL,NULL,NULL,NULL,NULL,-0.586214,3.956811,174.570000
0,1,1,216.650308,-867.951694,0.000000,NULL,NULL,NULL,NULL,NULL,0.968722,-3.880925,174.570000
0,1,1,743.031534,953.688738,0.000000,NULL,NULL,NULL,NULL,NULL,2.458387,3.155366,174.570000
0,1,1,-164.753351,1273.080439,0.000000,NULL,NULL,NULL,NULL,NULL,-0.513372,3.966919,174.570000
0,1,1,-996.707842,550.267475,0.000000,NULL,NULL,NULL,NULL,NULL,-3.501776,1.933278,174.570000
0,1,1,-117.840321,1278.276625,0.000000,NULL,NULL,NULL,NULL,NULL,-0.367191,3.983111,174.570000
0,1,1,40.848767,-893.649192,0.000000,NULL,NULL,NULL,NULL,NULL,0.182650,-3.995828,174.570000
0,1,1,-47.191946,1282.829058,0.000000,NULL,NULL,NULL,NULL,NULL,-0.147050,3.997296,174.570000
0,1,1,-141.320720,1275.894167,0.000000,NULL,NULL,NULL,NULL,NULL,-0.440355,3.975687,174.570000
0,1,1,-94.320091,1280.227008,0.000000,NULL,NULL,NULL,NULL,NULL,-0.293901,3.989188,174.570000
0,1,1,238.164269,-862.296516,0.000000,NULL,NULL,NULL,NULL,NULL,1.064918,-3.855639,174.570000
0,1,1,-70.767978,1281.744656,0.000000,NULL,NULL,NULL,NULL,NULL,-0.220513,3.993917,174.570000
0,1,1,-550.325173,-774.763826,0.000000,NULL,NULL,NULL,NULL,NULL,-2.316367,-3.261049,174.570000
0,1,1,-737.941234,1003.024327,0.000000,NULL,NULL,NULL,NULL,NULL,-2.370444,3.221955,174.570000
0,1,1,892.456969,706.923882,0.000000,NULL,NULL,NULL,NULL,NULL,3.135507,2.483666,174.570000
0,1,1,739.157075,-597.296912,0.000000,NULL,NULL,NULL,NULL,NULL,3.111177,-2.514075,174.570000
0,1,1,259.530968,-856.108157,0.000000,NULL,NULL,NULL,NULL,NULL,1.160457,-3.827968,174.570000
0,1,1,579.364283,-716.769240,0.000000,NULL,NULL,NULL,NULL,NULL,2.514492,-3.110841,174.570000
0,1,1,1024.863262,-175.796504,0.000000,NULL,NULL,NULL,NULL,NULL,3.942421,-0.676250,174.570000
0,1,1,-938.989957,702.530384,0.000000,NULL,NULL,NULL,NULL,NULL,-3.202801,2.396261,174.570000
0,1,1,20.760782,-600.787245,0.000000,NULL,NULL,NULL,NULL,NULL,0.138141,-3.997614,174.570000
0,1,1,-18.616248,-894.388582,0.000000,NULL,NULL,NULL,NULL,NULL,-0.083240,-3.999134,174.570000
0,1,1,-364.199330,-846.628587,0.000000,NULL,NULL,NULL,NULL,NULL,-1.580657,-3.674442,174.570000
0,1,1,280.737192,-849.390446,0.000000,NULL,NULL,NULL,NULL,NULL,1.255277,-3.797931,174.570000
0,1,1,562.649109,1110.874001,0.000000,NULL,NULL,NULL,NULL,NULL,1.807364,3.568394,174.570000
0,1,1,954.458225,-328.539512,0.000000,NULL,NULL,NULL,NULL,NULL,3.782205,-1.301894,174.570000
0,1,1,-874.775278,834.497623,0.000000,NULL,NULL,NULL,NULL,NULL,-2.894273,2.761011,174.570000
0,1,1,1072.040651,-8.838469,0.000000,NULL,NULL,NULL,NULL,NULL,3.999864,-0.032977,174.570000
0,1,1,301.769829,-842.147535,0.000000,NULL,NULL,NULL,NULL,NULL,1.349322,-3.765545,174.570000
0,1,1,-40.848767,-893.649192,0.000000,NULL,NULL,NULL,NULL,NULL,-0.182650,-3.995828,174.570000
0,1,1,-975.804870,586.537016,0.000000,NULL,NULL,NULL,NULL,NULL,-3.428337,2.060705,174.570000
0,1,1,623.034035,1078.166804,0.000000,NULL,NULL,NULL,NULL,NULL,2.001335,3.463331,174.570000
0,1,1,-721.768187,-661.444397,0.000000,NULL,NULL,NULL,NULL,NULL,-2.948976,-2.702507,174.570000
0,1,1,597.007073,-702.142201,0.000000,NULL,NULL,NULL,NULL,NULL,2.591063,-3.047358,174.570000
0,1,1,-719.376543,1016.421396,0.000000,NULL,NULL,NULL,NULL,NULL,-2.310810,3.264990,174.570000
0,1,1,810.447509,847.600092,0.000000,NULL,NULL,NULL,NULL,NULL,2.764355,2.891079,174.570000
0,1,1,725.372986,967.187728,0.000000,NULL,NULL,NULL,NULL,NULL,2.399962,3.200028,174.570000
0,1,1,-349.548895,1235.189476,0.000000,NULL,NULL,NULL,NULL,NULL,-1.089195,3.848851,174.570000
0,1,1,-986.423068,568.498326,0.000000,NULL,NULL,NULL,NULL,NULL,-3.465642,1.997329,174.570000
0,1,1,-960.288267,-398.867849,0.000000,NULL,NULL,NULL,NULL,NULL,-3.694016,-1.534356,174.570000
0,1,1,322.615874,-834.383903,0.000000,NULL,NULL,NULL,NULL,NULL,1.442532,-3.730831,174.570000
0,1,1,-63.056028,-892.357236,0.000000,NULL,NULL,NULL,NULL,NULL,-0.281946,-3.990051,174.570000
0,1,1,-569.418931,-760.840892,0.000000,NULL,NULL,NULL,NULL,NULL,-2.396735,-3.202446,174.570000
0,1,1,862.357475,-463.462610,0.000000,NULL,NULL,NULL,NULL,NULL,3.523390,-1.893600,174.570000
0,1,1,-385.137492,-837.311309,0.000000,NULL,NULL,NULL,NULL,NULL,-1.671530,-3.634004,174.570000
0,1,1,542.131295,1121.030207,0.000000,NULL,NULL,NULL,NULL,NULL,1.741456,3.601018,174.570000
0,1,1,343.262438,-826.104351,0.000000,NULL,NULL,NULL,NULL,NULL,1.534850,-3.693810,174.570000
0,1,1,-326.781634,1241.406958,0.000000,NULL,NULL,NULL,NULL,NULL,-1.018252,3.868225,174.570000
0,1,1,-857.739672,-532.176069,0.000000,NULL,NULL,NULL,NULL,NULL,-3.398941,-2.108839,174.570000
0,1,1,753.779876,-578.733687,0.000000,NULL,NULL,NULL,NULL,NULL,3.172726,-2.435941,174.570000
0,1,1,-85.224299,-890.513514,0.000000,NULL,NULL,NULL,NULL,NULL,-0.381069,-3.981807,174.570000
0,1,1,-925.915681,719.674394,0.000000,NULL,NULL,NULL,NULL,NULL,-3.158206,2.454737,174.570000
0,1,1,-303.903916,1247.204827,0.000000,NULL,NULL,NULL,NULL,NULL,-0.946965,3.886291,174.570000
0,1,1,363.696754,-817.313998,0.000000,NULL,NULL,NULL,NULL,NULL,1.626219,-3.654506,174.570000
0,1,1,-859.285719,850.438782,0.000000,NULL,NULL,NULL,NULL,NULL,-2.843025,2.813754,174.570000
0,1,1,1071.928978,17.819718,0.000000,NULL,NULL,NULL,NULL,NULL,3.999447,0.066487,174.570000
0,1,1,-700.568693,1029.474901,0.000000,NULL,NULL,NULL,NULL,NULL,-2.250395,3.306921,174.570000
0,1,1,768.649457,-275.316981,0.000000,NULL,NULL,NULL,NULL,NULL,3.765726,-1.348818,174.570000
0,1,1,614.280719,-687.081010,0.000000,NULL,NULL,NULL,NULL,NULL,2.666032,-2.981992,174.570000
0,1,1,-843.505710,866.092482,0.000000,NULL,NULL,NULL,NULL,NULL,-2.790815,2.865545,174.570000
0,1,1,-539.064441,613.213631,0.000000,NULL,NULL,NULL,NULL,NULL,-2.640955,3.004223,174.570000
0,1,1,-107.339875,-888.119165,0.000000,NULL,NULL,NULL,NULL,NULL,-0.479955,-3.971101,174.570000
0,1,1,-598.984907,50.925487,0.000000,NULL,NULL,NULL,NULL,NULL,-3.985621,0.338856,174.570000
0,1,1,-969.908919,-374.867716,0.000000,NULL,NULL,NULL,NULL,NULL,-3.731024,-1.442033,174.570000
0,1,1,383.906187,-808.018279,0.000000,NULL,NULL,NULL,NULL,NULL,1.716583,-3.612941,174.570000
0,1,1,-681.524041,1042.180429,0.000000,NULL,NULL,NULL,NULL,NULL,-2.189219,3.347734,174.570000
0,1,1,707.469253,980.359794,0.000000,NULL,NULL,NULL,NULL,NULL,2.340726,3.243609,174.570000
0,1,1,-405.837514,-827.476301,0.000000,NULL,NULL,NULL,NULL,NULL,-1.761370,-3.591319,174.570000
0,1,1,-801.035173,-158.000252,0.000000,NULL,NULL,NULL,NULL,NULL,-3.924388,-0.774066,174.570000
0,1,1,794.727941,862.356411,0.000000,NULL,NULL,NULL,NULL,NULL,2.710738,2.941412,174.570000
0,1,1,873.614503,-441.877479,0.000000,NULL,NULL,NULL,NULL,NULL,3.569384,-1.805408,174.570000
0,1,1,23.599961,1283.479845,0.000000,NULL,NULL,NULL,NULL,NULL,0.073537,3.999324,174.570000
0,1,1,1028.917455,-150.259729,0.000000,NULL,NULL,NULL,NULL,NULL,3.958017,-0.578016,174.570000
0,1,1,-737.991342,-643.293700,0.000000,NULL,NULL,NULL,NULL,NULL,-3.015260,-2.628347,174.570000
0,1,1,0.000000,1283.696799,0.000000,NULL,NULL,NULL,NULL,NULL,0.000000,4.000000,174.570000
0,1,1,-129.389079,-885.175670,0.000000,NULL,NULL,NULL,NULL,NULL,-0.578545,-3.957940,174.570000
0,1,1,-23.599961,1283.479845,0.000000,NULL,NULL,NULL,NULL,NULL,-0.073537,3.999324,174.570000
0,1,1,962.332021,-304.706081,0.000000,NULL,NULL,NULL,NULL,NULL,3.813406,-1.207450,174.570000
0,1,1,865.865382,739.255001,0.000000,NULL,NULL,NULL,NULL,NULL,3.042082,2.597256,174.570000
0,1,1,-588.160603,-746.447512,0.000000,NULL,NULL,NULL,NULL,NULL,-2.475620,-3.141863,174.570000
0,1,1,403.878241,-798.222943,0.000000,NULL,NULL,NULL,NULL,NULL,1.805885,-3.569143,174.570000
0,1,1,-1062.940550,299.476886,0.000000,NULL,NULL,NULL,NULL,NULL,-3.850108,1.084744,174.570000
0,1,1,-637.970126,901.400653,0.000000,NULL,NULL,NULL,NULL,NULL,-2.310810,3.264990,174.570000
0,1,1,-1054.309745,-194.371391,0.000000,NULL,NULL,NULL,NULL,NULL,-3.933709,-0.725214,174.570000
0,1,1,631.174539,-671.594980,0.000000,NULL,NULL,NULL,NULL,NULL,2.739353,-2.914781,174.570000
0,1,1,-964.856837,604.377448,0.000000,NULL,NULL,NULL,NULL,NULL,-3.389873,2.123385,174.570000
0,1,1,-912.528432,736.575144,0.000000,NULL,NULL,NULL,NULL,NULL,-3.112543,2.512384,174.570000
0,1,1,-662.249025,1054.533686,0.000000,NULL,NULL,NULL,NULL,NULL,-2.127303,3.387415,174.570000
0,1,1,-151.358279,-881.684848,0.000000,NULL,NULL,NULL,NULL,NULL,-0.676777,-3.942331,174.570000
0,1,1,500.552920,1140.202543,0.000000,NULL,NULL,NULL,NULL,NULL,1.607896,3.662604,174.570000
0,1,1,767.936597,-559.812616,0.000000,NULL,NULL,NULL,NULL,NULL,3.232313,-2.356301,174.570000
0,1,1,-590.762426,111.247831,0.000000,NULL,NULL,NULL,NULL,NULL,-3.930909,0.740239,174.570000
0,1,1,-827.440584,881.453430,0.000000,NULL,NULL,NULL,NULL,NULL,-2.737662,2.916369,174.570000
0,1,1,423.600568,-787.934045,0.000000,NULL,NULL,NULL,NULL,NULL,1.894071,-3.523137,174.570000
0,1,1,-426.286597,-817.129643,0.000000,NULL,NULL,NULL,NULL,NULL,-1.850121,-3.546414,174.570000
0,1,1,-870.706634,-510.684513,0.000000,NULL,NULL,NULL,NULL,NULL,-3.450325,-2.023675,174.570000
0,1,1,689.326385,993.200485,0.000000,NULL,NULL,NULL,NULL,NULL,2.280699,3.286094,174.570000
0,1,1,-898.832736,753.226921,0.000000,NULL,NULL,NULL,NULL,NULL,-3.065829,2.569182,174.570000
0,1,1,-173.233890,-877.648859,0.000000,NULL,NULL,NULL,NULL,NULL,-0.774591,-3.924284,174.570000
0,1,1,-606.538600,-731.592584,0.000000,NULL,NULL,NULL,NULL,NULL,-2.552975,-3.079338,174.570000
0,1,1,778.739745,876.821242,0.000000,NULL,NULL,NULL,NULL,NULL,2.656203,2.990750,174.570000
0,1,1,969.610782,-280.684243,0.000000,NULL,NULL,NULL,NULL,NULL,3.842249,-1.112259,174.570000
0,1,1,-642.750159,1066.530496,0.000000,NULL,NULL,NULL,NULL,NULL,-2.064668,3.425952,174.570000
0,1,1,443.060972,-777.157948,0.000000,NULL,NULL,NULL,NULL,NULL,1.981085,-3.474953,174.570000
0,1,1,479.506414,1149.212193,0.000000,NULL,NULL,NULL,NULL,NULL,1.540290,3.691545,174.570000
0,1,1,670.950516,1005.705462,0.000000,NULL,NULL,NULL,NULL,NULL,2.219901,3.327468,174.570000
0,1,1,18.616248,-894.388582,0.000000,NULL,NULL,NULL,NULL,NULL,0.083240,-3.999134,174.570000
0,1,1,-195.002387,-873.070197,0.000000,NULL,NULL,NULL,NULL,NULL,-0.871926,-3.903812,174.570000
0,1,1,907.954535,628.607652,0.000000,NULL,NULL,NULL,NULL,NULL,3.288729,2.276898,174.570000
0,1,1,-1049.150899,-220.525887,0.000000,NULL,NULL,NULL,NULL,NULL,-3.914461,-0.822799,174.570000
0,1,1,647.678089,-655.693686,0.000000,NULL,NULL,NULL,NULL,NULL,2.810979,-2.845768,174.570000
0,1,1,1071.154504,44.466886,0.000000,NULL,NULL,NULL,NULL,NULL,3.996558,0.165909,174.570000
0,1,1,884.331352,-420.019124,0.000000,NULL,NULL,NULL,NULL,NULL,3.613171,-1.716100,174.570000
0,1,1,-446.472096,-806.277734,0.000000,NULL,NULL,NULL,NULL,NULL,-1.937728,-3.499316,174.570000
0,1,1,-753.758179,-624.745239,0.000000,NULL,NULL,NULL,NULL,NULL,-3.079679,-2.552563,174.570000
0,1,1,-811.095772,896.516435,0.000000,NULL,NULL,NULL,NULL,NULL,-2.683584,2.966206,174.570000
0,1,1,-978.929853,-350.635793,0.000000,NULL,NULL,NULL,NULL,NULL,-3.765726,-1.348818,174.570000
0,1,1,458.297828,1157.833393,0.000000,NULL,NULL,NULL,NULL,NULL,1.472163,3.719239,174.570000
0,1,1,462.247419,-765.901314,0.000000,NULL,NULL,NULL,NULL,NULL,2.066875,-3.424621,174.570000
0,1,1,-216.650308,-867.951694,0.000000,NULL,NULL,NULL,NULL,NULL,-0.968722,-3.880925,174.570000
0,1,1,588.034805,-566.424308,0.000000,NULL,NULL,NULL,NULL,NULL,2.880868,-2.774995,174.570000
0,1,1,781.618484,-540.545399,0.000000,NULL,NULL,NULL,NULL,NULL,3.289901,-2.275203,174.570000
0,1,1,852.128305,755.048454,0.000000,NULL,NULL,NULL,NULL,NULL,2.993819,2.652744,174.570000
0,1,1,-884.833222,769.624097,0.000000,NULL,NULL,NULL,NULL,NULL,-3.018078,2.625111,174.570000
0,1,1,1032.335444,-124.630045,0.000000,NULL,NULL,NULL,NULL,NULL,3.971165,-0.479424,174.570000
0,1,1,838.103196,770.586691,0.000000,NULL,NULL,NULL,NULL,NULL,2.944544,2.707335,174.570000
0,1,1,823.794798,785.864459,0.000000,NULL,NULL,NULL,NULL,NULL,2.894273,2.761011,174.570000
0,1,1,663.781163,-639.386960,0.000000,NULL,NULL,NULL,NULL,NULL,2.880868,-2.774995,174.570000
0,1,1,652.347856,1017.870495,0.000000,NULL,NULL,NULL,NULL,NULL,2.158352,3.367717,174.570000
0,1,1,521.430233,1130.807489,0.000000,NULL,NULL,NULL,NULL,NULL,1.674959,3.632425,174.570000
0,1,1,-624.541560,-716.285294,0.000000,NULL,NULL,NULL,NULL,NULL,-2.628751,-3.014908,174.570000
0,1,1,762.488323,890.989696,0.000000,NULL,NULL,NULL,NULL,NULL,2.600771,3.039077,174.570000
0,1,1,436.934331,1166.063230,0.000000,NULL,NULL,NULL,NULL,NULL,1.403538,3.745675,174.570000
0,1,1,-930.071280,656.649244,0.000000,NULL,NULL,NULL,NULL,NULL,-3.267659,2.307034,174.570000
0,1,1,-1058.816685,-168.096709,0.000000,NULL,NULL,NULL,NULL,NULL,-3.950524,-0.627181,174.570000
0,1,1,-238.164269,-862.296516,0.000000,NULL,NULL,NULL,NULL,NULL,-1.064918,-3.855639,174.570000
0,1,1,481.148048,-754.171105,0.000000,NULL,NULL,NULL,NULL,NULL,2.151386,-3.372171,174.570000
0,1,1,-603.107317,1089.438677,0.000000,NULL,NULL,NULL,NULL,NULL,-1.937325,3.499539,174.570000
0,1,1,-883.135216,-488.877188,0.000000,NULL,NULL,NULL,NULL,NULL,-3.499575,-1.937260,174.570000
0,1,1,-466.381530,-794.927283,0.000000,NULL,NULL,NULL,NULL,NULL,-2.024137,-3.450054,174.570000
0,1,1,-769.058948,-605.810483,0.000000,NULL,NULL,NULL,NULL,NULL,-3.142195,-2.475200,174.570000
0,1,1,-794.476798,911.276406,0.000000,NULL,NULL,NULL,NULL,NULL,-2.628599,3.015041,174.570000
0,1,1,523.650704,626.427465,0.000000,NULL,NULL,NULL,NULL,NULL,2.565441,3.068959,174.570000
0,1,1,-1104.112029,-21.578834,0.000000,NULL,NULL,NULL,NULL,NULL,-3.999236,-0.078161,174.570000
0,1,1,-941.986177,639.439488,0.000000,NULL,NULL,NULL,NULL,NULL,-3.309520,2.246570,174.570000
0,1,1,794.817076,-520.943949,0.000000,NULL,NULL,NULL,NULL,NULL,3.345455,-2.192699,174.570000
0,1,1,-582.976740,1100.342304,0.000000,NULL,NULL,NULL,NULL,NULL,-1.872661,3.534564,174.570000
0,1,1,499.751171,-741.974573,0.000000,NULL,NULL,NULL,NULL,NULL,2.234568,-3.317636,174.570000
0,1,1,-953.582669,622.013593,0.000000,NULL,NULL,NULL,NULL,NULL,-3.350263,2.185347,174.570000
0,1,1,415.423144,1173.898921,0.000000,NULL,NULL,NULL,NULL,NULL,1.334439,3.770845,174.570000
0,1,1,-211.864324,1083.809267,0.000000,NULL,NULL,NULL,NULL,NULL,-0.767400,3.925697,174.570000
0,1,1,976.290010,-256.488850,0.000000,NULL,NULL,NULL,NULL,NULL,3.868717,-1.016381,174.570000
0,1,1,211.864324,1083.809267,0.000000,NULL,NULL,NULL,NULL,NULL,0.767400,3.925697,174.570000
0,1,1,1035.115113,-98.923299,0.000000,NULL,NULL,NULL,NULL,NULL,3.981858,-0.380536,174.570000
0,1,1,-259.530968,-856.108157,0.000000,NULL,NULL,NULL,NULL,NULL,-1.160457,-3.827968,174.570000
0,1,1,633.524693,1029.691475,0.000000,NULL,NULL,NULL,NULL,NULL,2.096074,3.406828,174.570000
0,1,1,-870.534622,785.761130,0.000000,NULL,NULL,NULL,NULL,NULL,-2.969307,2.680153,174.570000
0,1,1,894.501398,-397.901061,0.000000,NULL,NULL,NULL,NULL,NULL,3.654723,-1.625730,174.570000
0,1,1,679.473804,-622.684885,0.000000,NULL,NULL,NULL,NULL,NULL,2.948976,-2.702507,174.570000
0,1,1,-562.649109,1110.874001,0.000000,NULL,NULL,NULL,NULL,NULL,-1.807364,3.568394,174.570000
0,1,1,745.979170,904.856983,0.000000,NULL,NULL,NULL,NULL,NULL,2.544460,3.086377,174.570000
0,1,1,-895.017733,-466.767577,0.000000,NULL,NULL,NULL,NULL,NULL,-3.546661,-1.849647,174.570000
0,1,1,-642.158350,-700.535107,0.000000,NULL,NULL,NULL,NULL,NULL,-2.702901,-2.948614,174.570000
0,1,1,-486.002589,-783.085308,0.000000,NULL,NULL,NULL,NULL,NULL,-2.109294,-3.398659,174.570000
0,1,1,-987.345490,-326.187063,0.000000,NULL,NULL,NULL,NULL,NULL,-3.798099,-1.254769,174.570000
0,1,1,518.045286,-729.319259,0.000000,NULL,NULL,NULL,NULL,NULL,2.316367,-3.261049,174.570000
0,1,1,-777.589280,925.728352,0.000000,NULL,NULL,NULL,NULL,NULL,-2.572725,3.062856,174.570000
0,1,1,1069.717709,71.086559,0.000000,NULL,NULL,NULL,NULL,NULL,3.991197,0.265229,174.570000
0,1,1,-280.737192,-849.390446,0.000000,NULL,NULL,NULL,NULL,NULL,-1.255277,-3.797931,174.570000
0,1,1,-816.124254,23.719845,0.000000,NULL,NULL,NULL,NULL,NULL,-3.998312,0.116207,174.570000
0,1,1,-760.438926,939.867389,0.000000,NULL,NULL,NULL,NULL,NULL,-2.515981,3.109636,174.570000
0,1,1,729.217866,918.418415,0.000000,NULL,NULL,NULL,NULL,NULL,2.487289,3.132633,174.570000
0,1,1,-542.131295,1121.030207,0.000000,NULL,NULL,NULL,NULL,NULL,-1.741456,3.601018,174.570000
0,1,1,614.487390,1041.164404,0.000000,NULL,NULL,NULL,NULL,NULL,2.033087,3.444787,174.570000
0,1,1,-783.884188,-586.501138,0.000000,NULL,NULL,NULL,NULL,NULL,-3.202767,-2.396306,174.570000
0,1,1,536.019080,-716.212989,0.000000,NULL,NULL,NULL,NULL,NULL,2.396735,-3.202446,174.570000
0,1,1,807.524213,-501.020386,0.000000,NULL,NULL,NULL,NULL,NULL,3.398941,-2.108839,174.570000
0,1,1,-855.941770,801.632564,0.000000,NULL,NULL,NULL,NULL,NULL,-2.919532,2.734289,174.570000
0,1,1,157.399333,-853.125794,0.000000,NULL,NULL,NULL,NULL,NULL,0.725740,-3.933612,174.570000
0,1,1,237.435779,-552.268571,0.000000,NULL,NULL,NULL,NULL,NULL,1.579888,-3.674773,174.570000
0,1,1,178.562978,-848.948428,0.000000,NULL,NULL,NULL,NULL,NULL,0.823322,-3.914351,174.570000
0,1,1,-623.034035,1078.166804,0.000000,NULL,NULL,NULL,NULL,NULL,-2.001335,3.463331,174.570000
0,1,1,350.076390,1195.015308,0.000000,NULL,NULL,NULL,NULL,NULL,1.124529,3.838676,174.570000
0,1,1,-1062.668932,-141.718090,0.000000,NULL,NULL,NULL,NULL,NULL,-3.964897,-0.528761,174.570000
0,1,1,136.138364,-856.775651,0.000000,NULL,NULL,NULL,NULL,NULL,0.627710,-3.950441,174.570000
0,1,1,199.616213,-844.246136,0.000000,NULL,NULL,NULL,NULL,NULL,0.920395,-3.892669,174.570000
0,1,1,-301.769829,-842.147535,0.000000,NULL,NULL,NULL,NULL,NULL,-1.349322,-3.765545,174.570000
0,1,1,694.746310,-605.597788,0.000000,NULL,NULL,NULL,NULL,NULL,3.015260,-2.628347,174.570000
0,1,1,220.546020,-839.021825,0.000000,NULL,NULL,NULL,NULL,NULL,1.016899,-3.868581,174.570000
0,1,1,114.793217,-859.895742,0.000000,NULL,NULL,NULL,NULL,NULL,0.529291,-3.964827,174.570000
0,1,1,71.903227,-864.539239,0.000000,NULL,NULL,NULL,NULL,NULL,0.331533,-3.986237,174.570000
0,1,1,93.377091,-862.484138,0.000000,NULL,NULL,NULL,NULL,NULL,0.430545,-3.976761,174.570000
0,1,1,50.384904,-866.059774,0.000000,NULL,NULL,NULL,NULL,NULL,0.232316,-3.993248,174.570000
0,1,1,-505.323140,-770.759133,0.000000,NULL,NULL,NULL,NULL,NULL,-2.193147,-3.345162,174.570000
0,1,1,241.339459,-833.278726,0.000000,NULL,NULL,NULL,NULL,NULL,1.112773,-3.842100,174.570000
0,1,1,28.835427,-867.044802,0.000000,NULL,NULL,NULL,NULL,NULL,0.132955,-3.997790,174.570000
0,1,1,-659.378077,-684.351761,0.000000,NULL,NULL,NULL,NULL,NULL,-2.775381,-2.880497,174.570000
0,1,1,-743.031534,953.688738,0.000000,NULL,NULL,NULL,NULL,NULL,-2.458387,3.155366,174.570000
0,1,1,261.983671,-827.020391,0.000000,NULL,NULL,NULL,NULL,NULL,1.207960,-3.813244,174.570000
0,1,1,328.047617,1201.249277,0.000000,NULL,NULL,NULL,NULL,NULL,1.053768,3.858701,174.570000
0,1,1,-917.842007,673.637044,0.000000,NULL,NULL,NULL,NULL,NULL,-3.224693,2.366718,174.570000
0,1,1,982.365573,-232.134865,0.000000,NULL,NULL,NULL,NULL,NULL,3.892792,-0.919874,174.570000
0,1,1,595.242382,1052.285406,0.000000,NULL,NULL,NULL,NULL,NULL,1.969413,3.481582,174.570000
0,1,1,904.118351,-375.536966,0.000000,NULL,NULL,NULL,NULL,NULL,3.694016,-1.534356,174.570000
0,1,1,553.661439,-702.663867,0.000000,NULL,NULL,NULL,NULL,NULL,2.475620,-3.141863,174.570000
0,1,1,282.465892,-820.250687,0.000000,NULL,NULL,NULL,NULL,NULL,1.302400,-3.782030,174.570000
0,1,1,-500.552920,1140.202543,0.000000,NULL,NULL,NULL,NULL,NULL,-1.607896,3.662604,174.570000
0,1,1,712.210076,931.669410,0.000000,NULL,NULL,NULL,NULL,NULL,2.429277,3.177831,174.570000
0,1,1,1037.254745,-73.155386,0.000000,NULL,NULL,NULL,NULL,NULL,3.990089,-0.281413,174.570000
0,1,1,-906.346839,-444.369353,0.000000,NULL,NULL,NULL,NULL,NULL,-3.591555,-1.760890,174.570000
0,1,1,-322.615874,-834.383903,0.000000,NULL,NULL,NULL,NULL,NULL,-1.442532,-3.730831,174.570000
0,1,1,-28.835427,-867.044802,0.000000,NULL,NULL,NULL,NULL,NULL,-0.132955,-3.997790,174.570000
0,1,1,302.773457,-812.973803,0.000000,NULL,NULL,NULL,NULL,NULL,1.396035,-3.748478,174.570000
0,1,1,-841.059597,817.233036,0.000000,NULL,NULL,NULL,NULL,NULL,-2.868770,2.787500,174.570000
0,1,1,305.907960,1207.077208,0.000000,NULL,NULL,NULL,NULL,NULL,0.982650,3.877422,174.570000
0,1,1,-524.331237,-757.956377,0.000000,NULL,NULL,NULL,NULL,NULL,-2.275643,-3.289597,174.570000
0,1,1,435.623870,414.256162,0.000000,NULL,NULL,NULL,NULL,NULL,2.898624,2.756444,174.570000
0,1,1,-479.506414,1149.212193,0.000000,NULL,NULL,NULL,NULL,NULL,-1.540290,3.691545,174.570000
0,1,1,-50.384904,-866.059774,0.000000,NULL,NULL,NULL,NULL,NULL,-0.232316,-3.993248,174.570000
0,1,1,809.207945,800.876593,0.000000,NULL,NULL,NULL,NULL,NULL,2.843025,2.813754,174.570000
0,1,1,-725.372986,967.187728,0.000000,NULL,NULL,NULL,NULL,NULL,-2.399962,3.200028,174.570000
0,1,1,322.893810,-805.194236,0.000000,NULL,NULL,NULL,NULL,NULL,1.488806,-3.712608,174.570000
0,1,1,-343.262438,-826.104351,0.000000,NULL,NULL,NULL,NULL,NULL,-1.534850,-3.693810,174.570000
0,1,1,-676.190095,-667.745264,0.000000,NULL,NULL,NULL,NULL,NULL,-2.846144,-2.810599,174.570000
0,1,1,709.589237,-588.136235,0.000000,NULL,NULL,NULL,NULL,NULL,3.079679,-2.552563,174.570000
0,1,1,-798.224734,-566.829146,0.000000,NULL,NULL,NULL,NULL,NULL,-3.261359,-2.315931,174.570000
0,1,1,-458.297828,1157.833393,0.000000,NULL,NULL,NULL,NULL,NULL,-1.472163,3.719239,174.570000
0,1,1,615.466412,-536.490936,0.000000,NULL,NULL,NULL,NULL,NULL,3.015260,-2.628347,174.570000
0,1,1,819.732038,-480.787030,0.000000,NULL,NULL,NULL,NULL,NULL,3.450325,-2.023675,174.570000
0,1,1,-825.893135,832.557272,0.000000,NULL,NULL,NULL,NULL,NULL,-2.817039,2.839770,174.570000
0,1,1,1067.619481,97.662278,0.000000,NULL,NULL,NULL,NULL,NULL,3.983368,0.364385,174.570000
0,1,1,570.961457,-688.680270,0.000000,NULL,NULL,NULL,NULL,NULL,2.552975,-3.079338,174.570000
0,1,1,575.796174,1063.050721,0.000000,NULL,NULL,NULL,NULL,NULL,1.905074,3.517200,174.570000
0,1,1,283.664901,1212.497130,0.000000,NULL,NULL,NULL,NULL,NULL,0.911200,3.894832,174.570000
0,1,1,-523.650704,626.427465,0.000000,NULL,NULL,NULL,NULL,NULL,-2.565441,3.068959,174.570000
0,1,1,342.814509,-796.916798,0.000000,NULL,NULL,NULL,NULL,NULL,1.580657,-3.674442,174.570000
0,1,1,393.771538,1181.337818,0.000000,NULL,NULL,NULL,NULL,NULL,1.264889,3.794741,174.570000
0,1,1,-71.903227,-864.539239,0.000000,NULL,NULL,NULL,NULL,NULL,-0.331533,-3.986237,174.570000
0,1,1,-879.309785,723.211669,0.000000,NULL,NULL,NULL,NULL,NULL,-3.089316,2.540890,174.570000
0,1,1,792.012147,769.575062,0.000000,NULL,NULL,NULL,NULL,NULL,2.868770,2.787500,174.570000
0,1,1,913.176265,-352.940667,0.000000,NULL,NULL,NULL,NULL,NULL,3.731024,-1.442033,174.570000
0,1,1,694.961549,944.605487,0.000000,NULL,NULL,NULL,NULL,NULL,2.370444,3.221955,174.570000
0,1,1,-436.934331,1166.063230,0.000000,NULL,NULL,NULL,NULL,NULL,-1.403538,3.745675,174.570000
0,1,1,261.325959,1217.507211,0.000000,NULL,NULL,NULL,NULL,NULL,0.839442,3.910925,174.570000
0,1,1,265.842290,-771.977529,0.000000,NULL,NULL,NULL,NULL,NULL,1.302400,-3.782030,174.570000
0,1,1,779.218692,830.083758,0.000000,NULL,NULL,NULL,NULL,NULL,2.737662,2.916369,174.570000
0,1,1,362.523238,-788.146606,0.000000,NULL,NULL,NULL,NULL,NULL,1.671530,-3.634004,174.570000
0,1,1,-363.696754,-817.313998,0.000000,NULL,NULL,NULL,NULL,NULL,-1.626219,-3.654506,174.570000
0,1,1,-1065.864104,-115.251842,0.000000,NULL,NULL,NULL,NULL,NULL,-3.976819,-0.430013,174.570000
0,1,1,-93.377091,-862.484138,0.000000,NULL,NULL,NULL,NULL,NULL,-0.430545,-3.976761,174.570000
0,1,1,238.898686,1222.105758,0.000000,NULL,NULL,NULL,NULL,NULL,0.767400,3.925697,174.570000
0,1,1,-707.469253,980.359794,0.000000,NULL,NULL,NULL,NULL,NULL,-2.340726,3.243609,174.570000
0,1,1,794.347569,815.618021,0.000000,NULL,NULL,NULL,NULL,NULL,2.790815,2.865545,174.570000
0,1,1,-543.015127,-744.684959,0.000000,NULL,NULL,NULL,NULL,NULL,-2.356733,-3.231998,174.570000
0,1,1,371.986833,1188.377407,0.000000,NULL,NULL,NULL,NULL,NULL,1.194911,3.817353,174.570000
0,1,1,723.993407,-570.311023,0.000000,NULL,NULL,NULL,NULL,NULL,3.142195,-2.475200,174.570000
0,1,1,-1002.340436,-276.699776,0.000000,NULL,NULL,NULL,NULL,NULL,-3.855781,-1.064403,174.570000
0,1,1,-415.423144,1173.898921,0.000000,NULL,NULL,NULL,NULL,NULL,-1.334439,3.770845,174.570000
0,1,1,587.908434,-674.270845,0.000000,NULL,NULL,NULL,NULL,NULL,2.628751,-3.014908,174.570000
0,1,1,382.007810,-778.889083,0.000000,NULL,NULL,NULL,NULL,NULL,1.761370,-3.591319,174.570000
0,1,1,-995.150626,-301.536643,0.000000,NULL,NULL,NULL,NULL,NULL,-3.828123,-1.159944,174.570000
0,1,1,-114.793217,-859.895742,0.000000,NULL,NULL,NULL,NULL,NULL,-0.529291,-3.964827,174.570000
0,1,1,-810.447509,847.600092,0.000000,NULL,NULL,NULL,NULL,NULL,-2.764355,2.891079,174.570000
0,1,1,1064.861116,124.177609,0.000000,NULL,NULL,NULL,NULL,NULL,3.973077,0.463316,174.570000
0,1,1,987.833714,-207.637344,0.000000,NULL,NULL,NULL,NULL,NULL,3.914461,-0.822799,174.570000
0,1,1,216.390662,1226.291216,0.000000,NULL,NULL,NULL,NULL,NULL,0.695099,3.939142,174.570000
0,1,1,-905.302490,690.397144,0.000000,NULL,NULL,NULL,NULL,NULL,-3.180638,2.425602,174.570000
0,1,1,763.826429,844.268916,0.000000,NULL,NULL,NULL,NULL,NULL,2.683584,2.966206,174.570000
0,1,1,785.183447,223.849019,0.000000,NULL,NULL,NULL,NULL,NULL,3.846728,1.096669,174.570000
0,1,1,-917.115527,-421.696364,0.000000,NULL,NULL,NULL,NULL,NULL,-3.634228,-1.671044,174.570000
0,1,1,-692.584007,-650.725884,0.000000,NULL,NULL,NULL,NULL,NULL,-2.915147,-2.738963,174.570000
0,1,1,-521.430233,1130.807489,0.000000,NULL,NULL,NULL,NULL,NULL,-1.674959,3.632425,174.570000
0,1,1,401.256176,-769.149954,0.000000,NULL,NULL,NULL,NULL,NULL,1.850121,-3.546414,174.570000
0,1,1,-892.456969,706.923882,0.000000,NULL,NULL,NULL,NULL,NULL,-3.135507,2.483666,174.570000
0,1,1,1038.753016,-47.342240,0.000000,NULL,NULL,NULL,NULL,NULL,3.995852,-0.182115,174.570000
0,1,1,-383.906187,-808.018279,0.000000,NULL,NULL,NULL,NULL,NULL,-1.716583,-3.612941,174.570000
0,1,1,677.478115,957.222275,0.000000,NULL,NULL,NULL,NULL,NULL,2.310810,3.264990,174.570000
0,1,1,-136.138364,-856.775651,0.000000,NULL,NULL,NULL,NULL,NULL,-0.627710,-3.950441,174.570000
0,1,1,193.809495,1230.062171,0.000000,NULL,NULL,NULL,NULL,NULL,0.622563,3.951255,174.570000
0,1,1,-6.840378,-816.440223,0.000000,NULL,NULL,NULL,NULL,NULL,-0.033512,-3.999860,174.570000
0,1,1,-689.326385,993.200485,0.000000,NULL,NULL,NULL,NULL,NULL,-2.280699,3.286094,174.570000
0,1,1,-1068.400226,-88.714332,0.000000,NULL,NULL,NULL,NULL,NULL,-3.986281,-0.331000,174.570000
0,1,1,831.433002,-460.256391,0.000000,NULL,NULL,NULL,NULL,NULL,3.499575,-1.937260,174.570000
0,1,1,-1102.713162,59.604527,0.000000,NULL,NULL,NULL,NULL,NULL,-3.994169,0.215895,174.570000
0,1,1,-812.071717,-546.806668,0.000000,NULL,NULL,NULL,NULL,NULL,-3.317935,-2.234124,174.570000
0,1,1,-350.076390,1195.015308,0.000000,NULL,NULL,NULL,NULL,NULL,-1.124529,3.838676,174.570000
0,1,1,604.491893,-659.444502,0.000000,NULL,NULL,NULL,NULL,NULL,2.702901,-2.948614,174.570000
0,1,1,420.256436,-758.935240,0.000000,NULL,NULL,NULL,NULL,NULL,1.937728,-3.499316,174.570000
0,1,1,-157.399333,-853.125794,0.000000,NULL,NULL,NULL,NULL,NULL,-0.725740,-3.933612,174.570000
0,1,1,-670.950516,1005.705462,0.000000,NULL,NULL,NULL,NULL,NULL,-2.219901,3.327468,174.570000
0,1,1,-561.363258,-730.953083,0.000000,NULL,NULL,NULL,NULL,NULL,-2.436366,-3.172400,174.570000
0,1,1,200.943585,791.355232,0.000000,NULL,NULL,NULL,NULL,NULL,0.984452,3.876965,174.570000
0,1,1,-328.047617,1201.249277,0.000000,NULL,NULL,NULL,NULL,NULL,-1.053768,3.858701,174.570000
0,1,1,737.949914,-552.133173,0.000000,NULL,NULL,NULL,NULL,NULL,3.202767,-2.396306,174.570000
0,1,1,-794.727941,862.356411,0.000000,NULL,NULL,NULL,NULL,NULL,-2.710738,2.941412,174.570000
0,1,1,-178.562978,-848.948428,0.000000,NULL,NULL,NULL,NULL,NULL,-0.823322,-3.914351,174.570000
0,1,1,921.669540,-330.126136,0.000000,NULL,NULL,NULL,NULL,NULL,3.765726,-1.348818,174.570000
0,1,1,516.316407,1093.176764,0.000000,NULL,NULL,NULL,NULL,NULL,1.708280,3.616874,174.570000
0,1,1,-403.878241,-798.222943,0.000000,NULL,NULL,NULL,NULL,NULL,-1.805885,-3.569143,174.570000
0,1,1,438.996841,-748.251257,0.000000,NULL,NULL,NULL,NULL,NULL,2.024137,-3.450054,174.570000
0,1,1,-305.907960,1207.077208,0.000000,NULL,NULL,NULL,NULL,NULL,-0.982650,3.877422,174.570000
0,1,1,-283.664901,1212.497130,0.000000,NULL,NULL,NULL,NULL,NULL,-0.911200,3.894832,174.570000
0,1,1,-1068.266601,279.884776,0.000000,NULL,NULL,NULL,NULL,NULL,-3.869400,1.013779,174.570000
0,1,1,842.619870,-439.441165,0.000000,NULL,NULL,NULL,NULL,NULL,3.546661,-1.849647,174.570000
0,1,1,-825.416576,-526.446087,0.000000,NULL,NULL,NULL,NULL,NULL,-3.372459,-2.150935,174.570000
0,1,1,-199.616213,-844.246136,0.000000,NULL,NULL,NULL,NULL,NULL,-0.920395,-3.892669,174.570000
0,1,1,-652.347856,1017.870495,0.000000,NULL,NULL,NULL,NULL,NULL,-2.158352,3.367717,174.570000
0,1,1,620.701580,-644.210407,0.000000,NULL,NULL,NULL,NULL,NULL,2.775381,-2.880497,174.570000
0,1,1,-708.549677,-633.304143,0.000000,NULL,NULL,NULL,NULL,NULL,-2.982348,-2.665633,174.570000
0,1,1,-261.325959,1217.507211,0.000000,NULL,NULL,NULL,NULL,NULL,-0.839442,3.910925,174.570000
0,1,1,-1008.910474,-251.691818,0.000000,NULL,NULL,NULL,NULL,NULL,-3.881054,-0.968203,174.570000
0,1,1,457.465803,-737.104612,0.000000,NULL,NULL,NULL,NULL,NULL,2.109294,-3.398659,174.570000
0,1,1,-238.898686,1222.105758,0.000000,NULL,NULL,NULL,NULL,NULL,-0.767400,3.925697,174.570000
0,1,1,496.131776,1102.484163,0.000000,NULL,NULL,NULL,NULL,NULL,1.641497,3.647669,174.570000
0,1,1,636.527471,-628.577981,0.000000,NULL,NULL,NULL,NULL,NULL,2.846144,-2.810599,174.570000
0,1,1,-927.317141,-398.762629,0.000000,NULL,NULL,NULL,NULL,NULL,-3.674653,-1.580165,174.570000
0,1,1,-216.390662,1226.291216,0.000000,NULL,NULL,NULL,NULL,NULL,-0.695099,3.939142,174.570000
0,1,1,-579.364283,-716.769240,0.000000,NULL,NULL,NULL,NULL,NULL,-2.514492,-3.110841,174.570000
0,1,1,641.830245,981.481033,0.000000,NULL,NULL,NULL,NULL,NULL,2.189219,3.347734,174.570000
0,1,1,556.155339,1073.456710,0.000000,NULL,NULL,NULL,NULL,NULL,1.840090,3.551629,174.570000
0,1,1,-778.739745,876.821242,0.000000,NULL,NULL,NULL,NULL,NULL,-2.656203,2.990750,174.570000
0,1,1,-423.600568,-787.934045,0.000000,NULL,NULL,NULL,NULL,NULL,-1.894071,-3.523137,174.570000
0,1,1,-220.546020,-839.021825,0.000000,NULL,NULL,NULL,NULL,NULL,-1.016899,-3.868581,174.570000
0,1,1,-193.809495,1230.062171,0.000000,NULL,NULL,NULL,NULL,NULL,-0.622563,3.951255,174.570000
0,1,1,1061.444322,150.616159,0.000000,NULL,NULL,NULL,NULL,NULL,3.960328,0.561960,174.570000
0,1,1,751.450128,-533.613926,0.000000,NULL,NULL,NULL,NULL,NULL,3.261359,-2.315931,174.570000
0,1,1,-265.842290,-771.977529,0.000000,NULL,NULL,NULL,NULL,NULL,-1.302400,-3.782030,174.570000
0,1,1,-633.524693,1029.691475,0.000000,NULL,NULL,NULL,NULL,NULL,-2.096074,3.406828,174.570000
0,1,1,-865.865382,739.255001,0.000000,NULL,NULL,NULL,NULL,NULL,-3.042082,2.597256,174.570000
0,1,1,475.651903,-725.502197,0.000000,NULL,NULL,NULL,NULL,NULL,2.193147,-3.345162,174.570000
0,1,1,1039.609000,-21.499820,0.000000,NULL,NULL,NULL,NULL,NULL,3.999145,-0.082705,174.570000
0,1,1,-1070.275730,-62.121967,0.000000,NULL,NULL,NULL,NULL,NULL,-3.993279,-0.231782,174.570000
0,1,1,475.779446,1111.418908,0.000000,NULL,NULL,NULL,NULL,NULL,1.574159,3.677230,174.570000
0,1,1,-241.339459,-833.278726,0.000000,NULL,NULL,NULL,NULL,NULL,-1.112773,-3.842100,174.570000
0,1,1,-393.771538,1181.337818,0.000000,NULL,NULL,NULL,NULL,NULL,-1.264889,3.794741,174.570000
0,1,1,-907.954535,628.607652,0.000000,NULL,NULL,NULL,NULL,NULL,-3.288729,2.276898,174.570000
0,1,1,493.543895,-713.451185,0.000000,NULL,NULL,NULL,NULL,NULL,2.275643,-3.289597,174.570000
0,1,1,536.326516,1083.499856,0.000000,NULL,NULL,NULL,NULL,NULL,1.774485,3.584858,174.570000
0,1,1,992.691054,-183.011436,0.000000,NULL,NULL,NULL,NULL,NULL,3.933709,-0.725214,174.570000
0,1,1,929.592923,-307.107480,0.000000,NULL,NULL,NULL,NULL,NULL,3.798099,-1.254769,174.570000
0,1,1,-597.007073,-702.142201,0.000000,NULL,NULL,NULL,NULL,NULL,-2.591063,-3.047358,174.570000
0,1,1,623.677857,993.114803,0.000000,NULL,NULL,NULL,NULL,NULL,2.127303,3.387415,174.570000
0,1,1,-443.060972,-777.157948,0.000000,NULL,NULL,NULL,NULL,NULL,-1.981085,-3.474953,174.570000
0,1,1,-1095.353100,140.465670,0.000000,NULL,NULL,NULL,NULL,NULL,-3.967510,0.508785,174.570000
0,1,1,-936.945370,-375.582330,0.000000,NULL,NULL,NULL,NULL,NULL,-3.712807,-1.488309,174.570000
0,1,1,-762.488323,890.989696,0.000000,NULL,NULL,NULL,NULL,NULL,-2.600771,3.039077,174.570000
0,1,1,-371.986833,1188.377407,0.000000,NULL,NULL,NULL,NULL,NULL,-1.194911,3.817353,174.570000
0,1,1,-614.487390,1041.164404,0.000000,NULL,NULL,NULL,NULL,NULL,-2.033087,3.444787,174.570000
0,1,1,651.959782,-612.556890,0.000000,NULL,NULL,NULL,NULL,NULL,2.915147,-2.738963,174.570000
0,1,1,455.266296,1119.977977,0.000000,NULL,NULL,NULL,NULL,NULL,1.506290,3.705549,174.570000
0,1,1,853.285725,-418.354221,0.000000,NULL,NULL,NULL,NULL,NULL,3.591555,-1.760890,174.570000
0,1,1,-724.077233,-615.490814,0.000000,NULL,NULL,NULL,NULL,NULL,-3.047705,-2.590655,174.570000
0,1,1,171.162817,1233.417348,0.000000,NULL,NULL,NULL,NULL,NULL,0.549816,3.962033,174.570000
0,1,1,748.175982,858.168699,0.000000,NULL,NULL,NULL,NULL,NULL,2.628599,3.015041,174.570000
0,1,1,-7.268120,-867.493714,0.000000,NULL,NULL,NULL,NULL,NULL,-0.033512,-3.999860,174.570000
0,1,1,-838.251059,-505.759991,0.000000,NULL,NULL,NULL,NULL,NULL,-3.424897,-2.066417,174.570000
0,1,1,-261.983671,-827.020391,0.000000,NULL,NULL,NULL,NULL,NULL,-1.207960,-3.813244,174.570000
0,1,1,511.130717,-700.959029,0.000000,NULL,NULL,NULL,NULL,NULL,2.356733,-3.231998,174.570000
0,1,1,716.121783,885.093446,0.000000,NULL,NULL,NULL,NULL,NULL,2.515981,3.109636,174.570000
0,1,1,148.458284,1236.355614,0.000000,NULL,NULL,NULL,NULL,NULL,0.476884,3.971471,174.570000
0,1,1,1039.822169,4.355893,0.000000,NULL,NULL,NULL,NULL,NULL,3.999965,0.016756,174.570000
0,1,1,-1082.071630,220.567464,0.000000,NULL,NULL,NULL,NULL,NULL,-3.919403,0.798924,174.570000
0,1,1,-1014.856678,-226.528233,0.000000,NULL,NULL,NULL,NULL,NULL,-3.903928,-0.871404,174.570000
0,1,1,-595.242382,1052.285406,0.000000,NULL,NULL,NULL,NULL,NULL,-1.969413,3.481582,174.570000
0,1,1,764.485701,-514.764731,0.000000,NULL,NULL,NULL,NULL,NULL,3.317935,-2.234124,174.570000
0,1,1,125.703570,1238.875973,0.000000,NULL,NULL,NULL,NULL,NULL,0.403790,3.979567,174.570000
0,1,1,-823.794798,785.864459,0.000000,NULL,NULL,NULL,NULL,NULL,-2.894273,2.761011,174.570000
0,1,1,-838.103196,770.586691,0.000000,NULL,NULL,NULL,NULL,NULL,-2.944544,2.707335,174.570000
0,1,1,605.314658,1004.412886,0.000000,NULL,NULL,NULL,NULL,NULL,2.064668,3.425952,174.570000
0,1,1,-282.465892,-820.250687,0.000000,NULL,NULL,NULL,NULL,NULL,-1.302400,-3.782030,174.570000
0,1,1,659.765685,969.515509,0.000000,NULL,NULL,NULL,NULL,NULL,2.250395,3.306921,174.570000
0,1,1,-462.247419,-765.901314,0.000000,NULL,NULL,NULL,NULL,NULL,-2.066875,-3.424621,174.570000
0,1,1,1044.814475,357.619535,0.000000,NULL,NULL,NULL,NULL,NULL,3.784453,1.295344,174.570000
0,1,1,-745.979170,904.856983,0.000000,NULL,NULL,NULL,NULL,NULL,-2.544460,3.086377,174.570000
0,1,1,102.906367,1240.977576,0.000000,NULL,NULL,NULL,NULL,NULL,0.330560,3.986318,174.570000
0,1,1,936.941515,-283.898931,0.000000,NULL,NULL,NULL,NULL,NULL,3.828123,-1.159944,174.570000
0,1,1,-852.128305,755.048454,0.000000,NULL,NULL,NULL,NULL,NULL,-2.993819,2.652744,174.570000
0,1,1,528.401493,-688.033453,0.000000,NULL,NULL,NULL,NULL,NULL,2.436366,-3.172400,174.570000
0,1,1,666.988969,-596.157039,0.000000,NULL,NULL,NULL,NULL,NULL,2.982348,-2.665633,174.570000
0,1,1,-768.649457,-275.316981,0.000000,NULL,NULL,NULL,NULL,NULL,-3.765726,-1.348818,174.570000
0,1,1,-739.157075,-597.296912,0.000000,NULL,NULL,NULL,NULL,NULL,-3.111177,-2.514075,174.570000
0,1,1,80.074380,1242.659712,0.000000,NULL,NULL,NULL,NULL,NULL,0.257218,3.991721,174.570000
0,1,1,-614.280719,-687.081010,0.000000,NULL,NULL,NULL,NULL,NULL,-2.666032,-2.981992,174.570000
0,1,1,-729.217866,918.418415,0.000000,NULL,NULL,NULL,NULL,NULL,-2.487289,3.132633,174.570000
0,1,1,1057.371210,176.961579,0.000000,NULL,NULL,NULL,NULL,NULL,3.945131,0.660257,174.570000
0,1,1,57.215327,1243.921811,0.000000,NULL,NULL,NULL,NULL,NULL,0.183789,3.995775,174.570000
0,1,1,-575.796174,1063.050721,0.000000,NULL,NULL,NULL,NULL,NULL,-1.905074,3.517200,174.570000
0,1,1,-588.034805,-566.424308,0.000000,NULL,NULL,NULL,NULL,NULL,-2.880868,-2.774995,174.570000
0,1,1,183.539659,-821.748947,0.000000,NULL,NULL,NULL,NULL,NULL,0.871926,-3.903812,174.570000
0,1,1,34.336934,1244.763448,0.000000,NULL,NULL,NULL,NULL,NULL,0.110298,3.998479,174.570000
0,1,1,732.272641,871.778409,0.000000,NULL,NULL,NULL,NULL,NULL,2.572725,3.062856,174.570000
0,1,1,-1071.489455,-35.491190,0.000000,NULL,NULL,NULL,NULL,NULL,-3.997808,-0.132420,174.570000
0,1,1,-302.773457,-812.973803,0.000000,NULL,NULL,NULL,NULL,NULL,-1.396035,-3.748478,174.570000
0,1,1,777.048574,-495.597245,0.000000,NULL,NULL,NULL,NULL,NULL,3.372459,-2.150935,174.570000
0,1,1,699.728865,898.109310,0.000000,NULL,NULL,NULL,NULL,NULL,2.458387,3.155366,174.570000
0,1,1,11.446934,1245.184337,0.000000,NULL,NULL,NULL,NULL,NULL,0.036770,3.999831,174.570000
0,1,1,-1020.175370,-201.224579,0.000000,NULL,NULL,NULL,NULL,NULL,-3.924388,-0.774066,174.570000
0,1,1,-11.446934,1245.184337,0.000000,NULL,NULL,NULL,NULL,NULL,-0.036770,3.999831,174.570000
0,1,1,863.423972,-397.008598,0.000000,NULL,NULL,NULL,NULL,NULL,3.634228,-1.671044,174.570000
0,1,1,-237.435779,-552.268571,0.000000,NULL,NULL,NULL,NULL,NULL,-1.579888,-3.674773,174.570000
0,1,1,-171.162817,1233.417348,0.000000,NULL,NULL,NULL,NULL,NULL,-0.549816,3.962033,174.570000
0,1,1,586.746854,1015.371464,0.000000,NULL,NULL,NULL,NULL,NULL,2.001335,3.463331,174.570000
0,1,1,-34.336934,1244.763448,0.000000,NULL,NULL,NULL,NULL,NULL,-0.110298,3.998479,174.570000
0,1,1,-945.994263,-352.169799,0.000000,NULL,NULL,NULL,NULL,NULL,-3.748665,-1.395533,174.570000
0,1,1,996.934587,-158.272367,0.000000,NULL,NULL,NULL,NULL,NULL,3.950524,-0.627181,174.570000
0,1,1,545.345546,-674.682448,0.000000,NULL,NULL,NULL,NULL,NULL,2.514492,-3.110841,174.570000
0,1,1,-148.458284,1236.355614,0.000000,NULL,NULL,NULL,NULL,NULL,-0.476884,3.971471,174.570000
0,1,1,-57.215327,1243.921811,0.000000,NULL,NULL,NULL,NULL,NULL,-0.183789,3.995775,174.570000
0,1,1,-102.906367,1240.977576,0.000000,NULL,NULL,NULL,NULL,NULL,-0.330560,3.986318,174.570000
0,1,1,-80.074380,1242.659712,0.000000,NULL,NULL,NULL,NULL,NULL,-0.257218,3.991721,174.570000
0,1,1,-125.703570,1238.875973,0.000000,NULL,NULL,NULL,NULL,NULL,-0.403790,3.979567,174.570000
0,1,1,-481.148048,-754.171105,0.000000,NULL,NULL,NULL,NULL,NULL,-2.151386,-3.372171,174.570000
0,1,1,-850.567231,-484.761170,0.000000,NULL,NULL,NULL,NULL,NULL,-3.475218,-1.980621,174.570000
0,1,1,392.831520,1143.372847,0.000000,NULL,NULL,NULL,NULL,NULL,1.299719,3.782953,174.570000
0,1,1,-200.943585,791.355232,0.000000,NULL,NULL,NULL,NULL,NULL,-0.984452,3.876965,174.570000
0,1,1,781.385905,-236.764643,0.000000,NULL,NULL,NULL,NULL,NULL,3.828123,-1.159944,174.570000
0,1,1,1000.561691,-133.435435,0.000000,NULL,NULL,NULL,NULL,NULL,3.964897,-0.528761,174.570000
0,1,1,101.030168,-835.913299,0.000000,NULL,NULL,NULL,NULL,NULL,0.479955,-3.971101,174.570000
0,1,1,-712.210076,931.669410,0.000000,NULL,NULL,NULL,NULL,NULL,-2.429277,3.177831,174.570000
0,1,1,264.234757,-799.461151,0.000000,NULL,NULL,NULL,NULL,NULL,1.255277,-3.797931,174.570000
0,1,1,681.605741,-579.388569,0.000000,NULL,NULL,NULL,NULL,NULL,3.047705,-2.590655,174.570000
0,1,1,-631.174539,-671.594980,0.000000,NULL,NULL,NULL,NULL,NULL,-2.739353,-2.914781,174.570000
0,1,1,-322.893810,-805.194236,0.000000,NULL,NULL,NULL,NULL,NULL,-1.488806,-3.712608,174.570000
0,1,1,-181.205031,796.106880,0.000000,NULL,NULL,NULL,NULL,NULL,-0.887750,3.900244,174.570000
0,1,1,371.744935,1150.401570,0.000000,NULL,NULL,NULL,NULL,NULL,1.229952,3.806208,174.570000
0,1,1,-499.751171,-741.974573,0.000000,NULL,NULL,NULL,NULL,NULL,-2.234568,-3.317636,174.570000
0,1,1,475.289284,368.071216,0.000000,NULL,NULL,NULL,NULL,NULL,3.162556,2.449131,174.570000
0,1,1,561.952398,-660.914270,0.000000,NULL,NULL,NULL,NULL,NULL,2.591063,-3.047358,174.570000
0,1,1,-753.779876,-578.733687,0.000000,NULL,NULL,NULL,NULL,NULL,-3.172726,-2.435941,174.570000
0,1,1,1039.392389,30.208913,0.000000,NULL,NULL,NULL,NULL,NULL,3.998312,0.116207,174.570000
0,1,1,-516.316407,1093.176764,0.000000,NULL,NULL,NULL,NULL,NULL,-1.708280,3.616874,174.570000
0,1,1,943.710773,-260.514841,0.000000,NULL,NULL,NULL,NULL,NULL,3.855781,-1.064403,174.570000
0,1,1,181.205031,796.106880,0.000000,NULL,NULL,NULL,NULL,NULL,0.887750,3.900244,174.570000
0,1,1,-342.814509,-796.916798,0.000000,NULL,NULL,NULL,NULL,NULL,-1.580657,-3.674442,174.570000
0,1,1,350.532696,1157.041442,0.000000,NULL,NULL,NULL,NULL,NULL,1.159769,3.828177,174.570000
0,1,1,-694.961549,944.605487,0.000000,NULL,NULL,NULL,NULL,NULL,-2.370444,3.221955,174.570000
0,1,1,789.130978,-476.123319,0.000000,NULL,NULL,NULL,NULL,NULL,3.424897,-2.066417,174.570000
0,1,1,329.891889,1053.897699,0.000000,NULL,NULL,NULL,NULL,NULL,1.194911,3.817353,174.570000
0,1,1,549.022604,1036.255404,0.000000,NULL,NULL,NULL,NULL,NULL,1.872661,3.534564,174.570000
0,1,1,121.783265,-833.142830,0.000000,NULL,NULL,NULL,NULL,NULL,0.578545,-3.957940,174.570000
0,1,1,434.599259,1128.158479,0.000000,NULL,NULL,NULL,NULL,NULL,1.437911,3.732615,174.570000
0,1,1,-496.131776,1102.484163,0.000000,NULL,NULL,NULL,NULL,NULL,-1.641497,3.647669,174.570000
0,1,1,38.447574,-841.118257,0.000000,NULL,NULL,NULL,NULL,NULL,0.182650,-3.995828,174.570000
0,1,1,342.317749,-769.270237,0.000000,NULL,NULL,NULL,NULL,NULL,1.626219,-3.654506,174.570000
0,1,1,329.201971,1163.290218,0.000000,NULL,NULL,NULL,NULL,NULL,1.089195,3.848851,174.570000
0,1,1,873.028343,-375.417494,0.000000,NULL,NULL,NULL,NULL,NULL,3.674653,-1.580165,174.570000
0,1,1,695.801058,-562.261849,0.000000,NULL,NULL,NULL,NULL,NULL,3.111177,-2.514075,174.570000
0,1,1,578.211781,-646.737432,0.000000,NULL,NULL,NULL,NULL,NULL,2.666032,-2.981992,174.570000
0,1,1,203.915061,-816.931323,0.000000,NULL,NULL,NULL,NULL,NULL,0.968722,-3.880925,174.570000
0,1,1,-17.521939,-841.814184,0.000000,NULL,NULL,NULL,NULL,NULL,-0.083240,-3.999134,174.570000
0,1,1,163.050769,-826.058464,0.000000,NULL,NULL,NULL,NULL,NULL,0.774591,-3.924284,174.570000
0,1,1,-1072.040651,-8.838469,0.000000,NULL,NULL,NULL,NULL,NULL,-3.999864,-0.032977,174.570000
0,1,1,-1024.863262,-175.796504,0.000000,NULL,NULL,NULL,NULL,NULL,-3.942421,-0.676250,174.570000
0,1,1,-362.523238,-788.146606,0.000000,NULL,NULL,NULL,NULL,NULL,-1.671530,-3.634004,174.570000
0,1,1,-647.678089,-655.693686,0.000000,NULL,NULL,NULL,NULL,NULL,-2.810979,-2.845768,174.570000
0,1,1,142.461061,-829.857208,0.000000,NULL,NULL,NULL,NULL,NULL,0.676777,-3.942331,174.570000
0,1,1,-518.045286,-729.319259,0.000000,NULL,NULL,NULL,NULL,NULL,-2.316367,-3.261049,174.570000
0,1,1,-862.357475,-463.462610,0.000000,NULL,NULL,NULL,NULL,NULL,-3.523390,-1.893600,174.570000
0,1,1,-954.458225,-328.539512,0.000000,NULL,NULL,NULL,NULL,NULL,-3.782205,-1.301894,174.570000
0,1,1,244.275088,-805.783978,0.000000,NULL,NULL,NULL,NULL,NULL,1.160457,-3.827968,174.570000
0,1,1,80.214602,-838.166902,0.000000,NULL,NULL,NULL,NULL,NULL,0.381069,-3.981807,174.570000
0,1,1,-677.478115,957.222275,0.000000,NULL,NULL,NULL,NULL,NULL,-2.310810,3.264990,174.570000
0,1,1,224.164378,-811.608570,0.000000,NULL,NULL,NULL,NULL,NULL,1.064918,-3.855639,174.570000
0,1,1,413.785322,1135.957648,0.000000,NULL,NULL,NULL,NULL,NULL,1.369046,3.758419,174.570000
0,1,1,-475.779446,1111.418908,0.000000,NULL,NULL,NULL,NULL,NULL,-1.574159,3.677230,174.570000
0,1,1,59.349437,-839.902246,0.000000,NULL,NULL,NULL,NULL,NULL,0.281946,-3.990051,174.570000
0,1,1,307.759972,1169.145786,0.000000,NULL,NULL,NULL,NULL,NULL,1.018252,3.868225,174.570000
0,1,1,529.878909,1046.173706,0.000000,NULL,NULL,NULL,NULL,NULL,1.807364,3.568394,174.570000
0,1,1,-38.447574,-841.118257,0.000000,NULL,NULL,NULL,NULL,NULL,-0.182650,-3.995828,174.570000
0,1,1,1003.570123,-108.515996,0.000000,NULL,NULL,NULL,NULL,NULL,3.976819,-0.430013,174.570000
0,1,1,-779.218692,830.083758,0.000000,NULL,NULL,NULL,NULL,NULL,-2.737662,2.916369,174.570000
0,1,1,-809.207945,800.876593,0.000000,NULL,NULL,NULL,NULL,NULL,-2.843025,2.813754,174.570000
0,1,1,-455.266296,1119.977977,0.000000,NULL,NULL,NULL,NULL,NULL,-1.506290,3.705549,174.570000
0,1,1,-101.030168,-835.913299,0.000000,NULL,NULL,NULL,NULL,NULL,-0.479955,-3.971101,174.570000
0,1,1,-767.936597,-559.812616,0.000000,NULL,NULL,NULL,NULL,NULL,-3.232313,-2.356301,174.570000
0,1,1,-556.155339,1073.456710,0.000000,NULL,NULL,NULL,NULL,NULL,-1.840090,3.551629,174.570000
0,1,1,594.113641,-632.160701,0.000000,NULL,NULL,NULL,NULL,NULL,2.739353,-2.914781,174.570000
0,1,1,284.031043,-792.643996,0.000000,NULL,NULL,NULL,NULL,NULL,1.349322,-3.765545,174.570000
0,1,1,683.099429,910.821600,0.000000,NULL,NULL,NULL,NULL,NULL,2.399962,3.200028,174.570000
0,1,1,-382.007810,-778.889083,0.000000,NULL,NULL,NULL,NULL,NULL,-1.761370,-3.591319,174.570000
0,1,1,286.213945,1174.606167,0.000000,NULL,NULL,NULL,NULL,NULL,0.946965,3.886291,174.570000
0,1,1,882.092898,-353.594261,0.000000,NULL,NULL,NULL,NULL,NULL,3.712807,-1.488309,174.570000
0,1,1,-663.781163,-639.386960,0.000000,NULL,NULL,NULL,NULL,NULL,-2.880868,-2.774995,174.570000
0,1,1,323.084613,-777.543871,0.000000,NULL,NULL,NULL,NULL,NULL,1.534850,-3.693810,174.570000
0,1,1,-1071.928978,17.819718,0.000000,NULL,NULL,NULL,NULL,NULL,-3.999447,0.066487,174.570000
0,1,1,800.725443,-456.354994,0.000000,NULL,NULL,NULL,NULL,NULL,3.475218,-1.980621,174.570000
0,1,1,709.566145,-544.787469,0.000000,NULL,NULL,NULL,NULL,NULL,3.172726,-2.435941,174.570000
0,1,1,303.651706,-785.336730,0.000000,NULL,NULL,NULL,NULL,NULL,1.442532,-3.730831,174.570000
0,1,1,649.153565,935.318377,0.000000,NULL,NULL,NULL,NULL,NULL,2.280699,3.286094,174.570000
0,1,1,-763.826429,844.268916,0.000000,NULL,NULL,NULL,NULL,NULL,-2.683584,2.966206,174.570000
0,1,1,949.896511,-236.969668,0.000000,NULL,NULL,NULL,NULL,NULL,3.881054,-0.968203,174.570000
0,1,1,-794.347569,815.618021,0.000000,NULL,NULL,NULL,NULL,NULL,-2.790815,2.865545,174.570000
0,1,1,-873.614503,-441.877479,0.000000,NULL,NULL,NULL,NULL,NULL,-3.569384,-1.805408,174.570000
0,1,1,-536.019080,-716.212989,0.000000,NULL,NULL,NULL,NULL,NULL,-2.396735,-3.202446,174.570000
0,1,1,510.556107,1055.738387,0.000000,NULL,NULL,NULL,NULL,NULL,1.741456,3.601018,174.570000
0,1,1,1038.319927,56.043254,0.000000,NULL,NULL,NULL,NULL,NULL,3.994186,0.215586,174.570000
0,1,1,-536.326516,1083.499856,0.000000,NULL,NULL,NULL,NULL,NULL,-1.774485,3.584858,174.570000
0,1,1,377.641563,-723.884161,0.000000,NULL,NULL,NULL,NULL,NULL,1.850121,-3.546414,174.570000
0,1,1,-641.830245,981.481033,0.000000,NULL,NULL,NULL,NULL,NULL,-2.189219,3.347734,174.570000
0,1,1,-183.539659,-821.748947,0.000000,NULL,NULL,NULL,NULL,NULL,-0.871926,-3.903812,174.570000
0,1,1,-59.349437,-839.902246,0.000000,NULL,NULL,NULL,NULL,NULL,-0.281946,-3.990051,174.570000
0,1,1,1005.958022,-83.529460,0.000000,NULL,NULL,NULL,NULL,NULL,3.986281,-0.331000,174.570000
0,1,1,609.648146,-617.193088,0.000000,NULL,NULL,NULL,NULL,NULL,2.810979,-2.845768,174.570000
0,1,1,-401.256176,-769.149954,0.000000,NULL,NULL,NULL,NULL,NULL,-1.850121,-3.546414,174.570000
0,1,1,-792.012147,769.575062,0.000000,NULL,NULL,NULL,NULL,NULL,-2.868770,2.787500,174.570000
0,1,1,567.980722,1025.986833,0.000000,NULL,NULL,NULL,NULL,NULL,1.937325,3.499539,174.570000
0,1,1,666.239096,923.226020,0.000000,NULL,NULL,NULL,NULL,NULL,2.340726,3.243609,174.570000
0,1,1,1052.644299,203.197579,0.000000,NULL,NULL,NULL,NULL,NULL,3.927495,0.758145,174.570000
0,1,1,417.016739,-731.474660,0.000000,NULL,NULL,NULL,NULL,NULL,1.981085,-3.474953,174.570000
0,1,1,-80.214602,-838.166902,0.000000,NULL,NULL,NULL,NULL,NULL,-0.381069,-3.981807,174.570000
0,1,1,-435.623870,414.256162,0.000000,NULL,NULL,NULL,NULL,NULL,-2.898624,2.756444,174.570000
0,1,1,-392.831520,1143.372847,0.000000,NULL,NULL,NULL,NULL,NULL,-1.299719,3.782953,174.570000
0,1,1,-1028.917455,-150.259729,0.000000,NULL,NULL,NULL,NULL,NULL,-3.958017,-0.578016,174.570000
0,1,1,624.805690,-601.843850,0.000000,NULL,NULL,NULL,NULL,NULL,2.880868,-2.774995,174.570000
0,1,1,361.339221,-760.520944,0.000000,NULL,NULL,NULL,NULL,NULL,1.716583,-3.612941,174.570000
0,1,1,491.060731,1064.946214,0.000000,NULL,NULL,NULL,NULL,NULL,1.674959,3.632425,174.570000
0,1,1,-962.332021,-304.706081,0.000000,NULL,NULL,NULL,NULL,NULL,-3.813406,-1.207450,174.570000
0,1,1,-121.783265,-833.142830,0.000000,NULL,NULL,NULL,NULL,NULL,-0.578545,-3.957940,174.570000
0,1,1,631.848611,947.094583,0.000000,NULL,NULL,NULL,NULL,NULL,2.219901,3.327468,174.570000
0,1,1,398.700267,-741.617311,0.000000,NULL,NULL,NULL,NULL,NULL,1.894071,-3.523137,174.570000
0,1,1,-623.677857,993.114803,0.000000,NULL,NULL,NULL,NULL,NULL,-2.127303,3.387415,174.570000
0,1,1,-781.618484,-540.545399,0.000000,NULL,NULL,NULL,NULL,NULL,-3.289901,-2.275203,174.570000
0,1,1,-553.661439,-702.663867,0.000000,NULL,NULL,NULL,NULL,NULL,-2.475620,-3.141863,174.570000
0,1,1,-371.744935,1150.401570,0.000000,NULL,NULL,NULL,NULL,NULL,-1.229952,3.806208,174.570000
0,1,1,722.892489,-526.976233,0.000000,NULL,NULL,NULL,NULL,NULL,3.232313,-2.356301,174.570000
0,1,1,-679.473804,-622.684885,0.000000,NULL,NULL,NULL,NULL,NULL,-2.948976,-2.702507,174.570000
0,1,1,-420.256436,-758.935240,0.000000,NULL,NULL,NULL,NULL,NULL,-1.937728,-3.499316,174.570000
0,1,1,380.137268,-751.301402,0.000000,NULL,NULL,NULL,NULL,NULL,1.805885,-3.569143,174.570000
0,1,1,-350.532696,1157.041442,0.000000,NULL,NULL,NULL,NULL,NULL,-1.159769,3.828177,174.570000
0,1,1,-475.289284,368.071216,0.000000,NULL,NULL,NULL,NULL,NULL,-3.162556,2.449131,174.570000
0,1,1,811.824800,-436.304493,0.000000,NULL,NULL,NULL,NULL,NULL,3.523390,-1.893600,174.570000
0,1,1,890.612033,-331.552392,0.000000,NULL,NULL,NULL,NULL,NULL,3.748665,-1.395533,174.570000
0,1,1,177.179400,1195.920369,0.000000,NULL,NULL,NULL,NULL,NULL,0.586214,3.956811,174.570000
0,1,1,-329.201971,1163.290218,0.000000,NULL,NULL,NULL,NULL,NULL,-1.089195,3.848851,174.570000
0,1,1,1047.266512,229.307936,0.000000,NULL,NULL,NULL,NULL,NULL,3.907430,0.855565,174.570000
0,1,1,-884.331352,-420.019124,0.000000,NULL,NULL,NULL,NULL,NULL,-3.613171,-1.716100,174.570000
0,1,1,-605.314658,1004.412886,0.000000,NULL,NULL,NULL,NULL,NULL,-2.064668,3.425952,174.570000
0,1,1,155.163208,1198.975583,0.000000,NULL,NULL,NULL,NULL,NULL,0.513372,3.966919,174.570000
0,1,1,-1071.154504,44.466886,0.000000,NULL,NULL,NULL,NULL,NULL,-3.996558,0.165909,174.570000
0,1,1,955.494905,-213.277970,0.000000,NULL,NULL,NULL,NULL,NULL,3.903928,-0.871404,174.570000
0,1,1,-969.610782,-280.684243,0.000000,NULL,NULL,NULL,NULL,NULL,-3.842249,-1.112259,174.570000
0,1,1,-142.461061,-829.857208,0.000000,NULL,NULL,NULL,NULL,NULL,-0.676777,-3.942331,174.570000
0,1,1,470.374547,-698.359452,0.000000,NULL,NULL,NULL,NULL,NULL,2.234568,-3.317636,174.570000
0,1,1,639.576901,-586.122477,0.000000,NULL,NULL,NULL,NULL,NULL,2.948976,-2.702507,174.570000
0,1,1,1015.714149,433.421025,0.000000,NULL,NULL,NULL,NULL,NULL,3.679048,1.569907,174.570000
0,1,1,1041.241173,255.276507,0.000000,NULL,NULL,NULL,NULL,NULL,3.884949,0.952456,174.570000
0,1,1,-307.759972,1169.145786,0.000000,NULL,NULL,NULL,NULL,NULL,-1.018252,3.868225,174.570000
0,1,1,133.094570,1201.625526,0.000000,NULL,NULL,NULL,NULL,NULL,0.440355,3.975687,174.570000
0,1,1,-794.817076,-520.943949,0.000000,NULL,NULL,NULL,NULL,NULL,-3.345455,-2.192699,174.570000
0,1,1,-438.996841,-748.251257,0.000000,NULL,NULL,NULL,NULL,NULL,-2.024137,-3.450054,174.570000
0,1,1,1036.605445,81.842942,0.000000,NULL,NULL,NULL,NULL,NULL,3.987591,0.314832,174.570000
0,1,1,-570.961457,-688.680270,0.000000,NULL,NULL,NULL,NULL,NULL,-2.552975,-3.079338,174.570000
0,1,1,-286.213945,1174.606167,0.000000,NULL,NULL,NULL,NULL,NULL,-0.946965,3.886291,174.570000
0,1,1,110.980943,1203.869304,0.000000,NULL,NULL,NULL,NULL,NULL,0.367191,3.983111,174.570000
0,1,1,-163.050769,-826.058464,0.000000,NULL,NULL,NULL,NULL,NULL,-0.774591,-3.924284,174.570000
0,1,1,822.422185,-415.984214,0.000000,NULL,NULL,NULL,NULL,NULL,3.569384,-1.805408,174.570000
0,1,1,1007.723913,-58.491274,0.000000,NULL,NULL,NULL,NULL,NULL,3.993279,-0.231782,174.570000
0,1,1,735.771850,-508.839154,0.000000,NULL,NULL,NULL,NULL,NULL,3.289901,-2.275203,174.570000
0,1,1,88.829804,1205.706156,0.000000,NULL,NULL,NULL,NULL,NULL,0.293901,3.989188,174.570000
0,1,1,-586.746854,1015.371464,0.000000,NULL,NULL,NULL,NULL,NULL,-2.001335,3.463331,174.570000
0,1,1,582.022839,-150.418545,0.000000,NULL,NULL,NULL,NULL,NULL,3.872756,-1.000879,174.570000
0,1,1,-659.765685,969.515509,0.000000,NULL,NULL,NULL,NULL,NULL,-2.250395,3.306921,174.570000
0,1,1,-434.599259,1128.158479,0.000000,NULL,NULL,NULL,NULL,NULL,-1.437911,3.732615,174.570000
0,1,1,-694.746310,-605.597788,0.000000,NULL,NULL,NULL,NULL,NULL,-3.015260,-2.628347,174.570000
0,1,1,-264.234757,-799.461151,0.000000,NULL,NULL,NULL,NULL,NULL,-1.255277,-3.797931,174.570000
0,1,1,-716.121783,885.093446,0.000000,NULL,NULL,NULL,NULL,NULL,-2.515981,3.109636,174.570000
0,1,1,435.075360,-720.879719,0.000000,NULL,NULL,NULL,NULL,NULL,2.066875,-3.424621,174.570000
0,1,1,-329.891889,1053.897699,0.000000,NULL,NULL,NULL,NULL,NULL,-1.194911,3.817353,174.570000
0,1,1,66.648639,1207.135464,0.000000,NULL,NULL,NULL,NULL,NULL,0.220513,3.993917,174.570000
0,1,1,264.571175,1179.669514,0.000000,NULL,NULL,NULL,NULL,NULL,0.875358,3.903044,174.570000
0,1,1,-615.466412,-536.490936,0.000000,NULL,NULL,NULL,NULL,NULL,-3.015260,-2.628347,174.570000
0,1,1,431.605328,1090.398057,0.000000,NULL,NULL,NULL,NULL,NULL,1.472163,3.719239,174.570000
0,1,1,-1032.335444,-124.630045,0.000000,NULL,NULL,NULL,NULL,NULL,-3.971165,-0.479424,174.570000
0,1,1,44.444945,1208.156743,0.000000,NULL,NULL,NULL,NULL,NULL,0.147050,3.997296,174.570000
0,1,1,748.196265,-490.387447,0.000000,NULL,NULL,NULL,NULL,NULL,3.345455,-2.192699,174.570000
0,1,1,-203.915061,-816.931323,0.000000,NULL,NULL,NULL,NULL,NULL,-0.968722,-3.880925,174.570000
0,1,1,960.502492,-189.454398,0.000000,NULL,NULL,NULL,NULL,NULL,3.924388,-0.774066,174.570000
0,1,1,-748.175982,858.168699,0.000000,NULL,NULL,NULL,NULL,NULL,-2.628599,3.015041,174.570000
0,1,1,653.952646,-570.038689,0.000000,NULL,NULL,NULL,NULL,NULL,3.015260,-2.628347,174.570000
0,1,1,-413.785322,1135.957648,0.000000,NULL,NULL,NULL,NULL,NULL,-1.369046,3.758419,174.570000
0,1,1,22.226229,1208.769649,0.000000,NULL,NULL,NULL,NULL,NULL,0.073537,3.999324,174.570000
0,1,1,578.676065,980.487036,0.000000,NULL,NULL,NULL,NULL,NULL,2.033087,3.444787,174.570000
0,1,1,-457.465803,-737.104612,0.000000,NULL,NULL,NULL,NULL,NULL,-2.109294,-3.398659,174.570000
0,1,1,487.593288,-686.448049,0.000000,NULL,NULL,NULL,NULL,NULL,2.316367,-3.261049,174.570000
0,1,1,-177.179400,1195.920369,0.000000,NULL,NULL,NULL,NULL,NULL,-0.586214,3.956811,174.570000
0,1,1,242.838976,1184.334117,0.000000,NULL,NULL,NULL,NULL,NULL,0.803455,3.918477,174.570000
0,1,1,0.000000,1208.973974,0.000000,NULL,NULL,NULL,NULL,NULL,0.000000,4.000000,174.570000
0,1,1,452.864963,-709.839041,0.000000,NULL,NULL,NULL,NULL,NULL,2.151386,-3.372171,174.570000
0,1,1,-155.163208,1198.975583,0.000000,NULL,NULL,NULL,NULL,NULL,-0.513372,3.966919,174.570000
0,1,1,-22.226229,1208.769649,0.000000,NULL,NULL,NULL,NULL,NULL,-0.073537,3.999324,174.570000
0,1,1,-133.094570,1201.625526,0.000000,NULL,NULL,NULL,NULL,NULL,-0.440355,3.975687,174.570000
0,1,1,-44.444945,1208.156743,0.000000,NULL,NULL,NULL,NULL,NULL,-0.147050,3.997296,174.570000
0,1,1,-110.980943,1203.869304,0.000000,NULL,NULL,NULL,NULL,NULL,-0.367191,3.983111,174.570000
0,1,1,898.580481,-309.305515,0.000000,NULL,NULL,NULL,NULL,NULL,3.782205,-1.301894,174.570000
0,1,1,-66.648639,1207.135464,0.000000,NULL,NULL,NULL,NULL,NULL,-0.220513,3.993917,174.570000
0,1,1,-88.829804,1205.706156,0.000000,NULL,NULL,NULL,NULL,NULL,-0.293901,3.989188,174.570000
0,1,1,1034.250005,107.592024,0.000000,NULL,NULL,NULL,NULL,NULL,3.978530,0.413883,174.570000
0,1,1,614.330083,958.550658,0.000000,NULL,NULL,NULL,NULL,NULL,2.158352,3.367717,174.570000
0,1,1,-587.908434,-674.270845,0.000000,NULL,NULL,NULL,NULL,NULL,-2.628751,-3.014908,174.570000
0,1,1,221.024693,1188.598399,0.000000,NULL,NULL,NULL,NULL,NULL,0.731280,3.932586,174.570000
0,1,1,411.486098,1098.148566,0.000000,NULL,NULL,NULL,NULL,NULL,1.403538,3.745675,174.570000
0,1,1,-549.022604,1036.255404,0.000000,NULL,NULL,NULL,NULL,NULL,-1.872661,3.534564,174.570000
0,1,1,-894.501398,-397.901061,0.000000,NULL,NULL,NULL,NULL,NULL,-3.654723,-1.625730,174.570000
0,1,1,-224.164378,-811.608570,0.000000,NULL,NULL,NULL,NULL,NULL,-1.064918,-3.855639,174.570000
0,1,1,199.135702,1192.460918,0.000000,NULL,NULL,NULL,NULL,NULL,0.658859,3.945365,174.570000
0,1,1,-699.728865,898.109310,0.000000,NULL,NULL,NULL,NULL,NULL,-2.458387,3.155366,174.570000
0,1,1,-976.290010,-256.488850,0.000000,NULL,NULL,NULL,NULL,NULL,-3.868717,-1.016381,174.570000
0,1,1,-1035.115113,-98.923299,0.000000,NULL,NULL,NULL,NULL,NULL,-3.981858,-0.380536,174.570000
0,1,1,-807.524213,-501.020386,0.000000,NULL,NULL,NULL,NULL,NULL,-3.398941,-2.108839,174.570000
0,1,1,537.398914,-648.197922,0.000000,NULL,NULL,NULL,NULL,NULL,2.552975,-3.079338,174.570000
0,1,1,-1069.717709,71.086559,0.000000,NULL,NULL,NULL,NULL,NULL,-3.991197,0.265229,174.570000
0,1,1,17.521939,-841.814184,0.000000,NULL,NULL,NULL,NULL,NULL,0.083240,-3.999134,174.570000
0,1,1,832.511045,-395.406721,0.000000,NULL,NULL,NULL,NULL,NULL,3.613171,-1.716100,174.570000
0,1,1,-709.589237,-588.136235,0.000000,NULL,NULL,NULL,NULL,NULL,-3.079679,-2.552563,174.570000
0,1,1,-732.272641,871.778409,0.000000,NULL,NULL,NULL,NULL,NULL,-2.572725,3.062856,174.570000
0,1,1,-475.651903,-725.502197,0.000000,NULL,NULL,NULL,NULL,NULL,-2.193147,-3.345162,174.570000
0,1,1,-244.275088,-805.783978,0.000000,NULL,NULL,NULL,NULL,NULL,-1.160457,-3.827968,174.570000
0,1,1,667.924035,-553.602433,0.000000,NULL,NULL,NULL,NULL,NULL,3.079679,-2.552563,174.570000
0,1,1,1034.572009,281.087235,0.000000,NULL,NULL,NULL,NULL,NULL,3.860066,1.048758,174.570000
0,1,1,391.227781,1105.527885,0.000000,NULL,NULL,NULL,NULL,NULL,1.334439,3.770845,174.570000
0,1,1,-529.878909,1046.173706,0.000000,NULL,NULL,NULL,NULL,NULL,-1.807364,3.568394,174.570000
0,1,1,471.399370,1073.794075,0.000000,NULL,NULL,NULL,NULL,NULL,1.607896,3.662604,174.570000
0,1,1,760.158052,-471.632522,0.000000,NULL,NULL,NULL,NULL,NULL,3.398941,-2.108839,174.570000
0,1,1,596.603904,969.682730,0.000000,NULL,NULL,NULL,NULL,NULL,2.096074,3.406828,174.570000
0,1,1,-604.491893,-659.444502,0.000000,NULL,NULL,NULL,NULL,NULL,-2.702901,-2.948614,174.570000
0,1,1,-785.183447,223.849019,0.000000,NULL,NULL,NULL,NULL,NULL,-3.846728,1.096669,174.570000
0,1,1,1008.866702,-33.416922,0.000000,NULL,NULL,NULL,NULL,NULL,3.997808,-0.132420,174.570000
0,1,1,-493.543895,-713.451185,0.000000,NULL,NULL,NULL,NULL,NULL,-2.275643,-3.289597,174.570000
0,1,1,504.510537,-674.112199,0.000000,NULL,NULL,NULL,NULL,NULL,2.396735,-3.202446,174.570000
0,1,1,-510.556107,1055.738387,0.000000,NULL,NULL,NULL,NULL,NULL,-1.741456,3.601018,174.570000
0,1,1,370.837223,1112.533521,0.000000,NULL,NULL,NULL,NULL,NULL,1.264889,3.794741,174.570000
0,1,1,528.880537,-622.018333,0.000000,NULL,NULL,NULL,NULL,NULL,2.591063,-3.047358,174.570000
0,1,1,964.916176,-165.513681,0.000000,NULL,NULL,NULL,NULL,NULL,3.942421,-0.676250,174.570000
0,1,1,570.014971,945.839284,0.000000,NULL,NULL,NULL,NULL,NULL,2.064668,3.425952,174.570000
0,1,1,451.578669,1082.278978,0.000000,NULL,NULL,NULL,NULL,NULL,1.540290,3.691545,174.570000
0,1,1,140.794441,584.425572,0.000000,NULL,NULL,NULL,NULL,NULL,0.936840,3.888744,174.570000
0,1,1,-723.993407,-570.311023,0.000000,NULL,NULL,NULL,NULL,NULL,-3.142195,-2.475200,174.570000
0,1,1,905.993314,-286.867387,0.000000,NULL,NULL,NULL,NULL,NULL,3.813406,-1.207450,174.570000
0,1,1,-264.571175,1179.669514,0.000000,NULL,NULL,NULL,NULL,NULL,-0.875358,3.903044,174.570000
0,1,1,560.552624,990.959924,0.000000,NULL,NULL,NULL,NULL,NULL,1.969413,3.481582,174.570000
0,1,1,-342.317749,-769.270237,0.000000,NULL,NULL,NULL,NULL,NULL,-1.626219,-3.654506,174.570000
0,1,1,681.482431,-536.823870,0.000000,NULL,NULL,NULL,NULL,NULL,3.142195,-2.475200,174.570000
0,1,1,-242.838976,1184.334117,0.000000,NULL,NULL,NULL,NULL,NULL,-0.803455,3.918477,174.570000
0,1,1,350.321317,1119.163105,0.000000,NULL,NULL,NULL,NULL,NULL,1.194911,3.817353,174.570000
0,1,1,521.115835,-661.359528,0.000000,NULL,NULL,NULL,NULL,NULL,2.475620,-3.141863,174.570000
0,1,1,-221.024693,1188.598399,0.000000,NULL,NULL,NULL,NULL,NULL,-0.731280,3.932586,174.570000
0,1,1,-491.060731,1064.946214,0.000000,NULL,NULL,NULL,NULL,NULL,-1.674959,3.632425,174.570000
0,1,1,846.416173,709.301544,0.000000,NULL,NULL,NULL,NULL,NULL,3.065829,2.569182,174.570000
0,1,1,-904.118351,-375.536966,0.000000,NULL,NULL,NULL,NULL,NULL,-3.694016,-1.534356,174.570000
0,1,1,-284.031043,-792.643996,0.000000,NULL,NULL,NULL,NULL,NULL,-1.349322,-3.765545,174.570000
0,1,1,1031.255062,133.274580,0.000000,NULL,NULL,NULL,NULL,NULL,3.967009,0.512678,174.570000
0,1,1,-819.732038,-480.787030,0.000000,NULL,NULL,NULL,NULL,NULL,-3.450325,-2.023675,174.570000
0,1,1,-199.135702,1192.460918,0.000000,NULL,NULL,NULL,NULL,NULL,-0.658859,3.945365,174.570000
0,1,1,842.085144,-374.584739,0.000000,NULL,NULL,NULL,NULL,NULL,3.654723,-1.625730,174.570000
0,1,1,771.649815,-452.585974,0.000000,NULL,NULL,NULL,NULL,NULL,3.450325,-2.023675,174.570000
0,1,1,-511.130717,-700.959029,0.000000,NULL,NULL,NULL,NULL,NULL,-2.356733,-3.231998,174.570000
0,1,1,87.881689,-811.725469,0.000000,NULL,NULL,NULL,NULL,NULL,0.430545,-3.976761,174.570000
0,1,1,-620.701580,-644.210407,0.000000,NULL,NULL,NULL,NULL,NULL,-2.775381,-2.880497,174.570000
0,1,1,-982.365573,-232.134865,0.000000,NULL,NULL,NULL,NULL,NULL,-3.892792,-0.919874,174.570000
0,1,1,505.070279,1020.355247,0.000000,NULL,NULL,NULL,NULL,NULL,1.774485,3.584858,174.570000
0,1,1,-1037.254745,-73.155386,0.000000,NULL,NULL,NULL,NULL,NULL,-3.990089,-0.281413,174.570000
0,1,1,-567.980722,1025.986833,0.000000,NULL,NULL,NULL,NULL,NULL,-1.937325,3.499539,174.570000
0,1,1,-1067.619481,97.662278,0.000000,NULL,NULL,NULL,NULL,NULL,-3.983368,0.364385,174.570000
0,1,1,-649.153565,935.318377,0.000000,NULL,NULL,NULL,NULL,NULL,-2.280699,3.286094,174.570000
0,1,1,-303.651706,-785.336730,0.000000,NULL,NULL,NULL,NULL,NULL,-1.442532,-3.730831,174.570000
0,1,1,187.868457,-794.560804,0.000000,NULL,NULL,NULL,NULL,NULL,0.920395,-3.892669,174.570000
0,1,1,912.845948,-264.251882,0.000000,NULL,NULL,NULL,NULL,NULL,3.842249,-1.112259,174.570000
0,1,1,553.349706,-634.635519,0.000000,NULL,NULL,NULL,NULL,NULL,2.628751,-3.014908,174.570000
0,1,1,1027.263144,306.724158,0.000000,NULL,NULL,NULL,NULL,NULL,3.832796,1.144411,174.570000
0,1,1,-683.099429,910.821600,0.000000,NULL,NULL,NULL,NULL,NULL,-2.399962,3.200028,174.570000
0,1,1,599.110795,-591.628595,0.000000,NULL,NULL,NULL,NULL,NULL,2.846144,-2.810599,174.570000
0,1,1,-323.084613,-777.543871,0.000000,NULL,NULL,NULL,NULL,NULL,-1.534850,-3.693810,174.570000
0,1,1,-636.527471,-628.577981,0.000000,NULL,NULL,NULL,NULL,NULL,-2.846144,-2.810599,174.570000
0,1,1,694.619448,-519.713375,0.000000,NULL,NULL,NULL,NULL,NULL,3.202767,-2.396306,174.570000
0,1,1,859.313187,693.620837,0.000000,NULL,NULL,NULL,NULL,NULL,3.112543,2.512384,174.570000
0,1,1,-913.176265,-352.940667,0.000000,NULL,NULL,NULL,NULL,NULL,-3.731024,-1.442033,174.570000
0,1,1,-737.949914,-552.133173,0.000000,NULL,NULL,NULL,NULL,NULL,-3.202767,-2.396306,174.570000
0,1,1,1009.385684,-8.321908,0.000000,NULL,NULL,NULL,NULL,NULL,3.999864,-0.032977,174.570000
0,1,1,-528.401493,-688.033453,0.000000,NULL,NULL,NULL,NULL,NULL,-2.436366,-3.172400,174.570000
0,1,1,-431.605328,1090.398057,0.000000,NULL,NULL,NULL,NULL,NULL,-1.472163,3.719239,174.570000
0,1,1,-1064.861116,124.177609,0.000000,NULL,NULL,NULL,NULL,NULL,-3.973077,0.463316,174.570000
0,1,1,968.733229,-141.470622,0.000000,NULL,NULL,NULL,NULL,NULL,3.958017,-0.578016,174.570000
0,1,1,523.743511,1010.897399,0.000000,NULL,NULL,NULL,NULL,NULL,1.840090,3.551629,174.570000
0,1,1,-666.239096,923.226020,0.000000,NULL,NULL,NULL,NULL,NULL,-2.340726,3.243609,174.570000
0,1,1,542.239710,1001.097854,0.000000,NULL,NULL,NULL,NULL,NULL,1.905074,3.517200,174.570000
0,1,1,782.664446,-433.259581,0.000000,NULL,NULL,NULL,NULL,NULL,3.499575,-1.937260,174.570000
0,1,1,-631.848611,947.094583,0.000000,NULL,NULL,NULL,NULL,NULL,-2.219901,3.327468,174.570000
0,1,1,-411.486098,1098.148566,0.000000,NULL,NULL,NULL,NULL,NULL,-1.403538,3.745675,174.570000
0,1,1,-831.433002,-460.256391,0.000000,NULL,NULL,NULL,NULL,NULL,-3.499575,-1.937260,174.570000
0,1,1,267.143493,1141.878030,0.000000,NULL,NULL,NULL,NULL,NULL,0.911200,3.894832,174.570000
0,1,1,1019.319096,332.171427,0.000000,NULL,NULL,NULL,NULL,NULL,3.803156,1.239357,174.570000
0,1,1,851.138560,-353.531141,0.000000,NULL,NULL,NULL,NULL,NULL,3.694016,-1.534356,174.570000
0,1,1,1027.622468,158.874729,0.000000,NULL,NULL,NULL,NULL,NULL,3.953035,0.611156,174.570000
0,1,1,568.958348,-620.680705,0.000000,NULL,NULL,NULL,NULL,NULL,2.702901,-2.948614,174.570000
0,1,1,707.326965,-502.281529,0.000000,NULL,NULL,NULL,NULL,NULL,3.261359,-2.315931,174.570000
0,1,1,-391.227781,1105.527885,0.000000,NULL,NULL,NULL,NULL,NULL,-1.334439,3.770845,174.570000
0,1,1,-987.833714,-207.637344,0.000000,NULL,NULL,NULL,NULL,NULL,-3.914461,-0.822799,174.570000
0,1,1,-651.959782,-612.556890,0.000000,NULL,NULL,NULL,NULL,NULL,-2.915147,-2.738963,174.570000
0,1,1,981.122939,506.879470,0.000000,NULL,NULL,NULL,NULL,NULL,3.553754,1.835983,174.570000
0,1,1,246.105631,1146.596311,0.000000,NULL,NULL,NULL,NULL,NULL,0.839442,3.910925,174.570000
0,1,1,-545.345546,-674.682448,0.000000,NULL,NULL,NULL,NULL,NULL,-2.514492,-3.110841,174.570000
0,1,1,-199.183337,567.188084,0.000000,NULL,NULL,NULL,NULL,NULL,-1.325358,3.774046,174.570000
0,1,1,1009.280538,16.778252,0.000000,NULL,NULL,NULL,NULL,NULL,3.999447,0.066487,174.570000
0,1,1,-1038.753016,-47.342240,0.000000,NULL,NULL,NULL,NULL,NULL,-3.995852,-0.182115,174.570000
0,1,1,224.984583,1150.927026,0.000000,NULL,NULL,NULL,NULL,NULL,0.767400,3.925697,174.570000
0,1,1,919.134147,-241.472983,0.000000,NULL,NULL,NULL,NULL,NULL,3.868717,-1.016381,174.570000
0,1,1,-370.837223,1112.533521,0.000000,NULL,NULL,NULL,NULL,NULL,-1.264889,3.794741,174.570000
0,1,1,-751.450128,-533.613926,0.000000,NULL,NULL,NULL,NULL,NULL,-3.261359,-2.315931,174.570000
0,1,1,-361.339221,-760.520944,0.000000,NULL,NULL,NULL,NULL,NULL,-1.716583,-3.612941,174.570000
0,1,1,487.717231,-351.437372,0.000000,NULL,NULL,NULL,NULL,NULL,3.245251,-2.338450,174.570000
0,1,1,715.921197,392.528048,0.000000,NULL,NULL,NULL,NULL,NULL,3.507402,1.923052,174.570000
0,1,1,199.183337,567.188084,0.000000,NULL,NULL,NULL,NULL,NULL,1.325358,3.774046,174.570000
0,1,1,-842.619870,-439.441165,0.000000,NULL,NULL,NULL,NULL,NULL,-3.546661,-1.849647,174.570000
0,1,1,-578.676065,980.487036,0.000000,NULL,NULL,NULL,NULL,NULL,-2.033087,3.444787,174.570000
0,1,1,-921.669540,-330.126136,0.000000,NULL,NULL,NULL,NULL,NULL,-3.765726,-1.348818,174.570000
0,1,1,329.686998,1125.414397,0.000000,NULL,NULL,NULL,NULL,NULL,1.124529,3.838676,174.570000
0,1,1,203.787487,1154.868712,0.000000,NULL,NULL,NULL,NULL,NULL,0.695099,3.939142,174.570000
0,1,1,584.215189,-606.342108,0.000000,NULL,NULL,NULL,NULL,NULL,2.775381,-2.880497,174.570000
0,1,1,-570.014971,945.839284,0.000000,NULL,NULL,NULL,NULL,NULL,-2.064668,3.425952,174.570000
0,1,1,-350.321317,1119.163105,0.000000,NULL,NULL,NULL,NULL,NULL,-1.194911,3.817353,174.570000
0,1,1,793.195137,-413.665293,0.000000,NULL,NULL,NULL,NULL,NULL,3.546661,-1.849647,174.570000
0,1,1,859.665696,-332.258947,0.000000,NULL,NULL,NULL,NULL,NULL,3.731024,-1.442033,174.570000
0,1,1,-471.399370,1073.794075,0.000000,NULL,NULL,NULL,NULL,NULL,-1.607896,3.662604,174.570000
0,1,1,486.226327,1029.468200,0.000000,NULL,NULL,NULL,NULL,NULL,1.708280,3.616874,174.570000
0,1,1,428.734116,1054.707482,0.000000,NULL,NULL,NULL,NULL,NULL,1.506290,3.705549,174.570000
0,1,1,-417.016739,-731.474660,0.000000,NULL,NULL,NULL,NULL,NULL,-1.981085,-3.474953,174.570000
0,1,1,-187.868457,-794.560804,0.000000,NULL,NULL,NULL,NULL,NULL,-0.920395,-3.892669,174.570000
0,1,1,182.521508,1158.420036,0.000000,NULL,NULL,NULL,NULL,NULL,0.622563,3.951255,174.570000
0,1,1,-561.952398,-660.914270,0.000000,NULL,NULL,NULL,NULL,NULL,-2.591063,-3.047358,174.570000
0,1,1,-1061.444322,150.616159,0.000000,NULL,NULL,NULL,NULL,NULL,-3.960328,0.561960,174.570000
0,1,1,971.951290,-117.340089,0.000000,NULL,NULL,NULL,NULL,NULL,3.971165,-0.479424,174.570000
0,1,1,-380.137268,-751.301402,0.000000,NULL,NULL,NULL,NULL,NULL,-1.805885,-3.569143,174.570000
0,1,1,719.597125,-484.539109,0.000000,NULL,NULL,NULL,NULL,NULL,3.317935,-2.234124,174.570000
0,1,1,308.941240,1131.285283,0.000000,NULL,NULL,NULL,NULL,NULL,1.053768,3.858701,174.570000
0,1,1,-666.988969,-596.157039,0.000000,NULL,NULL,NULL,NULL,NULL,-2.982348,-2.665633,174.570000
0,1,1,-377.641563,-723.884161,0.000000,NULL,NULL,NULL,NULL,NULL,-1.850121,-3.546414,174.570000
0,1,1,161.193834,1161.579799,0.000000,NULL,NULL,NULL,NULL,NULL,0.549816,3.962033,174.570000
0,1,1,-398.700267,-741.617311,0.000000,NULL,NULL,NULL,NULL,NULL,-1.894071,-3.523137,174.570000
0,1,1,-451.578669,1082.278978,0.000000,NULL,NULL,NULL,NULL,NULL,-1.540290,3.691545,174.570000
0,1,1,-614.330083,958.550658,0.000000,NULL,NULL,NULL,NULL,NULL,-2.158352,3.367717,174.570000
0,1,1,-1044.814475,357.619535,0.000000,NULL,NULL,NULL,NULL,NULL,-3.784453,1.295344,174.570000
0,1,1,731.422339,-466.497087,0.000000,NULL,NULL,NULL,NULL,NULL,3.372459,-2.150935,174.570000
0,1,1,-87.881689,-811.725469,0.000000,NULL,NULL,NULL,NULL,NULL,-0.430545,-3.976761,174.570000
0,1,1,139.811674,1164.346932,0.000000,NULL,NULL,NULL,NULL,NULL,0.476884,3.971471,174.570000
0,1,1,1010.744777,357.413306,0.000000,NULL,NULL,NULL,NULL,NULL,3.771165,1.333536,174.570000
0,1,1,-140.794441,584.425572,0.000000,NULL,NULL,NULL,NULL,NULL,-0.936840,3.888744,174.570000
0,1,1,288.091056,1136.773779,0.000000,NULL,NULL,NULL,NULL,NULL,0.982650,3.877422,174.570000
0,1,1,118.382256,1166.720499,0.000000,NULL,NULL,NULL,NULL,NULL,0.403790,3.979567,174.570000
0,1,1,613.635955,-576.549264,0.000000,NULL,NULL,NULL,NULL,NULL,2.915147,-2.738963,174.570000
0,1,1,-267.143493,1141.878030,0.000000,NULL,NULL,NULL,NULL,NULL,-0.911200,3.894832,174.570000
0,1,1,-764.485701,-514.764731,0.000000,NULL,NULL,NULL,NULL,NULL,-3.317935,-2.234124,174.570000
0,1,1,448.051794,1046.647221,0.000000,NULL,NULL,NULL,NULL,NULL,1.574159,3.677230,174.570000
0,1,1,1023.354469,184.376641,0.000000,NULL,NULL,NULL,NULL,NULL,3.936617,0.709256,174.570000
0,1,1,96.912823,1168.699699,0.000000,NULL,NULL,NULL,NULL,NULL,0.330560,3.986318,174.570000
0,1,1,-1039.609000,-21.499820,0.000000,NULL,NULL,NULL,NULL,NULL,-3.999145,-0.082705,174.570000
0,1,1,-246.105631,1146.596311,0.000000,NULL,NULL,NULL,NULL,NULL,-0.839442,3.910925,174.570000
0,1,1,1008.551328,41.868038,0.000000,NULL,NULL,NULL,NULL,NULL,3.996558,0.165909,174.570000
0,1,1,-578.211781,-646.737432,0.000000,NULL,NULL,NULL,NULL,NULL,-2.666032,-2.981992,174.570000
0,1,1,924.854023,-218.544775,0.000000,NULL,NULL,NULL,NULL,NULL,3.892792,-0.919874,174.570000
0,1,1,803.235376,-393.815225,0.000000,NULL,NULL,NULL,NULL,NULL,3.591555,-1.760890,174.570000
0,1,1,-224.984583,1150.927026,0.000000,NULL,NULL,NULL,NULL,NULL,-0.767400,3.925697,174.570000
0,1,1,75.410632,1170.283862,0.000000,NULL,NULL,NULL,NULL,NULL,0.257218,3.991721,174.570000
0,1,1,-596.603904,969.682730,0.000000,NULL,NULL,NULL,NULL,NULL,-2.096074,3.406828,174.570000
0,1,1,974.568368,-93.137002,0.000000,NULL,NULL,NULL,NULL,NULL,3.981858,-0.380536,174.570000
0,1,1,-853.285725,-418.354221,0.000000,NULL,NULL,NULL,NULL,NULL,-3.591555,-1.760890,174.570000
0,1,1,467.218023,1038.233179,0.000000,NULL,NULL,NULL,NULL,NULL,1.641497,3.647669,174.570000
0,1,1,-781.385905,-236.764643,0.000000,NULL,NULL,NULL,NULL,NULL,-3.828123,-1.159944,174.570000
0,1,1,-203.787487,1154.868712,0.000000,NULL,NULL,NULL,NULL,NULL,-0.695099,3.939142,174.570000
0,1,1,654.900132,-529.210692,0.000000,NULL,NULL,NULL,NULL,NULL,3.111177,-2.514075,174.570000
0,1,1,53.882952,1171.472453,0.000000,NULL,NULL,NULL,NULL,NULL,0.183789,3.995775,174.570000
0,1,1,867.661279,-310.781308,0.000000,NULL,NULL,NULL,NULL,NULL,3.765726,-1.348818,174.570000
0,1,1,-929.592923,-307.107480,0.000000,NULL,NULL,NULL,NULL,NULL,-3.798099,-1.254769,174.570000
0,1,1,-131.658380,1096.446574,0.000000,NULL,NULL,NULL,NULL,NULL,-0.476884,3.971471,174.570000
0,1,1,-582.022839,-150.418545,0.000000,NULL,NULL,NULL,NULL,NULL,-3.872756,-1.000879,174.570000
0,1,1,32.337058,1172.265071,0.000000,NULL,NULL,NULL,NULL,NULL,0.110298,3.998479,174.570000
0,1,1,-505.070279,1020.355247,0.000000,NULL,NULL,NULL,NULL,NULL,-1.774485,3.584858,174.570000
0,1,1,-182.521508,1158.420036,0.000000,NULL,NULL,NULL,NULL,NULL,-0.622563,3.951255,174.570000
0,1,1,-681.605741,-579.388569,0.000000,NULL,NULL,NULL,NULL,NULL,-3.047705,-2.590655,174.570000
0,1,1,-161.193834,1161.579799,0.000000,NULL,NULL,NULL,NULL,NULL,-0.549816,3.962033,174.570000
0,1,1,10.780234,1172.661446,0.000000,NULL,NULL,NULL,NULL,NULL,0.036770,3.999831,174.570000
0,1,1,-560.552624,990.959924,0.000000,NULL,NULL,NULL,NULL,NULL,-1.969413,3.481582,174.570000
0,1,1,-139.811674,1164.346932,0.000000,NULL,NULL,NULL,NULL,NULL,-0.476884,3.971471,174.570000
0,1,1,742.795297,-448.166618,0.000000,NULL,NULL,NULL,NULL,NULL,3.424897,-2.066417,174.570000
0,1,1,-10.780234,1172.661446,0.000000,NULL,NULL,NULL,NULL,NULL,-0.036770,3.999831,174.570000
0,1,1,-32.337058,1172.265071,0.000000,NULL,NULL,NULL,NULL,NULL,-0.110298,3.998479,174.570000
0,1,1,-118.382256,1166.720499,0.000000,NULL,NULL,NULL,NULL,NULL,-0.403790,3.979567,174.570000
0,1,1,-96.912823,1168.699699,0.000000,NULL,NULL,NULL,NULL,NULL,-0.330560,3.986318,174.570000
0,1,1,-53.882952,1171.472453,0.000000,NULL,NULL,NULL,NULL,NULL,-0.183789,3.995775,174.570000
0,1,1,-75.410632,1170.283862,0.000000,NULL,NULL,NULL,NULL,NULL,-0.257218,3.991721,174.570000
0,1,1,627.781689,-561.113437,0.000000,NULL,NULL,NULL,NULL,NULL,2.982348,-2.665633,174.570000
0,1,1,-777.048574,-495.597245,0.000000,NULL,NULL,NULL,NULL,NULL,-3.372459,-2.150935,174.570000
0,1,1,-992.691054,-183.011436,0.000000,NULL,NULL,NULL,NULL,NULL,-3.933709,-0.725214,174.570000
0,1,1,131.658380,1096.446574,0.000000,NULL,NULL,NULL,NULL,NULL,0.476884,3.971471,174.570000
0,1,1,-1057.371210,176.961579,0.000000,NULL,NULL,NULL,NULL,NULL,-3.945131,0.660257,174.570000
0,1,1,-1039.822169,4.355893,0.000000,NULL,NULL,NULL,NULL,NULL,-3.999965,0.016756,174.570000
0,1,1,1018.453705,209.764549,0.000000,NULL,NULL,NULL,NULL,NULL,3.917765,0.806918,174.570000
0,1,1,-594.113641,-632.160701,0.000000,NULL,NULL,NULL,NULL,NULL,-2.739353,-2.914781,174.570000
0,1,1,-470.374547,-698.359452,0.000000,NULL,NULL,NULL,NULL,NULL,-2.234568,-3.317636,174.570000
0,1,1,-435.075360,-720.879719,0.000000,NULL,NULL,NULL,NULL,NULL,-2.066875,-3.424621,174.570000
0,1,1,-329.686998,1125.414397,0.000000,NULL,NULL,NULL,NULL,NULL,-1.124529,3.838676,174.570000
0,1,1,1001.545490,382.434187,0.000000,NULL,NULL,NULL,NULL,NULL,3.736841,1.426891,174.570000
0,1,1,812.778954,-373.721651,0.000000,NULL,NULL,NULL,NULL,NULL,3.634228,-1.671044,174.570000
0,1,1,-936.941515,-283.898931,0.000000,NULL,NULL,NULL,NULL,NULL,-3.828123,-1.159944,174.570000
0,1,1,641.539250,-545.330660,0.000000,NULL,NULL,NULL,NULL,NULL,3.047705,-2.590655,174.570000
0,1,1,350.080245,1083.358038,0.000000,NULL,NULL,NULL,NULL,NULL,1.229952,3.806208,174.570000
0,1,1,409.271521,1062.411238,0.000000,NULL,NULL,NULL,NULL,NULL,1.437911,3.732615,174.570000
0,1,1,-308.941240,1131.285283,0.000000,NULL,NULL,NULL,NULL,NULL,-1.053768,3.858701,174.570000
0,1,1,-523.743511,1010.897399,0.000000,NULL,NULL,NULL,NULL,NULL,-1.840090,3.551629,174.570000
0,1,1,-863.423972,-397.008598,0.000000,NULL,NULL,NULL,NULL,NULL,-3.634228,-1.671044,174.570000
0,1,1,-695.801058,-562.261849,0.000000,NULL,NULL,NULL,NULL,NULL,-3.111177,-2.514075,174.570000
0,1,1,930.002038,-195.481436,0.000000,NULL,NULL,NULL,NULL,NULL,3.914461,-0.822799,174.570000
0,1,1,753.708965,-429.559036,0.000000,NULL,NULL,NULL,NULL,NULL,3.475218,-1.980621,174.570000
0,1,1,875.120365,-289.111506,0.000000,NULL,NULL,NULL,NULL,NULL,3.798099,-1.254769,174.570000
0,1,1,1007.198506,66.931935,0.000000,NULL,NULL,NULL,NULL,NULL,3.991197,0.265229,174.570000
0,1,1,-288.091056,1136.773779,0.000000,NULL,NULL,NULL,NULL,NULL,-0.982650,3.877422,174.570000
0,1,1,976.582847,-68.876326,0.000000,NULL,NULL,NULL,NULL,NULL,3.990089,-0.281413,174.570000
0,1,1,-609.648146,-617.193088,0.000000,NULL,NULL,NULL,NULL,NULL,-2.810979,-2.845768,174.570000
0,1,1,-542.239710,1001.097854,0.000000,NULL,NULL,NULL,NULL,NULL,-1.905074,3.517200,174.570000
0,1,1,-452.864963,-709.839041,0.000000,NULL,NULL,NULL,NULL,NULL,-2.151386,-3.372171,174.570000
0,1,1,-789.130978,-476.123319,0.000000,NULL,NULL,NULL,NULL,NULL,-3.424897,-2.066417,174.570000
0,1,1,-428.734116,1054.707482,0.000000,NULL,NULL,NULL,NULL,NULL,-1.506290,3.705549,174.570000
0,1,1,-487.593288,-686.448049,0.000000,NULL,NULL,NULL,NULL,NULL,-2.316367,-3.261049,174.570000
0,1,1,389.670586,1069.755883,0.000000,NULL,NULL,NULL,NULL,NULL,1.369046,3.758419,174.570000
0,1,1,-1000.561691,-133.435435,0.000000,NULL,NULL,NULL,NULL,NULL,-3.964897,-0.528761,174.570000
0,1,1,-996.934587,-158.272367,0.000000,NULL,NULL,NULL,NULL,NULL,-3.950524,-0.627181,174.570000
0,1,1,-624.805690,-601.843850,0.000000,NULL,NULL,NULL,NULL,NULL,-2.880868,-2.774995,174.570000
0,1,1,-1039.392389,30.208913,0.000000,NULL,NULL,NULL,NULL,NULL,-3.998312,0.116207,174.570000
0,1,1,934.575009,-172.297226,0.000000,NULL,NULL,NULL,NULL,NULL,3.933709,-0.725214,174.570000
0,1,1,1012.923206,235.022754,0.000000,NULL,NULL,NULL,NULL,NULL,3.896491,0.904080,174.570000
0,1,1,821.819970,-353.396996,0.000000,NULL,NULL,NULL,NULL,NULL,3.674653,-1.580165,174.570000
0,1,1,882.038342,-267.262939,0.000000,NULL,NULL,NULL,NULL,NULL,3.828123,-1.159944,174.570000
0,1,1,-486.226327,1029.468200,0.000000,NULL,NULL,NULL,NULL,NULL,-1.708280,3.616874,174.570000
0,1,1,-709.566145,-544.787469,0.000000,NULL,NULL,NULL,NULL,NULL,-3.172726,-2.435941,174.570000
0,1,1,764.156597,-410.685848,0.000000,NULL,NULL,NULL,NULL,NULL,3.523390,-1.893600,174.570000
0,1,1,369.937938,1076.738937,0.000000,NULL,NULL,NULL,NULL,NULL,1.299719,3.782953,174.570000
0,1,1,-943.710773,-260.514841,0.000000,NULL,NULL,NULL,NULL,NULL,-3.855781,-1.064403,174.570000
0,1,1,830.352835,-332.853827,0.000000,NULL,NULL,NULL,NULL,NULL,3.712807,-1.488309,174.570000
0,1,1,597.294037,556.651832,0.000000,NULL,NULL,NULL,NULL,NULL,2.926231,2.727118,174.570000
0,1,1,991.726922,407.218600,0.000000,NULL,NULL,NULL,NULL,NULL,3.700208,1.519363,174.570000
0,1,1,600.386328,-30.208956,0.000000,NULL,NULL,NULL,NULL,NULL,3.994946,-0.201009,174.570000
0,1,1,-873.028343,-375.417494,0.000000,NULL,NULL,NULL,NULL,NULL,-3.674653,-1.580165,174.570000
0,1,1,-448.051794,1046.647221,0.000000,NULL,NULL,NULL,NULL,NULL,-1.574159,3.677230,174.570000
0,1,1,289.824221,1101.009871,0.000000,NULL,NULL,NULL,NULL,NULL,1.018252,3.868225,174.570000
0,1,1,667.856072,-512.763499,0.000000,NULL,NULL,NULL,NULL,NULL,3.172726,-2.435941,174.570000
0,1,1,269.533862,1106.152030,0.000000,NULL,NULL,NULL,NULL,NULL,0.946965,3.886291,174.570000
0,1,1,896.244527,645.193588,0.000000,NULL,NULL,NULL,NULL,NULL,3.246313,2.336974,174.570000
0,1,1,-800.725443,-456.354994,0.000000,NULL,NULL,NULL,NULL,NULL,-3.475218,-1.980621,174.570000
0,1,1,1005.222907,91.954447,0.000000,NULL,NULL,NULL,NULL,NULL,3.983368,0.364385,174.570000
0,1,1,977.993481,-44.573061,0.000000,NULL,NULL,NULL,NULL,NULL,3.995852,-0.182115,174.570000
0,1,1,-639.576901,-586.122477,0.000000,NULL,NULL,NULL,NULL,NULL,-2.948976,-2.702507,174.570000
0,1,1,941.227841,577.597757,0.000000,NULL,NULL,NULL,NULL,NULL,3.409249,2.092134,174.570000
0,1,1,-528.880537,-622.018333,0.000000,NULL,NULL,NULL,NULL,NULL,-2.591063,-3.047358,174.570000
0,1,1,330.104220,1089.610949,0.000000,NULL,NULL,NULL,NULL,NULL,1.159769,3.828177,174.570000
0,1,1,-537.398914,-648.197922,0.000000,NULL,NULL,NULL,NULL,NULL,-2.552975,-3.079338,174.570000
0,1,1,704.215418,-461.561246,0.000000,NULL,NULL,NULL,NULL,NULL,3.345455,-2.192699,174.570000
0,1,1,-467.218023,1038.233179,0.000000,NULL,NULL,NULL,NULL,NULL,-1.641497,3.647669,174.570000
0,1,1,168.054241,-798.986358,0.000000,NULL,NULL,NULL,NULL,NULL,0.823322,-3.914351,174.570000
0,1,1,108.037440,-809.289404,0.000000,NULL,NULL,NULL,NULL,NULL,0.529291,-3.964827,174.570000
0,1,1,-1015.714149,433.421025,0.000000,NULL,NULL,NULL,NULL,NULL,-3.679048,1.569907,174.570000
0,1,1,981.295145,431.751219,0.000000,NULL,NULL,NULL,NULL,NULL,3.661286,1.610896,174.570000
0,1,1,-1003.570123,-108.515996,0.000000,NULL,NULL,NULL,NULL,NULL,-3.976819,-0.430013,174.570000
0,1,1,774.131731,-391.558722,0.000000,NULL,NULL,NULL,NULL,NULL,3.569384,-1.805408,174.570000
0,1,1,-722.892489,-526.976233,0.000000,NULL,NULL,NULL,NULL,NULL,-3.232313,-2.356301,174.570000
0,1,1,-882.092898,-353.594261,0.000000,NULL,NULL,NULL,NULL,NULL,-3.712807,-1.488309,174.570000
0,1,1,-504.510537,-674.112199,0.000000,NULL,NULL,NULL,NULL,NULL,-2.396735,-3.202446,174.570000
0,1,1,-859.313187,693.620837,0.000000,NULL,NULL,NULL,NULL,NULL,-3.112543,2.512384,174.570000
0,1,1,310.016616,1095.495556,0.000000,NULL,NULL,NULL,NULL,NULL,1.089195,3.848851,174.570000
0,1,1,888.410934,-245.249116,0.000000,NULL,NULL,NULL,NULL,NULL,3.855781,-1.064403,174.570000
0,1,1,218.652559,-559.970876,0.000000,NULL,NULL,NULL,NULL,NULL,1.454905,-3.726023,174.570000
0,1,1,-1038.319927,56.043254,0.000000,NULL,NULL,NULL,NULL,NULL,-3.994186,0.215586,174.570000
0,1,1,-1052.644299,203.197579,0.000000,NULL,NULL,NULL,NULL,NULL,-3.927495,0.758145,174.570000
0,1,1,-350.080245,1083.358038,0.000000,NULL,NULL,NULL,NULL,NULL,-1.229952,3.806208,174.570000
0,1,1,680.399060,-495.999252,0.000000,NULL,NULL,NULL,NULL,NULL,3.232313,-2.356301,174.570000
0,1,1,938.570110,-149.006480,0.000000,NULL,NULL,NULL,NULL,NULL,3.950524,-0.627181,174.570000
0,1,1,838.372271,-312.104846,0.000000,NULL,NULL,NULL,NULL,NULL,3.748665,-1.395533,174.570000
0,1,1,1006.766391,260.135639,0.000000,NULL,NULL,NULL,NULL,NULL,3.872807,1.000684,174.570000
0,1,1,-715.921197,392.528048,0.000000,NULL,NULL,NULL,NULL,NULL,-3.507402,1.923052,174.570000
0,1,1,1002.625754,116.920101,0.000000,NULL,NULL,NULL,NULL,NULL,3.973077,0.463316,174.570000
0,1,1,-487.717231,-351.437372,0.000000,NULL,NULL,NULL,NULL,NULL,-3.245251,-2.338450,174.570000
0,1,1,208.143734,1119.328818,0.000000,NULL,NULL,NULL,NULL,NULL,0.731280,3.932586,174.570000
0,1,1,-949.896511,-236.969668,0.000000,NULL,NULL,NULL,NULL,NULL,-3.881054,-0.968203,174.570000
0,1,1,-846.416173,709.301544,0.000000,NULL,NULL,NULL,NULL,NULL,-3.065829,2.569182,174.570000
0,1,1,692.521341,-478.928316,0.000000,NULL,NULL,NULL,NULL,NULL,3.289901,-2.275203,174.570000
0,1,1,-409.271521,1062.411238,0.000000,NULL,NULL,NULL,NULL,NULL,-1.437911,3.732615,174.570000
0,1,1,-653.952646,-570.038689,0.000000,NULL,NULL,NULL,NULL,NULL,-3.015260,-2.628347,174.570000
0,1,1,-1005.958022,-83.529460,0.000000,NULL,NULL,NULL,NULL,NULL,-3.986281,-0.331000,174.570000
0,1,1,-218.652559,-559.970876,0.000000,NULL,NULL,NULL,NULL,NULL,-1.454905,-3.726023,174.570000
0,1,1,-521.115835,-661.359528,0.000000,NULL,NULL,NULL,NULL,NULL,-2.475620,-3.141863,174.570000
0,1,1,-811.824800,-436.304493,0.000000,NULL,NULL,NULL,NULL,NULL,-3.523390,-1.893600,174.570000
0,1,1,-1041.241173,255.276507,0.000000,NULL,NULL,NULL,NULL,NULL,-3.884949,0.952456,174.570000
0,1,1,-1047.266512,229.307936,0.000000,NULL,NULL,NULL,NULL,NULL,-3.907430,0.855565,174.570000
0,1,1,809.734877,104.646348,0.000000,NULL,NULL,NULL,NULL,NULL,3.967009,0.512678,174.570000
0,1,1,187.530397,1122.966236,0.000000,NULL,NULL,NULL,NULL,NULL,0.658859,3.945365,174.570000
0,1,1,783.628201,-372.189485,0.000000,NULL,NULL,NULL,NULL,NULL,3.613171,-1.716100,174.570000
0,1,1,-289.824221,1101.009871,0.000000,NULL,NULL,NULL,NULL,NULL,-1.018252,3.868225,174.570000
0,1,1,-735.771850,-508.839154,0.000000,NULL,NULL,NULL,NULL,NULL,-3.289901,-2.275203,174.570000
0,1,1,-389.670586,1069.755883,0.000000,NULL,NULL,NULL,NULL,NULL,-1.369046,3.758419,174.570000
0,1,1,978.799396,-20.242237,0.000000,NULL,NULL,NULL,NULL,NULL,3.999145,-0.082705,174.570000
0,1,1,-108.037440,-809.289404,0.000000,NULL,NULL,NULL,NULL,NULL,-0.529291,-3.964827,174.570000
0,1,1,249.152397,1110.920294,0.000000,NULL,NULL,NULL,NULL,NULL,0.875358,3.903044,174.570000
0,1,1,499.305708,-334.768776,0.000000,NULL,NULL,NULL,NULL,NULL,3.322360,-2.227538,174.570000
0,1,1,-890.612033,-331.552392,0.000000,NULL,NULL,NULL,NULL,NULL,-3.748665,-1.395533,174.570000
0,1,1,464.497991,-671.463361,0.000000,NULL,NULL,NULL,NULL,NULL,2.275643,-3.289597,174.570000
0,1,1,970.256608,456.016875,0.000000,NULL,NULL,NULL,NULL,NULL,3.620100,1.701433,174.570000
0,1,1,-269.533862,1106.152030,0.000000,NULL,NULL,NULL,NULL,NULL,-0.946965,3.886291,174.570000
0,1,1,-369.937938,1076.738937,0.000000,NULL,NULL,NULL,NULL,NULL,-1.299719,3.782953,174.570000
0,1,1,845.873321,-291.162883,0.000000,NULL,NULL,NULL,NULL,NULL,3.782205,-1.301894,174.570000
0,1,1,894.234198,-223.083650,0.000000,NULL,NULL,NULL,NULL,NULL,3.881054,-0.968203,174.570000
0,1,1,228.686715,1115.313051,0.000000,NULL,NULL,NULL,NULL,NULL,0.803455,3.918477,174.570000
0,1,1,-667.924035,-553.602433,0.000000,NULL,NULL,NULL,NULL,NULL,-3.079679,-2.552563,174.570000
0,1,1,754.012203,-313.188483,0.000000,NULL,NULL,NULL,NULL,NULL,3.694016,-1.534356,174.570000
0,1,1,-822.422185,-415.984214,0.000000,NULL,NULL,NULL,NULL,NULL,-3.569384,-1.805408,174.570000
0,1,1,-748.196265,-490.387447,0.000000,NULL,NULL,NULL,NULL,NULL,-3.345455,-2.192699,174.570000
0,1,1,-1036.605445,81.842942,0.000000,NULL,NULL,NULL,NULL,NULL,-3.987591,0.314832,174.570000
0,1,1,-208.143734,1119.328818,0.000000,NULL,NULL,NULL,NULL,NULL,-0.731280,3.932586,174.570000
0,1,1,-553.349706,-634.635519,0.000000,NULL,NULL,NULL,NULL,NULL,-2.628751,-3.014908,174.570000
0,1,1,-955.494905,-213.277970,0.000000,NULL,NULL,NULL,NULL,NULL,-3.903928,-0.871404,174.570000
0,1,1,-330.104220,1089.610949,0.000000,NULL,NULL,NULL,NULL,NULL,-1.159769,3.828177,174.570000
0,1,1,999.987067,285.087675,0.000000,NULL,NULL,NULL,NULL,NULL,3.846728,1.096669,174.570000
0,1,1,406.435719,1026.810121,0.000000,NULL,NULL,NULL,NULL,NULL,1.472163,3.719239,174.570000
0,1,1,999.408653,141.813461,0.000000,NULL,NULL,NULL,NULL,NULL,3.960328,0.561960,174.570000
0,1,1,979.000095,4.101105,0.000000,NULL,NULL,NULL,NULL,NULL,3.999965,0.016756,174.570000
0,1,1,27.138412,-816.017730,0.000000,NULL,NULL,NULL,NULL,NULL,0.132955,-3.997790,174.570000
0,1,1,792.190049,-197.626805,0.000000,NULL,NULL,NULL,NULL,NULL,3.881054,-0.968203,174.570000
0,1,1,792.640133,-352.590115,0.000000,NULL,NULL,NULL,NULL,NULL,3.654723,-1.625730,174.570000
0,1,1,715.474061,-443.908782,0.000000,NULL,NULL,NULL,NULL,NULL,3.398941,-2.108839,174.570000
0,1,1,-1007.723913,-58.491274,0.000000,NULL,NULL,NULL,NULL,NULL,-3.993279,-0.231782,174.570000
0,1,1,-310.016616,1095.495556,0.000000,NULL,NULL,NULL,NULL,NULL,-1.089195,3.848851,174.570000
0,1,1,-1034.572009,281.087235,0.000000,NULL,NULL,NULL,NULL,NULL,-3.860066,1.048758,174.570000
0,1,1,-599.110795,-591.628595,0.000000,NULL,NULL,NULL,NULL,NULL,-2.846144,-2.810599,174.570000
0,1,1,-187.530397,1122.966236,0.000000,NULL,NULL,NULL,NULL,NULL,-0.658859,3.945365,174.570000
0,1,1,-27.138412,-816.017730,0.000000,NULL,NULL,NULL,NULL,NULL,-0.132955,-3.997790,174.570000
0,1,1,166.853672,1126.224075,0.000000,NULL,NULL,NULL,NULL,NULL,0.586214,3.956811,174.570000
0,1,1,-1034.250005,107.592024,0.000000,NULL,NULL,NULL,NULL,NULL,-3.978530,0.413883,174.570000
0,1,1,447.658973,-682.805149,0.000000,NULL,NULL,NULL,NULL,NULL,2.193147,-3.345162,174.570000
0,1,1,246.565483,-778.348824,0.000000,NULL,NULL,NULL,NULL,NULL,1.207960,-3.813244,174.570000
0,1,1,-681.482431,-536.823870,0.000000,NULL,NULL,NULL,NULL,NULL,-3.142195,-2.475200,174.570000
0,1,1,146.120549,1129.101236,0.000000,NULL,NULL,NULL,NULL,NULL,0.513372,3.966919,174.570000
0,1,1,736.657473,-407.791499,0.000000,NULL,NULL,NULL,NULL,NULL,3.499575,-1.937260,174.570000
0,1,1,-960.502492,-189.454398,0.000000,NULL,NULL,NULL,NULL,NULL,-3.924388,-0.774066,174.570000
0,1,1,665.699562,-472.721400,0.000000,NULL,NULL,NULL,NULL,NULL,3.261359,-2.315931,174.570000
0,1,1,852.851347,-270.040886,0.000000,NULL,NULL,NULL,NULL,NULL,3.813406,-1.207450,174.570000
0,1,1,-760.158052,-471.632522,0.000000,NULL,NULL,NULL,NULL,NULL,-3.398941,-2.108839,174.570000
0,1,1,-898.580481,-309.305515,0.000000,NULL,NULL,NULL,NULL,NULL,-3.782205,-1.301894,174.570000
0,1,1,125.338035,1131.596745,0.000000,NULL,NULL,NULL,NULL,NULL,0.440355,3.975687,174.570000
0,1,1,899.504535,-200.780245,0.000000,NULL,NULL,NULL,NULL,NULL,3.903928,-0.871404,174.570000
0,1,1,-832.511045,-395.406721,0.000000,NULL,NULL,NULL,NULL,NULL,-3.613171,-1.716100,174.570000
0,1,1,958.618137,480.000565,0.000000,NULL,NULL,NULL,NULL,NULL,3.576676,1.790918,174.570000
0,1,1,-249.152397,1110.920294,0.000000,NULL,NULL,NULL,NULL,NULL,-0.875358,3.903044,174.570000
0,1,1,104.513154,1133.709759,0.000000,NULL,NULL,NULL,NULL,NULL,0.367191,3.983111,174.570000
0,1,1,-168.054241,-798.986358,0.000000,NULL,NULL,NULL,NULL,NULL,-0.823322,-3.914351,174.570000
0,1,1,726.290309,-425.981838,0.000000,NULL,NULL,NULL,NULL,NULL,3.450325,-2.023675,174.570000
0,1,1,41.035046,-599.743653,0.000000,NULL,NULL,NULL,NULL,NULL,0.273046,-3.990670,174.570000
0,1,1,941.984869,-125.623599,0.000000,NULL,NULL,NULL,NULL,NULL,3.964897,-0.528761,174.570000
0,1,1,-228.686715,1115.313051,0.000000,NULL,NULL,NULL,NULL,NULL,-0.803455,3.918477,174.570000
0,1,1,-568.958348,-620.680705,0.000000,NULL,NULL,NULL,NULL,NULL,-2.702901,-2.948614,174.570000
0,1,1,83.652947,1135.439563,0.000000,NULL,NULL,NULL,NULL,NULL,0.293901,3.989188,174.570000
0,1,1,944.817175,-102.163043,0.000000,NULL,NULL,NULL,NULL,NULL,3.976819,-0.430013,174.570000
0,1,1,801.161957,-332.772729,0.000000,NULL,NULL,NULL,NULL,NULL,3.694016,-1.534356,174.570000
0,1,1,62.764464,1136.785573,0.000000,NULL,NULL,NULL,NULL,NULL,0.220513,3.993917,174.570000
0,1,1,41.854766,1137.747333,0.000000,NULL,NULL,NULL,NULL,NULL,0.147050,3.997296,174.570000
0,1,1,-166.853672,1126.224075,0.000000,NULL,NULL,NULL,NULL,NULL,-0.586214,3.956811,174.570000
0,1,1,20.930921,1138.324520,0.000000,NULL,NULL,NULL,NULL,NULL,0.073537,3.999324,174.570000
0,1,1,0.000000,1138.516937,0.000000,NULL,NULL,NULL,NULL,NULL,0.000000,4.000000,174.570000
0,1,1,-146.120549,1129.101236,0.000000,NULL,NULL,NULL,NULL,NULL,-0.513372,3.966919,174.570000
0,1,1,-694.619448,-519.713375,0.000000,NULL,NULL,NULL,NULL,NULL,-3.202767,-2.396306,174.570000
0,1,1,978.595454,28.441910,0.000000,NULL,NULL,NULL,NULL,NULL,3.998312,0.116207,174.570000
0,1,1,-20.930921,1138.324520,0.000000,NULL,NULL,NULL,NULL,NULL,-0.073537,3.999324,174.570000
0,1,1,-981.122939,506.879470,0.000000,NULL,NULL,NULL,NULL,NULL,-3.553754,1.835983,174.570000
0,1,1,809.188402,-312.749581,0.000000,NULL,NULL,NULL,NULL,NULL,3.731024,-1.442033,174.570000
0,1,1,-125.338035,1131.596745,0.000000,NULL,NULL,NULL,NULL,NULL,-0.440355,3.975687,174.570000
0,1,1,-41.854766,1137.747333,0.000000,NULL,NULL,NULL,NULL,NULL,-0.147050,3.997296,174.570000
0,1,1,-104.513154,1133.709759,0.000000,NULL,NULL,NULL,NULL,NULL,-0.367191,3.983111,174.570000
0,1,1,-62.764464,1136.785573,0.000000,NULL,NULL,NULL,NULL,NULL,-0.220513,3.993917,174.570000
0,1,1,322.639288,-750.016879,0.000000,NULL,NULL,NULL,NULL,NULL,1.580657,-3.674442,174.570000
0,1,1,904.218686,-178.352693,0.000000,NULL,NULL,NULL,NULL,NULL,3.924388,-0.774066,174.570000
0,1,1,-83.652947,1135.439563,0.000000,NULL,NULL,NULL,NULL,NULL,-0.293901,3.989188,174.570000
0,1,1,-1008.866702,-33.416922,0.000000,NULL,NULL,NULL,NULL,NULL,-3.997808,-0.132420,174.570000
0,1,1,-1027.263144,306.724158,0.000000,NULL,NULL,NULL,NULL,NULL,-3.832796,1.144411,174.570000
0,1,1,-584.215189,-606.342108,0.000000,NULL,NULL,NULL,NULL,NULL,-2.775381,-2.880497,174.570000
0,1,1,746.569143,-389.349012,0.000000,NULL,NULL,NULL,NULL,NULL,3.546661,-1.849647,174.570000
0,1,1,-1031.255062,133.274580,0.000000,NULL,NULL,NULL,NULL,NULL,-3.967009,0.512678,174.570000
0,1,1,-771.649815,-452.585974,0.000000,NULL,NULL,NULL,NULL,NULL,-3.450325,-2.023675,174.570000
0,1,1,859.302033,-248.751917,0.000000,NULL,NULL,NULL,NULL,NULL,3.842249,-1.112259,174.570000
0,1,1,947.065278,-78.639316,0.000000,NULL,NULL,NULL,NULL,NULL,3.986281,-0.331000,174.570000
0,1,1,803.531382,144.771359,0.000000,NULL,NULL,NULL,NULL,NULL,3.936617,0.709256,174.570000
0,1,1,992.589426,309.863435,0.000000,NULL,NULL,NULL,NULL,NULL,3.818271,1.191976,174.570000
0,1,1,-964.916176,-165.513681,0.000000,NULL,NULL,NULL,NULL,NULL,-3.942421,-0.676250,174.570000
0,1,1,-842.085144,-374.584739,0.000000,NULL,NULL,NULL,NULL,NULL,-3.654723,-1.625730,174.570000
0,1,1,-905.993314,-286.867387,0.000000,NULL,NULL,NULL,NULL,NULL,-3.813406,-1.207450,174.570000
0,1,1,984.578042,334.447598,0.000000,NULL,NULL,NULL,NULL,NULL,3.787453,1.286546,174.570000
0,1,1,395.523625,-714.270600,0.000000,NULL,NULL,NULL,NULL,NULL,1.937728,-3.499316,174.570000
0,1,1,-1019.319096,332.171427,0.000000,NULL,NULL,NULL,NULL,NULL,-3.803156,1.239357,174.570000
0,1,1,946.386929,503.687459,0.000000,NULL,NULL,NULL,NULL,NULL,3.531041,1.879296,174.570000
0,1,1,-707.326965,-502.281529,0.000000,NULL,NULL,NULL,NULL,NULL,-3.261359,-2.315931,174.570000
0,1,1,816.714505,-292.533053,0.000000,NULL,NULL,NULL,NULL,NULL,3.765726,-1.348818,174.570000
0,1,1,995.573592,166.619133,0.000000,NULL,NULL,NULL,NULL,NULL,3.945131,0.660257,174.570000
0,1,1,-912.845948,-264.251882,0.000000,NULL,NULL,NULL,NULL,NULL,-3.842249,-1.112259,174.570000
0,1,1,-782.664446,-433.259581,0.000000,NULL,NULL,NULL,NULL,NULL,-3.499575,-1.937260,174.570000
0,1,1,908.373736,-155.814862,0.000000,NULL,NULL,NULL,NULL,NULL,3.942421,-0.676250,174.570000
0,1,1,-613.635955,-576.549264,0.000000,NULL,NULL,NULL,NULL,NULL,-2.915147,-2.738963,174.570000
0,1,1,977.585724,52.765129,0.000000,NULL,NULL,NULL,NULL,NULL,3.994186,0.215586,174.570000
0,1,1,933.570546,527.062910,0.000000,NULL,NULL,NULL,NULL,NULL,3.483222,1.966511,174.570000
0,1,1,-1009.385684,-8.321908,0.000000,NULL,NULL,NULL,NULL,NULL,-3.999864,-0.032977,174.570000
0,1,1,991.122944,191.321781,0.000000,NULL,NULL,NULL,NULL,NULL,3.927495,0.758145,174.570000
0,1,1,806.026447,754.884352,0.000000,NULL,NULL,NULL,NULL,NULL,2.919532,2.734289,174.570000
0,1,1,865.221391,-227.309137,0.000000,NULL,NULL,NULL,NULL,NULL,3.868717,-1.016381,174.570000
0,1,1,-1027.622468,158.874729,0.000000,NULL,NULL,NULL,NULL,NULL,-3.953035,0.611156,174.570000
0,1,1,-851.138560,-353.531141,0.000000,NULL,NULL,NULL,NULL,NULL,-3.694016,-1.534356,174.570000
0,1,1,-406.435719,1026.810121,0.000000,NULL,NULL,NULL,NULL,NULL,-1.472163,3.719239,174.570000
0,1,1,948.727786,-55.066965,0.000000,NULL,NULL,NULL,NULL,NULL,3.993279,-0.231782,174.570000
0,1,1,-968.733229,-141.470622,0.000000,NULL,NULL,NULL,NULL,NULL,-3.958017,-0.578016,174.570000
0,1,1,-719.597125,-484.539109,0.000000,NULL,NULL,NULL,NULL,NULL,-3.317935,-2.234124,174.570000
0,1,1,-1010.744777,357.413306,0.000000,NULL,NULL,NULL,NULL,NULL,-3.771165,1.333536,174.570000
0,1,1,975.957869,358.824964,0.000000,NULL,NULL,NULL,NULL,NULL,3.754293,1.380320,174.570000
0,1,1,756.019191,-370.665781,0.000000,NULL,NULL,NULL,NULL,NULL,3.591555,-1.760890,174.570000
0,1,1,-654.900132,-529.210692,0.000000,NULL,NULL,NULL,NULL,NULL,-3.111177,-2.514075,174.570000
0,1,1,823.735614,-272.135644,0.000000,NULL,NULL,NULL,NULL,NULL,3.798099,-1.254769,174.570000
0,1,1,-597.294037,556.651832,0.000000,NULL,NULL,NULL,NULL,NULL,-2.926231,2.727118,174.570000
0,1,1,-1009.280538,16.778252,0.000000,NULL,NULL,NULL,NULL,NULL,-3.999447,0.066487,174.570000
0,1,1,773.511337,-332.623437,0.000000,NULL,NULL,NULL,NULL,NULL,3.674653,-1.580165,174.570000
0,1,1,986.059459,215.906130,0.000000,NULL,NULL,NULL,NULL,NULL,3.907430,0.855565,174.570000
0,1,1,-627.781689,-561.113437,0.000000,NULL,NULL,NULL,NULL,NULL,-2.982348,-2.665633,174.570000
0,1,1,-731.422339,-466.497087,0.000000,NULL,NULL,NULL,NULL,NULL,-3.372459,-2.150935,174.570000
0,1,1,-793.195137,-413.665293,0.000000,NULL,NULL,NULL,NULL,NULL,-3.546661,-1.849647,174.570000
0,1,1,-859.665696,-332.258947,0.000000,NULL,NULL,NULL,NULL,NULL,-3.731024,-1.442033,174.570000
0,1,1,-919.134147,-241.472983,0.000000,NULL,NULL,NULL,NULL,NULL,-3.868717,-1.016381,174.570000
0,1,1,870.605762,-205.725807,0.000000,NULL,NULL,NULL,NULL,NULL,3.892792,-0.919874,174.570000
0,1,1,-41.035046,-599.743653,0.000000,NULL,NULL,NULL,NULL,NULL,-0.273046,-3.990670,174.570000
0,1,1,911.967116,-133.180685,0.000000,NULL,NULL,NULL,NULL,NULL,3.958017,-0.578016,174.570000
0,1,1,920.176913,550.112465,0.000000,NULL,NULL,NULL,NULL,NULL,3.433249,2.052511,174.570000
0,1,1,-246.565483,-778.348824,0.000000,NULL,NULL,NULL,NULL,NULL,-1.207960,-3.813244,174.570000
0,1,1,765.001774,-351.753358,0.000000,NULL,NULL,NULL,NULL,NULL,3.634228,-1.671044,174.570000
0,1,1,975.971527,77.055722,0.000000,NULL,NULL,NULL,NULL,NULL,3.987591,0.314832,174.570000
0,1,1,-1023.354469,184.376641,0.000000,NULL,NULL,NULL,NULL,NULL,-3.936617,0.709256,174.570000
0,1,1,-641.539250,-545.330660,0.000000,NULL,NULL,NULL,NULL,NULL,-3.047705,-2.590655,174.570000
0,1,1,498.978353,985.164769,0.000000,NULL,NULL,NULL,NULL,NULL,1.807364,3.568394,174.570000
0,1,1,-971.951290,-117.340089,0.000000,NULL,NULL,NULL,NULL,NULL,-3.971165,-0.479424,174.570000
0,1,1,830.247386,-251.569966,0.000000,NULL,NULL,NULL,NULL,NULL,3.828123,-1.159944,174.570000
0,1,1,949.803672,-31.460564,0.000000,NULL,NULL,NULL,NULL,NULL,3.997808,-0.132420,174.570000
0,1,1,-600.386328,-30.208956,0.000000,NULL,NULL,NULL,NULL,NULL,-3.994946,-0.201009,174.570000
0,1,1,-1001.545490,382.434187,0.000000,NULL,NULL,NULL,NULL,NULL,-3.736841,1.426891,174.570000
0,1,1,-742.795297,-448.166618,0.000000,NULL,NULL,NULL,NULL,NULL,-3.424897,-2.066417,174.570000
0,1,1,966.734236,382.980459,0.000000,NULL,NULL,NULL,NULL,NULL,3.718812,1.473241,174.570000
0,1,1,-803.235376,-393.815225,0.000000,NULL,NULL,NULL,NULL,NULL,-3.591555,-1.760890,174.570000
0,1,1,-896.244527,645.193588,0.000000,NULL,NULL,NULL,NULL,NULL,-3.246313,2.336974,174.570000
0,1,1,-1008.551328,41.868038,0.000000,NULL,NULL,NULL,NULL,NULL,-3.996558,0.165909,174.570000
0,1,1,781.542618,-313.287847,0.000000,NULL,NULL,NULL,NULL,NULL,3.712807,-1.488309,174.570000
0,1,1,-1018.453705,209.764549,0.000000,NULL,NULL,NULL,NULL,NULL,-3.917765,0.806918,174.570000
0,1,1,973.753863,101.298670,0.000000,NULL,NULL,NULL,NULL,NULL,3.978530,0.413883,174.570000
0,1,1,980.386269,240.356979,0.000000,NULL,NULL,NULL,NULL,NULL,3.884949,0.952456,174.570000
0,1,1,-867.661279,-310.781308,0.000000,NULL,NULL,NULL,NULL,NULL,-3.765726,-1.348818,174.570000
0,1,1,-924.854023,-218.544775,0.000000,NULL,NULL,NULL,NULL,NULL,-3.892792,-0.919874,174.570000
0,1,1,875.451815,-184.015272,0.000000,NULL,NULL,NULL,NULL,NULL,3.914461,-0.822799,174.570000
0,1,1,-974.568368,-93.137002,0.000000,NULL,NULL,NULL,NULL,NULL,-3.981858,-0.380536,174.570000
0,1,1,914.996604,-110.464160,0.000000,NULL,NULL,NULL,NULL,NULL,3.971165,-0.479424,174.570000
0,1,1,906.214312,572.821872,0.000000,NULL,NULL,NULL,NULL,NULL,3.381154,2.137241,174.570000
0,1,1,956.912848,406.899148,0.000000,NULL,NULL,NULL,NULL,NULL,3.681031,1.565251,174.570000
0,1,1,-464.497991,-671.463361,0.000000,NULL,NULL,NULL,NULL,NULL,-2.275643,-3.289597,174.570000
0,1,1,879.756554,-162.190955,0.000000,NULL,NULL,NULL,NULL,NULL,3.933709,-0.725214,174.570000
0,1,1,-941.227841,577.597757,0.000000,NULL,NULL,NULL,NULL,NULL,-3.409249,2.092134,174.570000
0,1,1,120.562427,-783.156054,0.000000,NULL,NULL,NULL,NULL,NULL,0.608608,-3.953428,174.570000
0,1,1,146.937623,-778.638580,0.000000,NULL,NULL,NULL,NULL,NULL,0.741752,-3.930624,174.570000
0,1,1,836.245796,-230.848737,0.000000,NULL,NULL,NULL,NULL,NULL,3.855781,-1.064403,174.570000
0,1,1,-499.305708,-334.768776,0.000000,NULL,NULL,NULL,NULL,NULL,-3.322360,-2.227538,174.570000
0,1,1,94.049735,-786.780370,0.000000,NULL,NULL,NULL,NULL,NULL,0.474770,-3.971724,174.570000
0,1,1,67.429783,-789.507396,0.000000,NULL,NULL,NULL,NULL,NULL,0.340390,-3.985490,174.570000
0,1,1,173.145242,-773.233101,0.000000,NULL,NULL,NULL,NULL,NULL,0.874050,-3.903337,174.570000
0,1,1,-753.708965,-429.559036,0.000000,NULL,NULL,NULL,NULL,NULL,-3.475218,-1.980621,174.570000
0,1,1,-809.734877,104.646348,0.000000,NULL,NULL,NULL,NULL,NULL,-3.967009,0.512678,174.570000
0,1,1,40.732930,-791.334020,0.000000,NULL,NULL,NULL,NULL,NULL,0.205623,-3.994711,174.570000
0,1,1,199.155396,-766.945782,0.000000,NULL,NULL,NULL,NULL,NULL,1.005351,-3.871598,174.570000
0,1,1,-991.726922,407.218600,0.000000,NULL,NULL,NULL,NULL,NULL,-3.700208,1.519363,174.570000
0,1,1,13.989623,-792.258161,0.000000,NULL,NULL,NULL,NULL,NULL,0.070621,-3.999377,174.570000
0,1,1,950.292271,-7.834711,0.000000,NULL,NULL,NULL,NULL,NULL,3.999864,-0.032977,174.570000
0,1,1,513.251026,-634.976230,0.000000,NULL,NULL,NULL,NULL,NULL,2.514492,-3.110841,174.570000
0,1,1,-812.778954,-373.721651,0.000000,NULL,NULL,NULL,NULL,NULL,-3.634228,-1.671044,174.570000
0,1,1,224.938421,-759.783792,0.000000,NULL,NULL,NULL,NULL,NULL,1.135505,-3.835444,174.570000
0,1,1,-13.989623,-792.258161,0.000000,NULL,NULL,NULL,NULL,NULL,-0.070621,-3.999377,174.570000
0,1,1,-322.639288,-750.016879,0.000000,NULL,NULL,NULL,NULL,NULL,-1.580657,-3.674442,174.570000
0,1,1,-667.856072,-512.763499,0.000000,NULL,NULL,NULL,NULL,NULL,-3.172726,-2.435941,174.570000
0,1,1,250.464914,-751.755300,0.000000,NULL,NULL,NULL,NULL,NULL,1.264365,-3.794915,174.570000
0,1,1,917.460326,-87.679333,0.000000,NULL,NULL,NULL,NULL,NULL,3.981858,-0.380536,174.570000
0,1,1,-1007.198506,66.931935,0.000000,NULL,NULL,NULL,NULL,NULL,-3.991197,0.265229,174.570000
0,1,1,-875.120365,-289.111506,0.000000,NULL,NULL,NULL,NULL,NULL,-3.798099,-1.254769,174.570000
0,1,1,-1012.923206,235.022754,0.000000,NULL,NULL,NULL,NULL,NULL,-3.896491,0.904080,174.570000
0,1,1,-40.732930,-791.334020,0.000000,NULL,NULL,NULL,NULL,NULL,-0.205623,-3.994711,174.570000
0,1,1,789.090652,-293.758543,0.000000,NULL,NULL,NULL,NULL,NULL,3.748665,-1.395533,174.570000
0,1,1,-981.295145,431.751219,0.000000,NULL,NULL,NULL,NULL,NULL,-3.661286,1.610896,174.570000
0,1,1,970.934102,125.478982,0.000000,NULL,NULL,NULL,NULL,NULL,3.967009,0.512678,174.570000
0,1,1,974.106882,264.659209,0.000000,NULL,NULL,NULL,NULL,NULL,3.860066,1.048758,174.570000
0,1,1,-930.002038,-195.481436,0.000000,NULL,NULL,NULL,NULL,NULL,-3.914461,-0.822799,174.570000
0,1,1,275.705762,-742.869461,0.000000,NULL,NULL,NULL,NULL,NULL,1.391783,-3.750059,174.570000
0,1,1,-976.582847,-68.876326,0.000000,NULL,NULL,NULL,NULL,NULL,-3.990089,-0.281413,174.570000
0,1,1,-67.429783,-789.507396,0.000000,NULL,NULL,NULL,NULL,NULL,-0.340390,-3.985490,174.570000
0,1,1,841.727133,-209.984768,0.000000,NULL,NULL,NULL,NULL,NULL,3.881054,-0.968203,174.570000
0,1,1,891.691376,595.177088,0.000000,NULL,NULL,NULL,NULL,NULL,3.326967,2.220650,174.570000
0,1,1,-764.156597,-410.685848,0.000000,NULL,NULL,NULL,NULL,NULL,-3.523390,-1.893600,174.570000
0,1,1,802.718612,-254.167207,0.000000,NULL,NULL,NULL,NULL,NULL,3.813406,-1.207450,174.570000
0,1,1,-704.215418,-461.561246,0.000000,NULL,NULL,NULL,NULL,NULL,-3.345455,-2.192699,174.570000
0,1,1,883.517318,-140.266352,0.000000,NULL,NULL,NULL,NULL,NULL,3.950524,-0.627181,174.570000
0,1,1,950.193280,15.795987,0.000000,NULL,NULL,NULL,NULL,NULL,3.999447,0.066487,174.570000
0,1,1,946.499777,430.566241,0.000000,NULL,NULL,NULL,NULL,NULL,3.640974,1.656293,174.570000
0,1,1,300.632178,-733.136411,0.000000,NULL,NULL,NULL,NULL,NULL,1.517613,-3.700926,174.570000
0,1,1,-498.978353,985.164769,0.000000,NULL,NULL,NULL,NULL,NULL,-1.807364,3.568394,174.570000
0,1,1,-680.399060,-495.999252,0.000000,NULL,NULL,NULL,NULL,NULL,-3.232313,-2.356301,174.570000
0,1,1,-94.049735,-786.780370,0.000000,NULL,NULL,NULL,NULL,NULL,-0.474770,-3.971724,174.570000
0,1,1,-821.819970,-353.396996,0.000000,NULL,NULL,NULL,NULL,NULL,-3.674653,-1.580165,174.570000
0,1,1,796.150772,-274.047600,0.000000,NULL,NULL,NULL,NULL,NULL,3.782205,-1.301894,174.570000
0,1,1,-882.038342,-267.262939,0.000000,NULL,NULL,NULL,NULL,NULL,-3.828123,-1.159944,174.570000
0,1,1,-447.658973,-682.805149,0.000000,NULL,NULL,NULL,NULL,NULL,-2.193147,-3.345162,174.570000
0,1,1,325.215736,-722.567249,0.000000,NULL,NULL,NULL,NULL,NULL,1.641713,-3.647572,174.570000
0,1,1,-934.575009,-172.297226,0.000000,NULL,NULL,NULL,NULL,NULL,-3.933709,-0.725214,174.570000
0,1,1,-120.562427,-783.156054,0.000000,NULL,NULL,NULL,NULL,NULL,-0.608608,-3.953428,174.570000
0,1,1,-692.521341,-478.928316,0.000000,NULL,NULL,NULL,NULL,NULL,-3.289901,-2.275203,174.570000
0,1,1,-830.352835,-332.853827,0.000000,NULL,NULL,NULL,NULL,NULL,-3.712807,-1.488309,174.570000
0,1,1,876.617085,617.164292,0.000000,NULL,NULL,NULL,NULL,NULL,3.270724,2.302686,174.570000
0,1,1,-395.523625,-714.270600,0.000000,NULL,NULL,NULL,NULL,NULL,-1.937728,-3.499316,174.570000
0,1,1,919.356760,-64.840291,0.000000,NULL,NULL,NULL,NULL,NULL,3.990089,-0.281413,174.570000
0,1,1,-1005.222907,91.954447,0.000000,NULL,NULL,NULL,NULL,NULL,-3.983368,0.364385,174.570000
0,1,1,-1006.766391,260.135639,0.000000,NULL,NULL,NULL,NULL,NULL,-3.872807,1.000684,174.570000
0,1,1,-970.256608,456.016875,0.000000,NULL,NULL,NULL,NULL,NULL,-3.620100,1.701433,174.570000
0,1,1,349.428398,-711.174028,0.000000,NULL,NULL,NULL,NULL,NULL,1.763940,-3.590058,174.570000
0,1,1,-774.131731,-391.558722,0.000000,NULL,NULL,NULL,NULL,NULL,-3.569384,-1.805408,174.570000
0,1,1,846.688010,-188.990961,0.000000,NULL,NULL,NULL,NULL,NULL,3.903928,-0.871404,174.570000
0,1,1,-146.937623,-778.638580,0.000000,NULL,NULL,NULL,NULL,NULL,-0.741752,-3.930624,174.570000
0,1,1,967.513989,149.581707,0.000000,NULL,NULL,NULL,NULL,NULL,3.953035,0.611156,174.570000
0,1,1,967.225180,288.797793,0.000000,NULL,NULL,NULL,NULL,NULL,3.832796,1.144411,174.570000
0,1,1,-977.993481,-44.573061,0.000000,NULL,NULL,NULL,NULL,NULL,-3.995852,-0.182115,174.570000
0,1,1,886.731781,-118.255018,0.000000,NULL,NULL,NULL,NULL,NULL,3.964897,-0.528761,174.570000
0,1,1,851.125359,-167.880295,0.000000,NULL,NULL,NULL,NULL,NULL,3.924388,-0.774066,174.570000
0,1,1,373.242552,-698.969742,0.000000,NULL,NULL,NULL,NULL,NULL,1.884155,-3.528450,174.570000
0,1,1,935.501461,453.967105,0.000000,NULL,NULL,NULL,NULL,NULL,3.598666,1.746311,174.570000
0,1,1,949.506761,39.416918,0.000000,NULL,NULL,NULL,NULL,NULL,3.996558,0.165909,174.570000
0,1,1,-50.740700,1103.156562,0.000000,NULL,NULL,NULL,NULL,NULL,-0.183789,3.995775,174.570000
0,1,1,-173.145242,-773.233101,0.000000,NULL,NULL,NULL,NULL,NULL,-0.874050,-3.903337,174.570000
0,1,1,748.382381,812.067011,0.000000,NULL,NULL,NULL,NULL,NULL,2.710738,2.941412,174.570000
0,1,1,-1002.625754,116.920101,0.000000,NULL,NULL,NULL,NULL,NULL,-3.973077,0.463316,174.570000
0,1,1,-792.190049,-197.626805,0.000000,NULL,NULL,NULL,NULL,NULL,-3.881054,-0.968203,174.570000
0,1,1,-888.410934,-245.249116,0.000000,NULL,NULL,NULL,NULL,NULL,-3.855781,-1.064403,174.570000
0,1,1,-806.026447,754.884352,0.000000,NULL,NULL,NULL,NULL,NULL,-2.919532,2.734289,174.570000
0,1,1,-838.372271,-312.104846,0.000000,NULL,NULL,NULL,NULL,NULL,-3.748665,-1.395533,174.570000
0,1,1,-754.012203,-313.188483,0.000000,NULL,NULL,NULL,NULL,NULL,-3.694016,-1.534356,174.570000
0,1,1,-938.570110,-149.006480,0.000000,NULL,NULL,NULL,NULL,NULL,-3.950524,-0.627181,174.570000
0,1,1,959.745418,312.757807,0.000000,NULL,NULL,NULL,NULL,NULL,3.803156,1.239357,174.570000
0,1,1,396.631038,-685.968311,0.000000,NULL,NULL,NULL,NULL,NULL,2.002222,-3.462818,174.570000
0,1,1,458.856167,675.331360,0.000000,NULL,NULL,NULL,NULL,NULL,2.248003,3.308547,174.570000
0,1,1,861.000759,638.769887,0.000000,NULL,NULL,NULL,NULL,NULL,3.212458,2.383298,174.570000
0,1,1,-199.155396,-766.945782,0.000000,NULL,NULL,NULL,NULL,NULL,-1.005351,-3.871598,174.570000
0,1,1,-783.628201,-372.189485,0.000000,NULL,NULL,NULL,NULL,NULL,-3.613171,-1.716100,174.570000
0,1,1,50.740700,1103.156562,0.000000,NULL,NULL,NULL,NULL,NULL,0.183789,3.995775,174.570000
0,1,1,-958.618137,480.000565,0.000000,NULL,NULL,NULL,NULL,NULL,-3.576676,1.790918,174.570000
0,1,1,920.684733,-41.961156,0.000000,NULL,NULL,NULL,NULL,NULL,3.995852,-0.182115,174.570000
0,1,1,-999.987067,285.087675,0.000000,NULL,NULL,NULL,NULL,NULL,-3.846728,1.096669,174.570000
0,1,1,573.769308,-580.870218,0.000000,NULL,NULL,NULL,NULL,NULL,2.810979,-2.845768,174.570000
0,1,1,719.184672,-386.516282,0.000000,NULL,NULL,NULL,NULL,NULL,3.523390,-1.893600,174.570000
0,1,1,520.530414,300.706522,0.000000,NULL,NULL,NULL,NULL,NULL,3.463588,2.000889,174.570000
0,1,1,-665.699562,-472.721400,0.000000,NULL,NULL,NULL,NULL,NULL,-3.261359,-2.315931,174.570000
0,1,1,855.036435,-146.665825,0.000000,NULL,NULL,NULL,NULL,NULL,3.942421,-0.676250,174.570000
0,1,1,570.397476,189.797374,0.000000,NULL,NULL,NULL,NULL,NULL,3.795402,1.262904,174.570000
0,1,1,808.790110,-234.129657,0.000000,NULL,NULL,NULL,NULL,NULL,3.842249,-1.112259,174.570000
0,1,1,419.567183,-672.184560,0.000000,NULL,NULL,NULL,NULL,NULL,2.118006,-3.393236,174.570000
0,1,1,889.397955,-96.170565,0.000000,NULL,NULL,NULL,NULL,NULL,3.976819,-0.430013,174.570000
0,1,1,-715.474061,-443.908782,0.000000,NULL,NULL,NULL,NULL,NULL,-3.398941,-2.108839,174.570000
0,1,1,-978.799396,-20.242237,0.000000,NULL,NULL,NULL,NULL,NULL,-3.999145,-0.082705,174.570000
0,1,1,963.495638,173.591942,0.000000,NULL,NULL,NULL,NULL,NULL,3.936617,0.709256,174.570000
0,1,1,-224.938421,-759.783792,0.000000,NULL,NULL,NULL,NULL,NULL,-1.135505,-3.835444,174.570000
0,1,1,480.782385,994.171674,0.000000,NULL,NULL,NULL,NULL,NULL,1.741456,3.601018,174.570000
0,1,1,923.924702,477.087269,0.000000,NULL,NULL,NULL,NULL,NULL,3.554133,1.835249,174.570000
0,1,1,948.233138,63.013476,0.000000,NULL,NULL,NULL,NULL,NULL,3.991197,0.265229,174.570000
0,1,1,-999.408653,141.813461,0.000000,NULL,NULL,NULL,NULL,NULL,-3.960328,0.561960,174.570000
0,1,1,-894.234198,-223.083650,0.000000,NULL,NULL,NULL,NULL,NULL,-3.881054,-0.968203,174.570000
0,1,1,-736.657473,-407.791499,0.000000,NULL,NULL,NULL,NULL,NULL,-3.499575,-1.937260,174.570000
0,1,1,-845.873321,-291.162883,0.000000,NULL,NULL,NULL,NULL,NULL,-3.782205,-1.301894,174.570000
0,1,1,-792.640133,-352.590115,0.000000,NULL,NULL,NULL,NULL,NULL,-3.654723,-1.625730,174.570000
0,1,1,442.024828,-657.634211,0.000000,NULL,NULL,NULL,NULL,NULL,2.231373,-3.319785,174.570000
0,1,1,844.852055,659.980515,0.000000,NULL,NULL,NULL,NULL,NULL,3.152206,2.462437,174.570000
0,1,1,-250.464914,-751.755300,0.000000,NULL,NULL,NULL,NULL,NULL,-1.264365,-3.794915,174.570000
0,1,1,-946.386929,503.687459,0.000000,NULL,NULL,NULL,NULL,NULL,-3.531041,1.879296,174.570000
0,1,1,951.672222,336.524435,0.000000,NULL,NULL,NULL,NULL,NULL,3.771165,1.333536,174.570000
0,1,1,278.534467,767.489400,0.000000,NULL,NULL,NULL,NULL,NULL,1.364581,3.760042,174.570000
0,1,1,-979.000095,4.101105,0.000000,NULL,NULL,NULL,NULL,NULL,-3.999965,0.016756,174.570000
0,1,1,-726.290309,-425.981838,0.000000,NULL,NULL,NULL,NULL,NULL,-3.450325,-2.023675,174.570000
0,1,1,958.881533,197.494841,0.000000,NULL,NULL,NULL,NULL,NULL,3.917765,0.806918,174.570000
0,1,1,911.776656,499.912438,0.000000,NULL,NULL,NULL,NULL,NULL,3.507402,1.923052,174.570000
0,1,1,921.443423,-19.056076,0.000000,NULL,NULL,NULL,NULL,NULL,3.999145,-0.082705,174.570000
0,1,1,858.418821,-125.360668,0.000000,NULL,NULL,NULL,NULL,NULL,3.958017,-0.578016,174.570000
0,1,1,814.361514,-213.947338,0.000000,NULL,NULL,NULL,NULL,NULL,3.868717,-1.016381,174.570000
0,1,1,-803.531382,144.771359,0.000000,NULL,NULL,NULL,NULL,NULL,-3.936617,0.709256,174.570000
0,1,1,463.978362,-642.333856,0.000000,NULL,NULL,NULL,NULL,NULL,2.342196,-3.242548,174.570000
0,1,1,891.514193,-74.026646,0.000000,NULL,NULL,NULL,NULL,NULL,3.986281,-0.331000,174.570000
0,1,1,-933.570546,527.062910,0.000000,NULL,NULL,NULL,NULL,NULL,-3.483222,1.966511,174.570000
0,1,1,828.180958,680.783061,0.000000,NULL,NULL,NULL,NULL,NULL,3.090005,2.540053,174.570000
0,1,1,-458.856167,675.331360,0.000000,NULL,NULL,NULL,NULL,NULL,-2.248003,3.308547,174.570000
0,1,1,686.692607,864.859689,0.000000,NULL,NULL,NULL,NULL,NULL,2.487289,3.132633,174.570000
0,1,1,-275.705762,-742.869461,0.000000,NULL,NULL,NULL,NULL,NULL,-1.391783,-3.750059,174.570000
0,1,1,-984.578042,334.447598,0.000000,NULL,NULL,NULL,NULL,NULL,-3.787453,1.286546,174.570000
0,1,1,-899.504535,-200.780245,0.000000,NULL,NULL,NULL,NULL,NULL,-3.903928,-0.871404,174.570000
0,1,1,-801.161957,-332.772729,0.000000,NULL,NULL,NULL,NULL,NULL,-3.694016,-1.534356,174.570000
0,1,1,-852.851347,-270.040886,0.000000,NULL,NULL,NULL,NULL,NULL,-3.813406,-1.207450,174.570000
0,1,1,129.702716,-757.267173,0.000000,NULL,NULL,NULL,NULL,NULL,0.675276,-3.942588,174.570000
0,1,1,78.296554,-764.294456,0.000000,NULL,NULL,NULL,NULL,NULL,0.407638,-3.979175,174.570000
0,1,1,52.444842,-766.502384,0.000000,NULL,NULL,NULL,NULL,NULL,0.273046,-3.990670,174.570000
0,1,1,-746.569143,-389.349012,0.000000,NULL,NULL,NULL,NULL,NULL,-3.546661,-1.849647,174.570000
0,1,1,104.058973,-761.214882,0.000000,NULL,NULL,NULL,NULL,NULL,0.541766,-3.963141,174.570000
0,1,1,-992.589426,309.863435,0.000000,NULL,NULL,NULL,NULL,NULL,-3.818271,1.191976,174.570000
0,1,1,819.429377,-193.632730,0.000000,NULL,NULL,NULL,NULL,NULL,3.892792,-0.919874,174.570000
0,1,1,155.198539,-752.455832,0.000000,NULL,NULL,NULL,NULL,NULL,0.808016,-3.917539,174.570000
0,1,1,823.990567,-173.198394,0.000000,NULL,NULL,NULL,NULL,NULL,3.914461,-0.822799,174.570000
0,1,1,946.373199,86.571071,0.000000,NULL,NULL,NULL,NULL,NULL,3.983368,0.364385,174.570000
0,1,1,26.533318,-767.836147,0.000000,NULL,NULL,NULL,NULL,NULL,0.138141,-3.997614,174.570000
0,1,1,180.517365,-746.786347,0.000000,NULL,NULL,NULL,NULL,NULL,0.939834,-3.888022,174.570000
0,1,1,921.632362,3.860787,0.000000,NULL,NULL,NULL,NULL,NULL,3.999965,0.016756,174.570000
0,1,1,-809.188402,-312.749581,0.000000,NULL,NULL,NULL,NULL,NULL,-3.731024,-1.442033,174.570000
0,1,1,485.402748,-626.300947,0.000000,NULL,NULL,NULL,NULL,NULL,2.450348,-3.161613,174.570000
0,1,1,-944.817175,-102.163043,0.000000,NULL,NULL,NULL,NULL,NULL,-3.976819,-0.430013,174.570000
0,1,1,205.630317,-740.265182,0.000000,NULL,NULL,NULL,NULL,NULL,1.070581,-3.854070,174.570000
0,1,1,628.615561,-521.021981,0.000000,NULL,NULL,NULL,NULL,NULL,3.079679,-2.552563,174.570000
0,1,1,-941.984869,-125.623599,0.000000,NULL,NULL,NULL,NULL,NULL,-3.964897,-0.528761,174.570000
0,1,1,-300.632178,-733.136411,0.000000,NULL,NULL,NULL,NULL,NULL,-1.517613,-3.700926,174.570000
0,1,1,943.010583,360.082981,0.000000,NULL,NULL,NULL,NULL,NULL,3.736841,1.426891,174.570000
0,1,1,-978.595454,28.441910,0.000000,NULL,NULL,NULL,NULL,NULL,-3.998312,0.116207,174.570000
0,1,1,-26.533318,-767.836147,0.000000,NULL,NULL,NULL,NULL,NULL,-0.138141,-3.997614,174.570000
0,1,1,861.270426,-103.977997,0.000000,NULL,NULL,NULL,NULL,NULL,3.971165,-0.479424,174.570000
0,1,1,360.178630,-481.297911,0.000000,NULL,NULL,NULL,NULL,NULL,2.396614,-3.202537,174.570000
0,1,1,-0.591534,-768.294225,0.000000,NULL,NULL,NULL,NULL,NULL,-0.003080,-3.999999,174.570000
0,1,1,230.508757,-732.899774,0.000000,NULL,NULL,NULL,NULL,NULL,1.200106,-3.815723,174.570000
0,1,1,899.064836,522.428499,0.000000,NULL,NULL,NULL,NULL,NULL,3.458503,2.009666,174.570000
0,1,1,953.674527,221.275624,0.000000,NULL,NULL,NULL,NULL,NULL,3.896491,0.904080,174.570000
0,1,1,-904.218686,-178.352693,0.000000,NULL,NULL,NULL,NULL,NULL,-3.924388,-0.774066,174.570000
0,1,1,-920.176913,550.112465,0.000000,NULL,NULL,NULL,NULL,NULL,-3.433249,2.052511,174.570000
0,1,1,810.997776,701.164662,0.000000,NULL,NULL,NULL,NULL,NULL,3.025894,2.616098,174.570000
0,1,1,893.079185,-51.836955,0.000000,NULL,NULL,NULL,NULL,NULL,3.993279,-0.231782,174.570000
0,1,1,-52.444842,-766.502384,0.000000,NULL,NULL,NULL,NULL,NULL,-0.273046,-3.990670,174.570000
0,1,1,255.124311,-724.698525,0.000000,NULL,NULL,NULL,NULL,NULL,1.328263,-3.773025,174.570000
0,1,1,943.928094,110.075138,0.000000,NULL,NULL,NULL,NULL,NULL,3.973077,0.463316,174.570000
0,1,1,-325.215736,-722.567249,0.000000,NULL,NULL,NULL,NULL,NULL,-1.641713,-3.647572,174.570000
0,1,1,-947.065278,-78.639316,0.000000,NULL,NULL,NULL,NULL,NULL,-3.986281,-0.331000,174.570000
0,1,1,506.273552,-609.553766,0.000000,NULL,NULL,NULL,NULL,NULL,2.555706,-3.077072,174.570000
0,1,1,-975.957869,358.824964,0.000000,NULL,NULL,NULL,NULL,NULL,-3.754293,1.380320,174.570000
0,1,1,-859.302033,-248.751917,0.000000,NULL,NULL,NULL,NULL,NULL,-3.842249,-1.112259,174.570000
0,1,1,279.448906,-715.670787,0.000000,NULL,NULL,NULL,NULL,NULL,1.454905,-3.726023,174.570000
0,1,1,-78.296554,-764.294456,0.000000,NULL,NULL,NULL,NULL,NULL,-0.407638,-3.979175,174.570000
0,1,1,-991.122944,191.321781,0.000000,NULL,NULL,NULL,NULL,NULL,-3.927495,0.758145,174.570000
0,1,1,-816.714505,-292.533053,0.000000,NULL,NULL,NULL,NULL,NULL,-3.765726,-1.348818,174.570000
0,1,1,-995.573592,166.619133,0.000000,NULL,NULL,NULL,NULL,NULL,-3.945131,0.660257,174.570000
0,1,1,303.454801,-705.826855,0.000000,NULL,NULL,NULL,NULL,NULL,1.579888,-3.674773,174.570000
0,1,1,921.251432,26.775263,0.000000,NULL,NULL,NULL,NULL,NULL,3.998312,0.116207,174.570000
0,1,1,-104.058973,-761.214882,0.000000,NULL,NULL,NULL,NULL,NULL,-0.541766,-3.963141,174.570000
0,1,1,863.589485,-82.531034,0.000000,NULL,NULL,NULL,NULL,NULL,3.981858,-0.380536,174.570000
0,1,1,828.042263,-152.656965,0.000000,NULL,NULL,NULL,NULL,NULL,3.933709,-0.725214,174.570000
0,1,1,-977.585724,52.765129,0.000000,NULL,NULL,NULL,NULL,NULL,-3.994186,0.215586,174.570000
0,1,1,933.765858,383.418879,0.000000,NULL,NULL,NULL,NULL,NULL,3.700208,1.519363,174.570000
0,1,1,-349.428398,-711.174028,0.000000,NULL,NULL,NULL,NULL,NULL,-1.763940,-3.590058,174.570000
0,1,1,-906.214312,572.821872,0.000000,NULL,NULL,NULL,NULL,NULL,-3.381154,2.137241,174.570000
0,1,1,793.313134,721.112715,0.000000,NULL,NULL,NULL,NULL,NULL,2.959911,2.690526,174.570000
0,1,1,526.566972,-592.111415,0.000000,NULL,NULL,NULL,NULL,NULL,2.658148,-2.989021,174.570000
0,1,1,885.797102,544.621529,0.000000,NULL,NULL,NULL,NULL,NULL,3.407465,2.095038,174.570000
0,1,1,-756.019191,-370.665781,0.000000,NULL,NULL,NULL,NULL,NULL,-3.591555,-1.760890,174.570000
0,1,1,327.114619,-695.177957,0.000000,NULL,NULL,NULL,NULL,NULL,1.703069,-3.619331,174.570000
0,1,1,-908.373736,-155.814862,0.000000,NULL,NULL,NULL,NULL,NULL,-3.942421,-0.676250,174.570000
0,1,1,-129.702716,-757.267173,0.000000,NULL,NULL,NULL,NULL,NULL,-0.675276,-3.942588,174.570000
0,1,1,947.877841,244.919586,0.000000,NULL,NULL,NULL,NULL,NULL,3.872807,1.000684,174.570000
0,1,1,-986.059459,215.906130,0.000000,NULL,NULL,NULL,NULL,NULL,-3.907430,0.855565,174.570000
0,1,1,-773.511337,-332.623437,0.000000,NULL,NULL,NULL,NULL,NULL,-3.674653,-1.580165,174.570000
0,1,1,894.091963,-29.615213,0.000000,NULL,NULL,NULL,NULL,NULL,3.997808,-0.132420,174.570000
0,1,1,-278.534467,767.489400,0.000000,NULL,NULL,NULL,NULL,NULL,-1.364581,3.760042,174.570000
0,1,1,621.290618,912.976991,0.000000,NULL,NULL,NULL,NULL,NULL,2.250395,3.306921,174.570000
0,1,1,-480.782385,994.171674,0.000000,NULL,NULL,NULL,NULL,NULL,-1.741456,3.601018,174.570000
0,1,1,-865.221391,-227.309137,0.000000,NULL,NULL,NULL,NULL,NULL,-3.868717,-1.016381,174.570000
0,1,1,-966.734236,382.980459,0.000000,NULL,NULL,NULL,NULL,NULL,-3.718812,1.473241,174.570000
0,1,1,350.401375,-683.736238,0.000000,NULL,NULL,NULL,NULL,NULL,1.824308,-3.559761,174.570000
0,1,1,-570.397476,189.797374,0.000000,NULL,NULL,NULL,NULL,NULL,-3.795402,1.262904,174.570000
0,1,1,-948.727786,-55.066965,0.000000,NULL,NULL,NULL,NULL,NULL,-3.993279,-0.231782,174.570000
0,1,1,-823.735614,-272.135644,0.000000,NULL,NULL,NULL,NULL,NULL,-3.798099,-1.254769,174.570000
0,1,1,-155.198539,-752.455832,0.000000,NULL,NULL,NULL,NULL,NULL,-0.808016,-3.917539,174.570000
0,1,1,677.247601,-456.023152,0.000000,NULL,NULL,NULL,NULL,NULL,3.317935,-2.234124,174.570000
0,1,1,923.943761,406.517700,0.000000,NULL,NULL,NULL,NULL,NULL,3.661286,1.610896,174.570000
0,1,1,-513.251026,-634.976230,0.000000,NULL,NULL,NULL,NULL,NULL,-2.514492,-3.110841,174.570000
0,1,1,-373.242552,-698.969742,0.000000,NULL,NULL,NULL,NULL,NULL,-1.884155,-3.528450,174.570000
0,1,1,831.581960,-132.021145,0.000000,NULL,NULL,NULL,NULL,NULL,3.950524,-0.627181,174.570000
0,1,1,546.259864,-573.993785,0.000000,NULL,NULL,NULL,NULL,NULL,2.757559,-2.897562,174.570000
0,1,1,-765.001774,-351.753358,0.000000,NULL,NULL,NULL,NULL,NULL,-3.634228,-1.671044,174.570000
0,1,1,-748.382381,812.067011,0.000000,NULL,NULL,NULL,NULL,NULL,-2.710738,2.941412,174.570000
0,1,1,865.374565,-61.033040,0.000000,NULL,NULL,NULL,NULL,NULL,3.990089,-0.281413,174.570000
0,1,1,373.288514,-671.514744,0.000000,NULL,NULL,NULL,NULL,NULL,1.943466,-3.496132,174.570000
0,1,1,-180.517365,-746.786347,0.000000,NULL,NULL,NULL,NULL,NULL,-0.939834,-3.888022,174.570000
0,1,1,920.300870,49.673183,0.000000,NULL,NULL,NULL,NULL,NULL,3.994186,0.215586,174.570000
0,1,1,-891.691376,595.177088,0.000000,NULL,NULL,NULL,NULL,NULL,-3.326967,2.220650,174.570000
0,1,1,775.137967,740.614885,0.000000,NULL,NULL,NULL,NULL,NULL,2.892098,2.763290,174.570000
0,1,1,-956.912848,406.899148,0.000000,NULL,NULL,NULL,NULL,NULL,-3.681031,1.565251,174.570000
0,1,1,709.351901,-404.278751,0.000000,NULL,NULL,NULL,NULL,NULL,3.475218,-1.980621,174.570000
0,1,1,834.607469,-111.303692,0.000000,NULL,NULL,NULL,NULL,NULL,3.964897,-0.528761,174.570000
0,1,1,-975.971527,77.055722,0.000000,NULL,NULL,NULL,NULL,NULL,-3.987591,0.314832,174.570000
0,1,1,871.981658,566.477806,0.000000,NULL,NULL,NULL,NULL,NULL,3.354320,2.179114,174.570000
0,1,1,-911.967116,-133.180685,0.000000,NULL,NULL,NULL,NULL,NULL,-3.958017,-0.578016,174.570000
0,1,1,-980.386269,240.356979,0.000000,NULL,NULL,NULL,NULL,NULL,-3.884949,0.952456,174.570000
0,1,1,894.551903,-7.375158,0.000000,NULL,NULL,NULL,NULL,NULL,3.999864,-0.032977,174.570000
0,1,1,395.749932,-658.527416,0.000000,NULL,NULL,NULL,NULL,NULL,2.060408,-3.428516,174.570000
0,1,1,-876.617085,617.164292,0.000000,NULL,NULL,NULL,NULL,NULL,-3.270724,2.302686,174.570000
0,1,1,-101.253419,810.166139,0.000000,NULL,NULL,NULL,NULL,NULL,-0.496055,3.969122,174.570000
0,1,1,-870.605762,-205.725807,0.000000,NULL,NULL,NULL,NULL,NULL,-3.892792,-0.919874,174.570000
0,1,1,-205.630317,-740.265182,0.000000,NULL,NULL,NULL,NULL,NULL,-1.070581,-3.854070,174.570000
0,1,1,565.329768,-555.221538,0.000000,NULL,NULL,NULL,NULL,NULL,2.853826,-2.802799,174.570000
0,1,1,-396.631038,-685.968311,0.000000,NULL,NULL,NULL,NULL,NULL,-2.002222,-3.462818,174.570000
0,1,1,-830.247386,-251.569966,0.000000,NULL,NULL,NULL,NULL,NULL,-3.828123,-1.159944,174.570000
0,1,1,552.529972,956.158798,0.000000,NULL,NULL,NULL,NULL,NULL,2.001335,3.463331,174.570000
0,1,1,-781.542618,-313.287847,0.000000,NULL,NULL,NULL,NULL,NULL,-3.712807,-1.488309,174.570000
0,1,1,940.899334,133.511142,0.000000,NULL,NULL,NULL,NULL,NULL,3.960328,0.561960,174.570000
0,1,1,756.483512,759.659116,0.000000,NULL,NULL,NULL,NULL,NULL,2.822497,2.834345,174.570000
0,1,1,-949.803672,-31.460564,0.000000,NULL,NULL,NULL,NULL,NULL,-3.997808,-0.132420,174.570000
0,1,1,894.458719,14.869457,0.000000,NULL,NULL,NULL,NULL,NULL,3.999447,0.066487,174.570000
0,1,1,937.288793,156.864593,0.000000,NULL,NULL,NULL,NULL,NULL,3.945131,0.660257,174.570000
0,1,1,857.627045,587.983815,0.000000,NULL,NULL,NULL,NULL,NULL,3.299101,2.261843,174.570000
0,1,1,-973.753863,101.298670,0.000000,NULL,NULL,NULL,NULL,NULL,-3.978530,0.413883,174.570000
0,1,1,913.550367,429.365160,0.000000,NULL,NULL,NULL,NULL,NULL,3.620100,1.701433,174.570000
0,1,1,837.116919,-90.517418,0.000000,NULL,NULL,NULL,NULL,NULL,3.976819,-0.430013,174.570000
0,1,1,425.244290,1019.164517,0.000000,NULL,NULL,NULL,NULL,NULL,1.540290,3.691545,174.570000
0,1,1,169.736951,-388.440650,0.000000,NULL,NULL,NULL,NULL,NULL,1.601645,-3.665342,174.570000
0,1,1,101.253419,810.166139,0.000000,NULL,NULL,NULL,NULL,NULL,0.496055,3.969122,174.570000
0,1,1,417.760013,-644.789065,0.000000,NULL,NULL,NULL,NULL,NULL,2.175000,-3.356989,174.570000
0,1,1,-230.508757,-732.899774,0.000000,NULL,NULL,NULL,NULL,NULL,-1.200106,-3.815723,174.570000
0,1,1,866.624563,-39.497308,0.000000,NULL,NULL,NULL,NULL,NULL,3.995852,-0.182115,174.570000
0,1,1,934.530126,291.738666,0.000000,NULL,NULL,NULL,NULL,NULL,3.818271,1.191976,174.570000
0,1,1,-946.499777,430.566241,0.000000,NULL,NULL,NULL,NULL,NULL,-3.640974,1.656293,174.570000
0,1,1,918.781262,72.540388,0.000000,NULL,NULL,NULL,NULL,NULL,3.987591,0.314832,174.570000
0,1,1,-419.567183,-672.184560,0.000000,NULL,NULL,NULL,NULL,NULL,-2.118006,-3.393236,174.570000
0,1,1,-861.000759,638.769887,0.000000,NULL,NULL,NULL,NULL,NULL,-3.212458,2.383298,174.570000
0,1,1,583.754938,-535.816084,0.000000,NULL,NULL,NULL,NULL,NULL,2.946837,-2.704838,174.570000
0,1,1,-914.996604,-110.464160,0.000000,NULL,NULL,NULL,NULL,NULL,-3.971165,-0.479424,174.570000
0,1,1,-836.245796,-230.848737,0.000000,NULL,NULL,NULL,NULL,NULL,-3.855781,-1.064403,174.570000
0,1,1,-686.692607,864.859689,0.000000,NULL,NULL,NULL,NULL,NULL,-2.487289,3.132633,174.570000
0,1,1,-974.106882,264.659209,0.000000,NULL,NULL,NULL,NULL,NULL,-3.860066,1.048758,174.570000
0,1,1,439.293656,-630.315358,0.000000,NULL,NULL,NULL,NULL,NULL,2.287111,-3.281634,174.570000
0,1,1,-875.451815,-184.015272,0.000000,NULL,NULL,NULL,NULL,NULL,-3.914461,-0.822799,174.570000
0,1,1,737.361305,778.233630,0.000000,NULL,NULL,NULL,NULL,NULL,2.751150,2.903648,174.570000
0,1,1,-255.124311,-724.698525,0.000000,NULL,NULL,NULL,NULL,NULL,-1.328263,-3.773025,174.570000
0,1,1,941.495059,268.412109,0.000000,NULL,NULL,NULL,NULL,NULL,3.846728,1.096669,174.570000
0,1,1,113.438826,-736.882176,0.000000,NULL,NULL,NULL,NULL,NULL,0.608608,-3.953428,174.570000
0,1,1,63.445600,-742.858240,0.000000,NULL,NULL,NULL,NULL,NULL,0.340390,-3.985490,174.570000
0,1,1,-520.530414,300.706522,0.000000,NULL,NULL,NULL,NULL,NULL,-3.463588,2.000889,174.570000
0,1,1,38.326168,-744.576936,0.000000,NULL,NULL,NULL,NULL,NULL,0.205623,-3.994711,174.570000
0,1,1,88.492674,-740.292345,0.000000,NULL,NULL,NULL,NULL,NULL,0.474770,-3.971724,174.570000
0,1,1,138.255606,-732.631624,0.000000,NULL,NULL,NULL,NULL,NULL,0.741752,-3.930624,174.570000
0,1,1,813.935963,64.262554,0.000000,NULL,NULL,NULL,NULL,NULL,3.987591,0.314832,174.570000
0,1,1,162.914711,-727.545535,0.000000,NULL,NULL,NULL,NULL,NULL,0.874050,-3.903337,174.570000
0,1,1,-879.756554,-162.190955,0.000000,NULL,NULL,NULL,NULL,NULL,-3.933709,-0.725214,174.570000
0,1,1,-169.736951,-388.440650,0.000000,NULL,NULL,NULL,NULL,NULL,-1.601645,-3.665342,174.570000
0,1,1,187.388019,-721.629711,0.000000,NULL,NULL,NULL,NULL,NULL,1.005351,-3.871598,174.570000
0,1,1,842.742141,609.126260,0.000000,NULL,NULL,NULL,NULL,NULL,3.241842,2.343173,174.570000
0,1,1,893.812468,37.104878,0.000000,NULL,NULL,NULL,NULL,NULL,3.996558,0.165909,174.570000
0,1,1,-950.292271,-7.834711,0.000000,NULL,NULL,NULL,NULL,NULL,-3.999864,-0.032977,174.570000
0,1,1,-789.090652,-293.758543,0.000000,NULL,NULL,NULL,NULL,NULL,-3.748665,-1.395533,174.570000
0,1,1,916.693550,95.362740,0.000000,NULL,NULL,NULL,NULL,NULL,3.978530,0.413883,174.570000
0,1,1,902.592102,451.947133,0.000000,NULL,NULL,NULL,NULL,NULL,3.576676,1.790918,174.570000
0,1,1,-970.934102,125.478982,0.000000,NULL,NULL,NULL,NULL,NULL,-3.967009,0.512678,174.570000
0,1,1,933.098703,180.121051,0.000000,NULL,NULL,NULL,NULL,NULL,3.927495,0.758145,174.570000
0,1,1,-13.163027,-745.446473,0.000000,NULL,NULL,NULL,NULL,NULL,-0.070621,-3.999377,174.570000
0,1,1,211.647618,-714.890897,0.000000,NULL,NULL,NULL,NULL,NULL,1.135505,-3.835444,174.570000
0,1,1,-442.024828,-657.634211,0.000000,NULL,NULL,NULL,NULL,NULL,-2.231373,-3.319785,174.570000
0,1,1,867.338705,-17.937154,0.000000,NULL,NULL,NULL,NULL,NULL,3.999145,-0.082705,174.570000
0,1,1,391.841675,-455.890805,0.000000,NULL,NULL,NULL,NULL,NULL,2.607299,-3.033479,174.570000
0,1,1,-935.501461,453.967105,0.000000,NULL,NULL,NULL,NULL,NULL,-3.598666,1.746311,174.570000
0,1,1,-917.460326,-87.679333,0.000000,NULL,NULL,NULL,NULL,NULL,-3.981858,-0.380536,174.570000
0,1,1,460.326303,-615.122802,0.000000,NULL,NULL,NULL,NULL,NULL,2.396614,-3.202537,174.570000
0,1,1,-802.718612,-254.167207,0.000000,NULL,NULL,NULL,NULL,NULL,-3.813406,-1.207450,174.570000
0,1,1,-279.448906,-715.670787,0.000000,NULL,NULL,NULL,NULL,NULL,-1.454905,-3.726023,174.570000
0,1,1,13.163027,-745.446473,0.000000,NULL,NULL,NULL,NULL,NULL,0.070621,-3.999377,174.570000
0,1,1,-844.852055,659.980515,0.000000,NULL,NULL,NULL,NULL,NULL,-3.152206,2.462437,174.570000
0,1,1,-38.326168,-744.576936,0.000000,NULL,NULL,NULL,NULL,NULL,-0.205623,-3.994711,174.570000
0,1,1,235.665842,-707.336780,0.000000,NULL,NULL,NULL,NULL,NULL,1.264365,-3.794915,174.570000
0,1,1,926.987350,314.884833,0.000000,NULL,NULL,NULL,NULL,NULL,3.787453,1.286546,174.570000
0,1,1,601.514359,-515.799554,0.000000,NULL,NULL,NULL,NULL,NULL,3.036488,-2.603793,174.570000
0,1,1,-841.727133,-209.984768,0.000000,NULL,NULL,NULL,NULL,NULL,-3.881054,-0.968203,174.570000
0,1,1,867.516549,3.634092,0.000000,NULL,NULL,NULL,NULL,NULL,3.999965,0.016756,174.570000
0,1,1,717.783169,796.326942,0.000000,NULL,NULL,NULL,NULL,NULL,2.678103,2.971156,174.570000
0,1,1,329.631824,-266.532610,0.000000,NULL,NULL,NULL,NULL,NULL,3.110420,-2.515013,174.570000
0,1,1,-63.445600,-742.858240,0.000000,NULL,NULL,NULL,NULL,NULL,-0.340390,-3.985490,174.570000
0,1,1,259.415299,-698.975974,0.000000,NULL,NULL,NULL,NULL,NULL,1.391783,-3.750059,174.570000
0,1,1,-950.193280,15.795987,0.000000,NULL,NULL,NULL,NULL,NULL,-3.999447,0.066487,174.570000
0,1,1,-796.150772,-274.047600,0.000000,NULL,NULL,NULL,NULL,NULL,-3.782205,-1.301894,174.570000
0,1,1,-967.225180,288.797793,0.000000,NULL,NULL,NULL,NULL,NULL,-3.832796,1.144411,174.570000
0,1,1,928.331654,203.266135,0.000000,NULL,NULL,NULL,NULL,NULL,3.907430,0.855565,174.570000
0,1,1,-303.454801,-705.826855,0.000000,NULL,NULL,NULL,NULL,NULL,-1.579888,-3.674773,174.570000
0,1,1,-828.180958,680.783061,0.000000,NULL,NULL,NULL,NULL,NULL,-3.090005,2.540053,174.570000
0,1,1,839.108759,-69.675175,0.000000,NULL,NULL,NULL,NULL,NULL,3.986281,-0.331000,174.570000
0,1,1,-573.769308,-580.870218,0.000000,NULL,NULL,NULL,NULL,NULL,-2.810979,-2.845768,174.570000
0,1,1,-883.517318,-140.266352,0.000000,NULL,NULL,NULL,NULL,NULL,-3.950524,-0.627181,174.570000
0,1,1,480.833966,-599.228723,0.000000,NULL,NULL,NULL,NULL,NULL,2.503384,-3.119787,174.570000
0,1,1,282.868903,-689.818014,0.000000,NULL,NULL,NULL,NULL,NULL,1.517613,-3.700926,174.570000
0,1,1,-88.492674,-740.292345,0.000000,NULL,NULL,NULL,NULL,NULL,-0.474770,-3.971724,174.570000
0,1,1,-463.978362,-642.333856,0.000000,NULL,NULL,NULL,NULL,NULL,-2.342196,-3.242548,174.570000
0,1,1,827.336147,629.892067,0.000000,NULL,NULL,NULL,NULL,NULL,3.182578,2.423055,174.570000
0,1,1,-425.244290,1019.164517,0.000000,NULL,NULL,NULL,NULL,NULL,-1.540290,3.691545,174.570000
0,1,1,892.613551,59.317356,0.000000,NULL,NULL,NULL,NULL,NULL,3.991197,0.265229,174.570000
0,1,1,-967.513989,149.581707,0.000000,NULL,NULL,NULL,NULL,NULL,-3.953035,0.611156,174.570000
0,1,1,891.075741,474.249656,0.000000,NULL,NULL,NULL,NULL,NULL,3.531041,1.879296,174.570000
0,1,1,-923.924702,477.087269,0.000000,NULL,NULL,NULL,NULL,NULL,-3.554133,1.835249,174.570000
0,1,1,-959.745418,312.757807,0.000000,NULL,NULL,NULL,NULL,NULL,-3.803156,1.239357,174.570000
0,1,1,914.039022,118.126128,0.000000,NULL,NULL,NULL,NULL,NULL,3.967009,0.512678,174.570000
0,1,1,-113.438826,-736.882176,0.000000,NULL,NULL,NULL,NULL,NULL,-0.608608,-3.953428,174.570000
0,1,1,-919.356760,-64.840291,0.000000,NULL,NULL,NULL,NULL,NULL,-3.990089,-0.281413,174.570000
0,1,1,305.999906,-679.873346,0.000000,NULL,NULL,NULL,NULL,NULL,1.641713,-3.647572,174.570000
0,1,1,697.761209,813.927866,0.000000,NULL,NULL,NULL,NULL,NULL,2.603399,3.036826,174.570000
0,1,1,-621.290618,912.976991,0.000000,NULL,NULL,NULL,NULL,NULL,-2.250395,3.306921,174.570000
0,1,1,-846.688010,-188.990961,0.000000,NULL,NULL,NULL,NULL,NULL,-3.903928,-0.871404,174.570000
0,1,1,618.587777,-495.194776,0.000000,NULL,NULL,NULL,NULL,NULL,3.122676,-2.499779,174.570000
0,1,1,-360.178630,-481.297911,0.000000,NULL,NULL,NULL,NULL,NULL,-2.396614,-3.202537,174.570000
0,1,1,-327.114619,-695.177957,0.000000,NULL,NULL,NULL,NULL,NULL,-1.703069,-3.619331,174.570000
0,1,1,649.619050,494.587221,0.000000,NULL,NULL,NULL,NULL,NULL,3.182578,2.423055,174.570000
0,1,1,867.157987,25.203090,0.000000,NULL,NULL,NULL,NULL,NULL,3.998312,0.116207,174.570000
0,1,1,918.871395,337.836300,0.000000,NULL,NULL,NULL,NULL,NULL,3.754293,1.380320,174.570000
0,1,1,500.793259,-582.651249,0.000000,NULL,NULL,NULL,NULL,NULL,2.607299,-3.033479,174.570000
0,1,1,-138.255606,-732.631624,0.000000,NULL,NULL,NULL,NULL,NULL,-0.741752,-3.930624,174.570000
0,1,1,840.581756,-48.789850,0.000000,NULL,NULL,NULL,NULL,NULL,3.993279,-0.231782,174.570000
0,1,1,-810.997776,701.164662,0.000000,NULL,NULL,NULL,NULL,NULL,-3.025894,2.616098,174.570000
0,1,1,-851.125359,-167.880295,0.000000,NULL,NULL,NULL,NULL,NULL,-3.924388,-0.774066,174.570000
0,1,1,841.535002,-27.874356,0.000000,NULL,NULL,NULL,NULL,NULL,3.997808,-0.132420,174.570000
0,1,1,328.781930,-669.153310,0.000000,NULL,NULL,NULL,NULL,NULL,1.763940,-3.590058,174.570000
0,1,1,-911.776656,499.912438,0.000000,NULL,NULL,NULL,NULL,NULL,-3.507402,1.923052,174.570000
0,1,1,30.451282,1103.902957,0.000000,NULL,NULL,NULL,NULL,NULL,0.110298,3.998479,174.570000
0,1,1,-949.506761,39.416918,0.000000,NULL,NULL,NULL,NULL,NULL,-3.996558,0.165909,174.570000
0,1,1,879.008407,496.258939,0.000000,NULL,NULL,NULL,NULL,NULL,3.483222,1.966511,174.570000
0,1,1,677.307806,831.025518,0.000000,NULL,NULL,NULL,NULL,NULL,2.527086,3.100619,174.570000
0,1,1,-485.402748,-626.300947,0.000000,NULL,NULL,NULL,NULL,NULL,-2.450348,-3.161613,174.570000
0,1,1,-886.731781,-118.255018,0.000000,NULL,NULL,NULL,NULL,NULL,-3.964897,-0.528761,174.570000
0,1,1,-719.184672,-386.516282,0.000000,NULL,NULL,NULL,NULL,NULL,-3.523390,-1.893600,174.570000
0,1,1,811.418591,650.268395,0.000000,NULL,NULL,NULL,NULL,NULL,3.121347,2.501438,174.570000
0,1,1,807.899403,-117.982978,0.000000,NULL,NULL,NULL,NULL,NULL,3.958017,-0.578016,174.570000
0,1,1,922.990595,226.285535,0.000000,NULL,NULL,NULL,NULL,NULL,3.884949,0.952456,174.570000
0,1,1,-162.914711,-727.545535,0.000000,NULL,NULL,NULL,NULL,NULL,-0.874050,-3.903337,174.570000
0,1,1,-552.529972,956.158798,0.000000,NULL,NULL,NULL,NULL,NULL,-2.001335,3.463331,174.570000
0,1,1,351.188991,-657.670132,0.000000,NULL,NULL,NULL,NULL,NULL,1.884155,-3.528450,174.570000
0,1,1,-350.401375,-683.736238,0.000000,NULL,NULL,NULL,NULL,NULL,-1.824308,-3.559761,174.570000
0,1,1,890.862708,81.493156,0.000000,NULL,NULL,NULL,NULL,NULL,3.983368,0.364385,174.570000
0,1,1,-30.451282,1103.902957,0.000000,NULL,NULL,NULL,NULL,NULL,-0.110298,3.998479,174.570000
0,1,1,520.181417,-565.409286,0.000000,NULL,NULL,NULL,NULL,NULL,2.708240,-2.943711,174.570000
0,1,1,673.403269,461.681130,0.000000,NULL,NULL,NULL,NULL,NULL,3.299101,2.261843,174.570000
0,1,1,-951.672222,336.524435,0.000000,NULL,NULL,NULL,NULL,NULL,-3.771165,1.333536,174.570000
0,1,1,-963.495638,173.591942,0.000000,NULL,NULL,NULL,NULL,NULL,-3.936617,0.709256,174.570000
0,1,1,634.955721,-474.025248,0.000000,NULL,NULL,NULL,NULL,NULL,3.205302,-2.392914,174.570000
0,1,1,910.819322,140.816474,0.000000,NULL,NULL,NULL,NULL,NULL,3.953035,0.611156,174.570000
0,1,1,-920.684733,-41.961156,0.000000,NULL,NULL,NULL,NULL,NULL,-3.995852,-0.182115,174.570000
0,1,1,-187.388019,-721.629711,0.000000,NULL,NULL,NULL,NULL,NULL,-1.005351,-3.871598,174.570000
0,1,1,-793.313134,721.112715,0.000000,NULL,NULL,NULL,NULL,NULL,-2.959911,2.690526,174.570000
0,1,1,-808.790110,-234.129657,0.000000,NULL,NULL,NULL,NULL,NULL,-3.842249,-1.112259,174.570000
0,1,1,-329.631824,-266.532610,0.000000,NULL,NULL,NULL,NULL,NULL,-3.110420,-2.515013,174.570000
0,1,1,373.195535,-645.436908,0.000000,NULL,NULL,NULL,NULL,NULL,2.002222,-3.462818,174.570000
0,1,1,866.263239,46.756505,0.000000,NULL,NULL,NULL,NULL,NULL,3.994186,0.215586,174.570000
0,1,1,794.999315,670.242646,0.000000,NULL,NULL,NULL,NULL,NULL,3.058186,2.578275,174.570000
0,1,1,-855.036435,-146.665825,0.000000,NULL,NULL,NULL,NULL,NULL,-3.942421,-0.676250,174.570000
0,1,1,656.435607,847.609326,0.000000,NULL,NULL,NULL,NULL,NULL,2.449210,3.162494,174.570000
0,1,1,-899.064836,522.428499,0.000000,NULL,NULL,NULL,NULL,NULL,-3.458503,2.009666,174.570000
0,1,1,910.187278,360.578873,0.000000,NULL,NULL,NULL,NULL,NULL,3.718812,1.473241,174.570000
0,1,1,576.611940,-169.985278,0.000000,NULL,NULL,NULL,NULL,NULL,3.836752,-1.131075,174.570000
0,1,1,-506.273552,-609.553766,0.000000,NULL,NULL,NULL,NULL,NULL,-2.555706,-3.077072,174.570000
0,1,1,-373.288514,-671.514744,0.000000,NULL,NULL,NULL,NULL,NULL,-1.943466,-3.496132,174.570000
0,1,1,-948.233138,63.013476,0.000000,NULL,NULL,NULL,NULL,NULL,-3.991197,0.265229,174.570000
0,1,1,866.397559,517.961372,0.000000,NULL,NULL,NULL,NULL,NULL,3.433249,2.052511,174.570000
0,1,1,-889.397955,-96.170565,0.000000,NULL,NULL,NULL,NULL,NULL,-3.976819,-0.430013,174.570000
0,1,1,-211.647618,-714.890897,0.000000,NULL,NULL,NULL,NULL,NULL,-1.135505,-3.835444,174.570000
0,1,1,-958.881533,197.494841,0.000000,NULL,NULL,NULL,NULL,NULL,-3.917765,0.806918,174.570000
0,1,1,538.976329,-547.522496,0.000000,NULL,NULL,NULL,NULL,NULL,2.806093,-2.850587,174.570000
0,1,1,394.776465,-632.467589,0.000000,NULL,NULL,NULL,NULL,NULL,2.118006,-3.393236,174.570000
0,1,1,917.078828,249.165016,0.000000,NULL,NULL,NULL,NULL,NULL,3.860066,1.048758,174.570000
0,1,1,841.967905,-6.941628,0.000000,NULL,NULL,NULL,NULL,NULL,3.999864,-0.032977,174.570000
0,1,1,-775.137967,740.614885,0.000000,NULL,NULL,NULL,NULL,NULL,-2.892098,2.763290,174.570000
0,1,1,-943.010583,360.082981,0.000000,NULL,NULL,NULL,NULL,NULL,-3.736841,1.426891,174.570000
0,1,1,888.561023,103.618568,0.000000,NULL,NULL,NULL,NULL,NULL,3.973077,0.463316,174.570000
0,1,1,-628.615561,-521.021981,0.000000,NULL,NULL,NULL,NULL,NULL,-3.079679,-2.552563,174.570000
0,1,1,900.940370,383.098492,0.000000,NULL,NULL,NULL,NULL,NULL,3.681031,1.565251,174.570000
0,1,1,650.599525,-452.315114,0.000000,NULL,NULL,NULL,NULL,NULL,3.284273,-2.283319,174.570000
0,1,1,635.157518,863.669036,0.000000,NULL,NULL,NULL,NULL,NULL,2.369820,3.222414,174.570000
0,1,1,-814.361514,-213.947338,0.000000,NULL,NULL,NULL,NULL,NULL,-3.868717,-1.016381,174.570000
0,1,1,-235.665842,-707.336780,0.000000,NULL,NULL,NULL,NULL,NULL,-1.264365,-3.794915,174.570000
0,1,1,-921.443423,-19.056076,0.000000,NULL,NULL,NULL,NULL,NULL,-3.999145,-0.082705,174.570000
0,1,1,349.211383,1047.654727,0.000000,NULL,NULL,NULL,NULL,NULL,1.264889,3.794741,174.570000
0,1,1,778.088471,689.802470,0.000000,NULL,NULL,NULL,NULL,NULL,2.993134,2.653517,174.570000
0,1,1,-858.418821,-125.360668,0.000000,NULL,NULL,NULL,NULL,NULL,-3.958017,-0.578016,174.570000
0,1,1,415.907169,-618.776968,0.000000,NULL,NULL,NULL,NULL,NULL,2.231373,-3.319785,174.570000
0,1,1,907.036439,163.419751,0.000000,NULL,NULL,NULL,NULL,NULL,3.936617,0.709256,174.570000
0,1,1,-885.797102,544.621529,0.000000,NULL,NULL,NULL,NULL,NULL,-3.407465,2.095038,174.570000
0,1,1,49.341437,-721.144882,0.000000,NULL,NULL,NULL,NULL,NULL,0.273046,-3.990670,174.570000
0,1,1,-395.749932,-658.527416,0.000000,NULL,NULL,NULL,NULL,NULL,-2.060408,-3.428516,174.570000
0,1,1,97.901321,-716.170266,0.000000,NULL,NULL,NULL,NULL,NULL,0.541766,-3.963141,174.570000
0,1,1,73.663384,-719.067608,0.000000,NULL,NULL,NULL,NULL,NULL,0.407638,-3.979175,174.570000
0,1,1,122.027605,-712.456162,0.000000,NULL,NULL,NULL,NULL,NULL,0.675276,-3.942588,174.570000
0,1,1,864.832859,68.281009,0.000000,NULL,NULL,NULL,NULL,NULL,3.987591,0.314832,174.570000
0,1,1,-756.483512,759.659116,0.000000,NULL,NULL,NULL,NULL,NULL,-2.822497,2.834345,174.570000
0,1,1,557.156561,-529.011279,0.000000,NULL,NULL,NULL,NULL,NULL,2.900745,-2.754211,174.570000
0,1,1,24.963218,-722.399721,0.000000,NULL,NULL,NULL,NULL,NULL,0.138141,-3.997614,174.570000
0,1,1,-526.566972,-592.111415,0.000000,NULL,NULL,NULL,NULL,NULL,-2.658148,-2.989021,174.570000
0,1,1,146.014722,-707.929530,0.000000,NULL,NULL,NULL,NULL,NULL,0.808016,-3.917539,174.570000
0,1,1,795.340821,184.538363,0.000000,NULL,NULL,NULL,NULL,NULL,3.896491,0.904080,174.570000
0,1,1,169.835315,-702.595534,0.000000,NULL,NULL,NULL,NULL,NULL,0.939834,-3.888022,174.570000
0,1,1,-391.841675,-455.890805,0.000000,NULL,NULL,NULL,NULL,NULL,-2.607299,-3.033479,174.570000
0,1,1,-823.990567,-173.198394,0.000000,NULL,NULL,NULL,NULL,NULL,-3.914461,-0.822799,174.570000
0,1,1,193.462218,-696.460257,0.000000,NULL,NULL,NULL,NULL,NULL,1.070581,-3.854070,174.570000
0,1,1,-891.514193,-74.026646,0.000000,NULL,NULL,NULL,NULL,NULL,-3.986281,-0.331000,174.570000
0,1,1,-819.429377,-193.632730,0.000000,NULL,NULL,NULL,NULL,NULL,-3.892792,-0.919874,174.570000
0,1,1,853.250996,539.343537,0.000000,NULL,NULL,NULL,NULL,NULL,3.381154,2.137241,174.570000
0,1,1,-946.373199,86.571071,0.000000,NULL,NULL,NULL,NULL,NULL,-3.983368,0.364385,174.570000
0,1,1,-24.963218,-722.399721,0.000000,NULL,NULL,NULL,NULL,NULL,-0.138141,-3.997614,174.570000
0,1,1,665.501346,-430.089133,0.000000,NULL,NULL,NULL,NULL,NULL,3.359499,-2.171121,174.570000
0,1,1,-953.674527,221.275624,0.000000,NULL,NULL,NULL,NULL,NULL,-3.896491,0.904080,174.570000
0,1,1,-259.415299,-698.975974,0.000000,NULL,NULL,NULL,NULL,NULL,-1.391783,-3.750059,174.570000
0,1,1,613.486694,879.194718,0.000000,NULL,NULL,NULL,NULL,NULL,2.288965,3.280341,174.570000
0,1,1,216.868485,-689.530695,0.000000,NULL,NULL,NULL,NULL,NULL,1.200106,-3.815723,174.570000
0,1,1,841.880198,13.995393,0.000000,NULL,NULL,NULL,NULL,NULL,3.999447,0.066487,174.570000
0,1,1,436.563548,-604.380656,0.000000,NULL,NULL,NULL,NULL,NULL,2.342196,-3.242548,174.570000
0,1,1,-921.632362,3.860787,0.000000,NULL,NULL,NULL,NULL,NULL,-3.999965,0.016756,174.570000
0,1,1,-49.341437,-721.144882,0.000000,NULL,NULL,NULL,NULL,NULL,-0.273046,-3.990670,174.570000
0,1,1,910.600008,271.890433,0.000000,NULL,NULL,NULL,NULL,NULL,3.832796,1.144411,174.570000
0,1,1,902.692712,185.921980,0.000000,NULL,NULL,NULL,NULL,NULL,3.917765,0.806918,174.570000
0,1,1,-933.765858,383.418879,0.000000,NULL,NULL,NULL,NULL,NULL,-3.700208,1.519363,174.570000
0,1,1,-737.361305,778.233630,0.000000,NULL,NULL,NULL,NULL,NULL,-2.751150,2.903648,174.570000
0,1,1,240.027422,-681.814752,0.000000,NULL,NULL,NULL,NULL,NULL,1.328263,-3.773025,174.570000
0,1,1,271.290663,1070.481384,0.000000,NULL,NULL,NULL,NULL,NULL,0.982650,3.877422,174.570000
0,1,1,-417.760013,-644.789065,0.000000,NULL,NULL,NULL,NULL,NULL,-2.175000,-3.356989,174.570000
0,1,1,885.709919,125.679909,0.000000,NULL,NULL,NULL,NULL,NULL,3.960328,0.561960,174.570000
0,1,1,760.696515,708.935771,0.000000,NULL,NULL,NULL,NULL,NULL,2.926231,2.727118,174.570000
0,1,1,891.136388,405.381232,0.000000,NULL,NULL,NULL,NULL,NULL,3.640974,1.656293,174.570000
0,1,1,-871.981658,566.477806,0.000000,NULL,NULL,NULL,NULL,NULL,-3.354320,2.179114,174.570000
0,1,1,-861.270426,-103.977997,0.000000,NULL,NULL,NULL,NULL,NULL,-3.971165,-0.479424,174.570000
0,1,1,-0.556530,-722.830692,0.000000,NULL,NULL,NULL,NULL,NULL,-0.003080,-3.999999,174.570000
0,1,1,591.436537,894.176772,0.000000,NULL,NULL,NULL,NULL,NULL,2.206694,3.336241,174.570000
0,1,1,574.701379,-509.896746,0.000000,NULL,NULL,NULL,NULL,NULL,2.992089,-2.654694,174.570000
0,1,1,-73.663384,-719.067608,0.000000,NULL,NULL,NULL,NULL,NULL,-0.407638,-3.979175,174.570000
0,1,1,-546.259864,-573.993785,0.000000,NULL,NULL,NULL,NULL,NULL,-2.757559,-2.897562,174.570000
0,1,1,262.912618,-673.321226,0.000000,NULL,NULL,NULL,NULL,NULL,1.454905,-3.726023,174.570000
0,1,1,-943.928094,110.075138,0.000000,NULL,NULL,NULL,NULL,NULL,-3.973077,0.463316,174.570000
0,1,1,-282.868903,-689.818014,0.000000,NULL,NULL,NULL,NULL,NULL,-1.517613,-3.700926,174.570000
0,1,1,862.867731,89.763293,0.000000,NULL,NULL,NULL,NULL,NULL,3.978530,0.413883,174.570000
0,1,1,456.722044,-589.295074,0.000000,NULL,NULL,NULL,NULL,NULL,2.450348,-3.161613,174.570000
0,1,1,841.271936,34.923760,0.000000,NULL,NULL,NULL,NULL,NULL,3.996558,0.165909,174.570000
0,1,1,-923.943761,406.517700,0.000000,NULL,NULL,NULL,NULL,NULL,-3.661286,1.610896,174.570000
0,1,1,840.143494,55.830533,0.000000,NULL,NULL,NULL,NULL,NULL,3.991197,0.265229,174.570000
0,1,1,-97.901321,-716.170266,0.000000,NULL,NULL,NULL,NULL,NULL,-0.541766,-3.963141,174.570000
0,1,1,-857.627045,587.983815,0.000000,NULL,NULL,NULL,NULL,NULL,-3.299101,2.261843,174.570000
0,1,1,285.497973,-664.059806,0.000000,NULL,NULL,NULL,NULL,NULL,1.579888,-3.674773,174.570000
0,1,1,-893.079185,-51.836955,0.000000,NULL,NULL,NULL,NULL,NULL,-3.993279,-0.231782,174.570000
0,1,1,839.576847,560.392212,0.000000,NULL,NULL,NULL,NULL,NULL,3.326967,2.220650,174.570000
0,1,1,903.558141,294.447733,0.000000,NULL,NULL,NULL,NULL,NULL,3.803156,1.239357,174.570000
0,1,1,-717.783169,796.326942,0.000000,NULL,NULL,NULL,NULL,NULL,-2.678103,2.971156,174.570000
0,1,1,-947.877841,244.919586,0.000000,NULL,NULL,NULL,NULL,NULL,-3.872807,1.000684,174.570000
0,1,1,679.644190,-407.372653,0.000000,NULL,NULL,NULL,NULL,NULL,3.430893,-2.056447,174.570000
0,1,1,-439.293656,-630.315358,0.000000,NULL,NULL,NULL,NULL,NULL,-2.287111,-3.281634,174.570000
0,1,1,745.991903,-331.839582,0.000000,NULL,NULL,NULL,NULL,NULL,3.654723,-1.625730,174.570000
0,1,1,191.903363,1087.521088,0.000000,NULL,NULL,NULL,NULL,NULL,0.695099,3.939142,174.570000
0,1,1,569.020679,908.605934,0.000000,NULL,NULL,NULL,NULL,NULL,2.123059,3.390077,174.570000
0,1,1,-305.999906,-679.873346,0.000000,NULL,NULL,NULL,NULL,NULL,-1.641713,-3.647572,174.570000
0,1,1,-122.027605,-712.456162,0.000000,NULL,NULL,NULL,NULL,NULL,-0.675276,-3.942588,174.570000
0,1,1,-921.251432,26.775263,0.000000,NULL,NULL,NULL,NULL,NULL,-3.998312,0.116207,174.570000
0,1,1,307.757729,-654.041053,0.000000,NULL,NULL,NULL,NULL,NULL,1.703069,-3.619331,174.570000
0,1,1,742.834202,727.630720,0.000000,NULL,NULL,NULL,NULL,NULL,2.857518,2.799034,174.570000
0,1,1,273.756768,535.194877,0.000000,NULL,NULL,NULL,NULL,NULL,1.821566,3.561165,174.570000
0,1,1,-828.042263,-152.656965,0.000000,NULL,NULL,NULL,NULL,NULL,-3.933709,-0.725214,174.570000
0,1,1,-349.211383,1047.654727,0.000000,NULL,NULL,NULL,NULL,NULL,-1.264889,3.794741,174.570000
0,1,1,-565.329768,-555.221538,0.000000,NULL,NULL,NULL,NULL,NULL,-2.853826,-2.802799,174.570000
0,1,1,476.359667,-573.537424,0.000000,NULL,NULL,NULL,NULL,NULL,2.555706,-3.077072,174.570000
0,1,1,-863.589485,-82.531034,0.000000,NULL,NULL,NULL,NULL,NULL,-3.981858,-0.380536,174.570000
0,1,1,897.790829,208.309250,0.000000,NULL,NULL,NULL,NULL,NULL,3.896491,0.904080,174.570000
0,1,1,591.590773,-490.200697,0.000000,NULL,NULL,NULL,NULL,NULL,3.080021,-2.552150,174.570000
0,1,1,-677.247601,-456.023152,0.000000,NULL,NULL,NULL,NULL,NULL,-3.317935,-2.234124,174.570000
0,1,1,-81.420110,-595.606489,0.000000,NULL,NULL,NULL,NULL,NULL,-0.541766,-3.963141,174.570000
0,1,1,882.311158,147.663539,0.000000,NULL,NULL,NULL,NULL,NULL,3.945131,0.660257,174.570000
0,1,1,880.781395,427.413314,0.000000,NULL,NULL,NULL,NULL,NULL,3.598666,1.746311,174.570000
0,1,1,-146.014722,-707.929530,0.000000,NULL,NULL,NULL,NULL,NULL,-0.808016,-3.917539,174.570000
0,1,1,825.383566,581.094383,0.000000,NULL,NULL,NULL,NULL,NULL,3.270724,2.302686,174.570000
0,1,1,-697.761209,813.927866,0.000000,NULL,NULL,NULL,NULL,NULL,-2.603399,3.036826,174.570000
0,1,1,329.666501,-643.276393,0.000000,NULL,NULL,NULL,NULL,NULL,1.824308,-3.559761,174.570000
0,1,1,111.478645,1098.681724,0.000000,NULL,NULL,NULL,NULL,NULL,0.403790,3.979567,174.570000
0,1,1,860.369071,111.190074,0.000000,NULL,NULL,NULL,NULL,NULL,3.967009,0.512678,174.570000
0,1,1,-842.742141,609.126260,0.000000,NULL,NULL,NULL,NULL,NULL,-3.241842,2.343173,174.570000
0,1,1,601.064002,-9.919164,0.000000,NULL,NULL,NULL,NULL,NULL,3.999455,-0.066002,174.570000
0,1,1,546.252982,922.473282,0.000000,NULL,NULL,NULL,NULL,NULL,2.038111,3.441817,174.570000
0,1,1,-913.550367,429.365160,0.000000,NULL,NULL,NULL,NULL,NULL,-3.620100,1.701433,174.570000
0,1,1,-271.290663,1070.481384,0.000000,NULL,NULL,NULL,NULL,NULL,-0.982650,3.877422,174.570000
0,1,1,415.366567,-84.660417,0.000000,NULL,NULL,NULL,NULL,NULL,3.919416,-0.798859,174.570000
0,1,1,-328.781930,-669.153310,0.000000,NULL,NULL,NULL,NULL,NULL,-1.763940,-3.590058,174.570000
0,1,1,724.512575,745.875757,0.000000,NULL,NULL,NULL,NULL,NULL,2.787039,2.869218,174.570000
0,1,1,-673.403269,461.681130,0.000000,NULL,NULL,NULL,NULL,NULL,-3.299101,2.261843,174.570000
0,1,1,-460.326303,-615.122802,0.000000,NULL,NULL,NULL,NULL,NULL,-2.396614,-3.202537,174.570000
0,1,1,-894.091963,-29.615213,0.000000,NULL,NULL,NULL,NULL,NULL,-3.997808,-0.132420,174.570000
0,1,1,-169.835315,-702.595534,0.000000,NULL,NULL,NULL,NULL,NULL,-0.939834,-3.888022,174.570000
0,1,1,-677.307806,831.025518,0.000000,NULL,NULL,NULL,NULL,NULL,-2.527086,3.100619,174.570000
0,1,1,495.454021,-557.125679,0.000000,NULL,NULL,NULL,NULL,NULL,2.658148,-2.989021,174.570000
0,1,1,895.957582,316.822969,0.000000,NULL,NULL,NULL,NULL,NULL,3.771165,1.333536,174.570000
0,1,1,351.199301,-631.778102,0.000000,NULL,NULL,NULL,NULL,NULL,1.943466,-3.496132,174.570000
0,1,1,-831.581960,-132.021145,0.000000,NULL,NULL,NULL,NULL,NULL,-3.950524,-0.627181,174.570000
0,1,1,-709.351901,-404.278751,0.000000,NULL,NULL,NULL,NULL,NULL,-3.475218,-1.980621,174.570000
0,1,1,81.420110,-595.606489,0.000000,NULL,NULL,NULL,NULL,NULL,0.541766,-3.963141,174.570000
0,1,1,693.011928,-384.191581,0.000000,NULL,NULL,NULL,NULL,NULL,3.498374,-1.939427,174.570000
0,1,1,-191.903363,1087.521088,0.000000,NULL,NULL,NULL,NULL,NULL,-0.695099,3.939142,174.570000
0,1,1,-920.300870,49.673183,0.000000,NULL,NULL,NULL,NULL,NULL,-3.994186,0.215586,174.570000
0,1,1,-834.607469,-111.303692,0.000000,NULL,NULL,NULL,NULL,NULL,-3.964897,-0.528761,174.570000
0,1,1,-865.374565,-61.033040,0.000000,NULL,NULL,NULL,NULL,NULL,-3.990089,-0.281413,174.570000
0,1,1,-111.478645,1098.681724,0.000000,NULL,NULL,NULL,NULL,NULL,-0.403790,3.979567,174.570000
0,1,1,607.805483,-469.945594,0.000000,NULL,NULL,NULL,NULL,NULL,3.164440,-2.446695,174.570000
0,1,1,523.147523,935.770242,0.000000,NULL,NULL,NULL,NULL,NULL,1.951903,3.491429,174.570000
0,1,1,-583.754938,-535.816084,0.000000,NULL,NULL,NULL,NULL,NULL,-2.946837,-2.704838,174.570000
0,1,1,-193.462218,-696.460257,0.000000,NULL,NULL,NULL,NULL,NULL,-1.070581,-3.854070,174.570000
0,1,1,892.333819,230.567717,0.000000,NULL,NULL,NULL,NULL,NULL,3.872807,1.000684,174.570000
0,1,1,372.331572,-619.559294,0.000000,NULL,NULL,NULL,NULL,NULL,2.060408,-3.428516,174.570000
0,1,1,-351.188991,-657.670132,0.000000,NULL,NULL,NULL,NULL,NULL,-1.884155,-3.528450,174.570000
0,1,1,-827.336147,629.892067,0.000000,NULL,NULL,NULL,NULL,NULL,-3.182578,2.423055,174.570000
0,1,1,869.881792,449.181116,0.000000,NULL,NULL,NULL,NULL,NULL,3.554133,1.835249,174.570000
0,1,1,-656.435607,847.609326,0.000000,NULL,NULL,NULL,NULL,NULL,-2.449210,3.162494,174.570000
0,1,1,810.679930,601.437249,0.000000,NULL,NULL,NULL,NULL,NULL,3.212458,2.383298,174.570000
0,1,1,878.366842,169.555866,0.000000,NULL,NULL,NULL,NULL,NULL,3.927495,0.758145,174.570000
0,1,1,-934.530126,291.738666,0.000000,NULL,NULL,NULL,NULL,NULL,-3.818271,1.191976,174.570000
0,1,1,705.742965,763.659600,0.000000,NULL,NULL,NULL,NULL,NULL,2.714836,2.937629,174.570000
0,1,1,-902.592102,451.947133,0.000000,NULL,NULL,NULL,NULL,NULL,-3.576676,1.790918,174.570000
0,1,1,838.495570,76.702785,0.000000,NULL,NULL,NULL,NULL,NULL,3.983368,0.364385,174.570000
0,1,1,513.983331,-540.078554,0.000000,NULL,NULL,NULL,NULL,NULL,2.757559,-2.897562,174.570000
0,1,1,-937.288793,156.864593,0.000000,NULL,NULL,NULL,NULL,NULL,-3.945131,0.660257,174.570000
0,1,1,857.338422,132.548104,0.000000,NULL,NULL,NULL,NULL,NULL,3.953035,0.611156,174.570000
0,1,1,-480.833966,-599.228723,0.000000,NULL,NULL,NULL,NULL,NULL,-2.503384,-3.119787,174.570000
0,1,1,499.718589,948.488591,0.000000,NULL,NULL,NULL,NULL,NULL,1.864488,3.538882,174.570000
0,1,1,-940.899334,133.511142,0.000000,NULL,NULL,NULL,NULL,NULL,-3.960328,0.561960,174.570000
0,1,1,-216.868485,-689.530695,0.000000,NULL,NULL,NULL,NULL,NULL,-1.200106,-3.815723,174.570000
0,1,1,873.879409,191.343351,0.000000,NULL,NULL,NULL,NULL,NULL,3.907430,0.855565,174.570000
0,1,1,-649.619050,494.587221,0.000000,NULL,NULL,NULL,NULL,NULL,-3.182578,2.423055,174.570000
0,1,1,-894.551903,-7.375158,0.000000,NULL,NULL,NULL,NULL,NULL,-3.999864,-0.032977,174.570000
0,1,1,-837.116919,-90.517418,0.000000,NULL,NULL,NULL,NULL,NULL,-3.976819,-0.430013,174.570000
0,1,1,112.374921,-408.740319,0.000000,NULL,NULL,NULL,NULL,NULL,1.060374,-3.856891,174.570000
0,1,1,59.685280,-698.830213,0.000000,NULL,NULL,NULL,NULL,NULL,0.340390,-3.985490,174.570000
0,1,1,393.039215,-606.633905,0.000000,NULL,NULL,NULL,NULL,NULL,2.175000,-3.356989,174.570000
0,1,1,83.247854,-696.416394,0.000000,NULL,NULL,NULL,NULL,NULL,0.474770,-3.971724,174.570000
0,1,1,106.715487,-693.208340,0.000000,NULL,NULL,NULL,NULL,NULL,0.608608,-3.953428,174.570000
0,1,1,36.054637,-700.447044,0.000000,NULL,NULL,NULL,NULL,NULL,0.205623,-3.994711,174.570000
0,1,1,130.061416,-689.209712,0.000000,NULL,NULL,NULL,NULL,NULL,0.741752,-3.930624,174.570000
0,1,1,887.803030,339.002305,0.000000,NULL,NULL,NULL,NULL,NULL,3.736841,1.426891,174.570000
0,1,1,-635.157518,863.669036,0.000000,NULL,NULL,NULL,NULL,NULL,-2.369820,3.222414,174.570000
0,1,1,153.259015,-684.425067,0.000000,NULL,NULL,NULL,NULL,NULL,0.874050,-3.903337,174.570000
0,1,1,-894.458719,14.869457,0.000000,NULL,NULL,NULL,NULL,NULL,-3.999447,0.066487,174.570000
0,1,1,858.444319,470.671177,0.000000,NULL,NULL,NULL,NULL,NULL,3.507402,1.923052,174.570000
0,1,1,-373.195535,-645.436908,0.000000,NULL,NULL,NULL,NULL,NULL,-2.002222,-3.462818,174.570000
0,1,1,-941.495059,268.412109,0.000000,NULL,NULL,NULL,NULL,NULL,-3.846728,1.096669,174.570000
0,1,1,176.281829,-678.859864,0.000000,NULL,NULL,NULL,NULL,NULL,1.005351,-3.871598,174.570000
0,1,1,705.589314,-360.572355,0.000000,NULL,NULL,NULL,NULL,NULL,3.561866,-1.820195,174.570000
0,1,1,-866.624563,-39.497308,0.000000,NULL,NULL,NULL,NULL,NULL,-3.995852,-0.182115,174.570000
0,1,1,-813.935963,64.262554,0.000000,NULL,NULL,NULL,NULL,NULL,-3.987591,0.314832,174.570000
0,1,1,623.327015,-449.154538,0.000000,NULL,NULL,NULL,NULL,NULL,3.245251,-2.338450,174.570000
0,1,1,475.980666,960.620467,0.000000,NULL,NULL,NULL,NULL,NULL,1.775920,3.584147,174.570000
0,1,1,-918.781262,72.540388,0.000000,NULL,NULL,NULL,NULL,NULL,-3.987591,0.314832,174.570000
0,1,1,-811.418591,650.268395,0.000000,NULL,NULL,NULL,NULL,NULL,-3.121347,2.501438,174.570000
0,1,1,531.926463,-522.415492,0.000000,NULL,NULL,NULL,NULL,NULL,2.853826,-2.802799,174.570000
0,1,1,-12.382875,-701.265045,0.000000,NULL,NULL,NULL,NULL,NULL,-0.070621,-3.999377,174.570000
0,1,1,199.103600,-672.520449,0.000000,NULL,NULL,NULL,NULL,NULL,1.135505,-3.835444,174.570000
0,1,1,-240.027422,-681.814752,0.000000,NULL,NULL,NULL,NULL,NULL,-1.328263,-3.773025,174.570000
0,1,1,-601.514359,-515.799554,0.000000,NULL,NULL,NULL,NULL,NULL,-3.036488,-2.603793,174.570000
0,1,1,375.863584,469.151245,0.000000,NULL,NULL,NULL,NULL,NULL,2.500981,3.121713,174.570000
0,1,1,686.536975,780.971253,0.000000,NULL,NULL,NULL,NULL,NULL,2.640955,3.004223,174.570000
0,1,1,413.298613,-593.016674,0.000000,NULL,NULL,NULL,NULL,NULL,2.287111,-3.281634,174.570000
0,1,1,795.475031,621.408231,0.000000,NULL,NULL,NULL,NULL,NULL,3.152206,2.462437,174.570000
0,1,1,886.325056,252.683618,0.000000,NULL,NULL,NULL,NULL,NULL,3.846728,1.096669,174.570000
0,1,1,-36.054637,-700.447044,0.000000,NULL,NULL,NULL,NULL,NULL,-0.205623,-3.994711,174.570000
0,1,1,-926.987350,314.884833,0.000000,NULL,NULL,NULL,NULL,NULL,-3.787453,1.286546,174.570000
0,1,1,221.698302,-665.414053,0.000000,NULL,NULL,NULL,NULL,NULL,1.264365,-3.794915,174.570000
0,1,1,-500.793259,-582.651249,0.000000,NULL,NULL,NULL,NULL,NULL,-2.607299,-3.033479,174.570000
0,1,1,-891.075741,474.249656,0.000000,NULL,NULL,NULL,NULL,NULL,-3.531041,1.879296,174.570000
0,1,1,-613.486694,879.194718,0.000000,NULL,NULL,NULL,NULL,NULL,-2.288965,3.280341,174.570000
0,1,1,-794.999315,670.242646,0.000000,NULL,NULL,NULL,NULL,NULL,-3.058186,2.578275,174.570000
0,1,1,-933.098703,180.121051,0.000000,NULL,NULL,NULL,NULL,NULL,-3.927495,0.758145,174.570000
0,1,1,853.777660,153.824175,0.000000,NULL,NULL,NULL,NULL,NULL,3.936617,0.709256,174.570000
0,1,1,-59.685280,-698.830213,0.000000,NULL,NULL,NULL,NULL,NULL,-0.340390,-3.985490,174.570000
0,1,1,244.040166,-657.548778,0.000000,NULL,NULL,NULL,NULL,NULL,1.391783,-3.750059,174.570000
0,1,1,12.382875,-701.265045,0.000000,NULL,NULL,NULL,NULL,NULL,0.070621,-3.999377,174.570000
0,1,1,-394.776465,-632.467589,0.000000,NULL,NULL,NULL,NULL,NULL,-2.118006,-3.393236,174.570000
0,1,1,-591.436537,894.176772,0.000000,NULL,NULL,NULL,NULL,NULL,-2.206694,3.336241,174.570000
0,1,1,836.329184,97.527609,0.000000,NULL,NULL,NULL,NULL,NULL,3.973077,0.463316,174.570000
0,1,1,868.851635,213.012525,0.000000,NULL,NULL,NULL,NULL,NULL,3.884949,0.952456,174.570000
0,1,1,-916.693550,95.362740,0.000000,NULL,NULL,NULL,NULL,NULL,-3.978530,0.413883,174.570000
0,1,1,-262.912618,-673.321226,0.000000,NULL,NULL,NULL,NULL,NULL,-1.454905,-3.726023,174.570000
0,1,1,775.257362,-256.119995,0.000000,NULL,NULL,NULL,NULL,NULL,3.798099,-1.254769,174.570000
0,1,1,779.778269,640.994980,0.000000,NULL,NULL,NULL,NULL,NULL,3.090005,2.540053,174.570000
0,1,1,-879.008407,496.258939,0.000000,NULL,NULL,NULL,NULL,NULL,-3.483222,1.966511,174.570000
0,1,1,433.086660,-578.723132,0.000000,NULL,NULL,NULL,NULL,NULL,2.396614,-3.202537,174.570000
0,1,1,849.688986,175.005134,0.000000,NULL,NULL,NULL,NULL,NULL,3.917765,0.806918,174.570000
0,1,1,266.103712,-648.933597,0.000000,NULL,NULL,NULL,NULL,NULL,1.517613,-3.700926,174.570000
0,1,1,-83.247854,-696.416394,0.000000,NULL,NULL,NULL,NULL,NULL,-0.474770,-3.971724,174.570000
0,1,1,-893.812468,37.104878,0.000000,NULL,NULL,NULL,NULL,NULL,-3.996558,0.165909,174.570000
0,1,1,-867.338705,-17.937154,0.000000,NULL,NULL,NULL,NULL,NULL,-3.999145,-0.082705,174.570000
0,1,1,879.099526,360.972028,0.000000,NULL,NULL,NULL,NULL,NULL,3.700208,1.519363,174.570000
0,1,1,549.262956,-504.156637,0.000000,NULL,NULL,NULL,NULL,NULL,2.946837,-2.704838,174.570000
0,1,1,846.476049,491.870211,0.000000,NULL,NULL,NULL,NULL,NULL,3.458503,2.009666,174.570000
0,1,1,879.768257,274.643278,0.000000,NULL,NULL,NULL,NULL,NULL,3.818271,1.191976,174.570000
0,1,1,666.906483,797.800012,0.000000,NULL,NULL,NULL,NULL,NULL,2.565441,3.068959,174.570000
0,1,1,638.137668,-427.851239,0.000000,NULL,NULL,NULL,NULL,NULL,3.322360,-2.227538,174.570000
0,1,1,427.636748,983.095157,0.000000,NULL,NULL,NULL,NULL,NULL,1.595545,3.668002,174.570000
0,1,1,717.362005,-336.541910,0.000000,NULL,NULL,NULL,NULL,NULL,3.621295,-1.698888,174.570000
0,1,1,-867.516549,3.634092,0.000000,NULL,NULL,NULL,NULL,NULL,-3.999965,0.016756,174.570000
0,1,1,-928.331654,203.266135,0.000000,NULL,NULL,NULL,NULL,NULL,-3.907430,0.855565,174.570000
0,1,1,-569.020679,908.605934,0.000000,NULL,NULL,NULL,NULL,NULL,-2.123059,3.390077,174.570000
0,1,1,-106.715487,-693.208340,0.000000,NULL,NULL,NULL,NULL,NULL,-0.608608,-3.953428,174.570000
0,1,1,287.863778,-639.578333,0.000000,NULL,NULL,NULL,NULL,NULL,1.641713,-3.647572,174.570000
0,1,1,-520.181417,-565.409286,0.000000,NULL,NULL,NULL,NULL,NULL,-2.708240,-2.943711,174.570000
0,1,1,-618.587777,-495.194776,0.000000,NULL,NULL,NULL,NULL,NULL,-3.122676,-2.499779,174.570000
0,1,1,833.645675,118.292130,0.000000,NULL,NULL,NULL,NULL,NULL,3.960328,0.561960,174.570000
0,1,1,-778.088471,689.802470,0.000000,NULL,NULL,NULL,NULL,NULL,-2.993134,2.653517,174.570000
0,1,1,180.359731,-573.451560,0.000000,NULL,NULL,NULL,NULL,NULL,1.200106,-3.815723,174.570000
0,1,1,-273.756768,535.194877,0.000000,NULL,NULL,NULL,NULL,NULL,-1.821566,3.561165,174.570000
0,1,1,-285.497973,-664.059806,0.000000,NULL,NULL,NULL,NULL,NULL,-1.579888,-3.674773,174.570000
0,1,1,-918.871395,337.836300,0.000000,NULL,NULL,NULL,NULL,NULL,-3.754293,1.380320,174.570000
0,1,1,-415.907169,-618.776968,0.000000,NULL,NULL,NULL,NULL,NULL,-2.231373,-3.319785,174.570000
0,1,1,-415.366567,-84.660417,0.000000,NULL,NULL,NULL,NULL,NULL,-3.919416,-0.798859,174.570000
0,1,1,403.060645,993.424075,0.000000,NULL,NULL,NULL,NULL,NULL,1.503849,3.706540,174.570000
0,1,1,646.863626,814.135471,0.000000,NULL,NULL,NULL,NULL,NULL,2.488341,3.131798,174.570000
0,1,1,816.294336,-16.881521,0.000000,NULL,NULL,NULL,NULL,NULL,3.999145,-0.082705,174.570000
0,1,1,452.380790,-563.769580,0.000000,NULL,NULL,NULL,NULL,NULL,2.503384,-3.119787,174.570000
0,1,1,-839.108759,-69.675175,0.000000,NULL,NULL,NULL,NULL,NULL,-3.986281,-0.331000,174.570000
0,1,1,-130.061416,-689.209712,0.000000,NULL,NULL,NULL,NULL,NULL,-0.741752,-3.930624,174.570000
0,1,1,309.295547,-629.493656,0.000000,NULL,NULL,NULL,NULL,NULL,1.763940,-3.590058,174.570000
0,1,1,869.852454,382.718552,0.000000,NULL,NULL,NULL,NULL,NULL,3.661286,1.610896,174.570000
0,1,1,-375.863584,469.151245,0.000000,NULL,NULL,NULL,NULL,NULL,-2.500981,3.121713,174.570000
0,1,1,830.446701,138.983507,0.000000,NULL,NULL,NULL,NULL,NULL,3.945131,0.660257,174.570000
0,1,1,-576.611940,-169.985278,0.000000,NULL,NULL,NULL,NULL,NULL,-3.836752,-1.131075,174.570000
0,1,1,-546.252982,922.473282,0.000000,NULL,NULL,NULL,NULL,NULL,-2.038111,3.441817,174.570000
0,1,1,-866.397559,517.961372,0.000000,NULL,NULL,NULL,NULL,NULL,-3.433249,2.052511,174.570000
0,1,1,763.599351,660.185387,0.000000,NULL,NULL,NULL,NULL,NULL,3.025894,2.616098,174.570000
0,1,1,-914.039022,118.126128,0.000000,NULL,NULL,NULL,NULL,NULL,-3.967009,0.512678,174.570000
0,1,1,863.286629,234.549987,0.000000,NULL,NULL,NULL,NULL,NULL,3.860066,1.048758,174.570000
0,1,1,652.220552,-406.059994,0.000000,NULL,NULL,NULL,NULL,NULL,3.395680,-2.114085,174.570000
0,1,1,565.973036,-485.322812,0.000000,NULL,NULL,NULL,NULL,NULL,3.036488,-2.603793,174.570000
0,1,1,-307.757729,-654.041053,0.000000,NULL,NULL,NULL,NULL,NULL,-1.703069,-3.619331,174.570000
0,1,1,-153.259015,-684.425067,0.000000,NULL,NULL,NULL,NULL,NULL,-0.874050,-3.903337,174.570000
0,1,1,378.235319,1003.138734,0.000000,NULL,NULL,NULL,NULL,NULL,1.411224,3.742786,174.570000
0,1,1,845.074928,196.077882,0.000000,NULL,NULL,NULL,NULL,NULL,3.896491,0.904080,174.570000
0,1,1,-892.613551,59.317356,0.000000,NULL,NULL,NULL,NULL,NULL,-3.991197,0.265229,174.570000
0,1,1,833.984381,512.765110,0.000000,NULL,NULL,NULL,NULL,NULL,3.407465,2.095038,174.570000
0,1,1,330.374577,-618.691068,0.000000,NULL,NULL,NULL,NULL,NULL,1.884155,-3.528450,174.570000
0,1,1,-807.899403,-117.982978,0.000000,NULL,NULL,NULL,NULL,NULL,-3.958017,-0.578016,174.570000
0,1,1,-112.374921,-408.740319,0.000000,NULL,NULL,NULL,NULL,NULL,-1.060374,-3.856891,174.570000
0,1,1,451.948432,972.158367,0.000000,NULL,NULL,NULL,NULL,NULL,1.686253,3.627196,174.570000
0,1,1,-760.696515,708.935771,0.000000,NULL,NULL,NULL,NULL,NULL,-2.926231,2.727118,174.570000
0,1,1,872.667475,296.433120,0.000000,NULL,NULL,NULL,NULL,NULL,3.787453,1.286546,174.570000
0,1,1,-523.147523,935.770242,0.000000,NULL,NULL,NULL,NULL,NULL,-1.951903,3.491429,174.570000
0,1,1,-867.157987,25.203090,0.000000,NULL,NULL,NULL,NULL,NULL,-3.998312,0.116207,174.570000
0,1,1,-841.535002,-27.874356,0.000000,NULL,NULL,NULL,NULL,NULL,-3.997808,-0.132420,174.570000
0,1,1,471.158998,-548.173072,0.000000,NULL,NULL,NULL,NULL,NULL,2.607299,-3.033479,174.570000
0,1,1,-538.976329,-547.522496,0.000000,NULL,NULL,NULL,NULL,NULL,-2.806093,-2.850587,174.570000
0,1,1,-795.340821,184.538363,0.000000,NULL,NULL,NULL,NULL,NULL,-3.896491,0.904080,174.570000
0,1,1,-840.581756,-48.789850,0.000000,NULL,NULL,NULL,NULL,NULL,-3.993279,-0.231782,174.570000
0,1,1,-922.990595,226.285535,0.000000,NULL,NULL,NULL,NULL,NULL,-3.884949,0.952456,174.570000
0,1,1,626.420797,829.967530,0.000000,NULL,NULL,NULL,NULL,NULL,2.409702,3.192701,174.570000
0,1,1,-436.563548,-604.380656,0.000000,NULL,NULL,NULL,NULL,NULL,-2.342196,-3.242548,174.570000
0,1,1,-634.955721,-474.025248,0.000000,NULL,NULL,NULL,NULL,NULL,-3.205302,-2.392914,174.570000
0,1,1,353.176122,1012.233127,0.000000,NULL,NULL,NULL,NULL,NULL,1.317727,3.776718,174.570000
0,1,1,-910.187278,360.578873,0.000000,NULL,NULL,NULL,NULL,NULL,-3.718812,1.473241,174.570000
0,1,1,-176.281829,-678.859864,0.000000,NULL,NULL,NULL,NULL,NULL,-1.005351,-3.871598,174.570000
0,1,1,351.076829,-607.182888,0.000000,NULL,NULL,NULL,NULL,NULL,2.002222,-3.462818,174.570000
0,1,1,728.316574,-312.127654,0.000000,NULL,NULL,NULL,NULL,NULL,3.676595,-1.575643,174.570000
0,1,1,-499.718589,948.488591,0.000000,NULL,NULL,NULL,NULL,NULL,-1.864488,3.538882,174.570000
0,1,1,-329.666501,-643.276393,0.000000,NULL,NULL,NULL,NULL,NULL,-1.824308,-3.559761,174.570000
0,1,1,-853.250996,539.343537,0.000000,NULL,NULL,NULL,NULL,NULL,-3.381154,2.137241,174.570000
0,1,1,860.067530,404.228433,0.000000,NULL,NULL,NULL,NULL,NULL,3.620100,1.701433,174.570000
0,1,1,746.948280,678.967584,0.000000,NULL,NULL,NULL,NULL,NULL,2.959911,2.690526,174.570000
0,1,1,582.037647,-465.935496,0.000000,NULL,NULL,NULL,NULL,NULL,3.122676,-2.499779,174.570000
0,1,1,-742.834202,727.630720,0.000000,NULL,NULL,NULL,NULL,NULL,-2.857518,2.799034,174.570000
0,1,1,-475.980666,960.620467,0.000000,NULL,NULL,NULL,NULL,NULL,-1.775920,3.584147,174.570000
0,1,1,-199.103600,-672.520449,0.000000,NULL,NULL,NULL,NULL,NULL,-1.135505,-3.835444,174.570000
0,1,1,-910.819322,140.816474,0.000000,NULL,NULL,NULL,NULL,NULL,-3.953035,0.611156,174.570000
0,1,1,489.399869,-531.951395,0.000000,NULL,NULL,NULL,NULL,NULL,2.708240,-2.943711,174.570000
0,1,1,371.378691,-594.982240,0.000000,NULL,NULL,NULL,NULL,NULL,2.118006,-3.393236,174.570000
0,1,1,857.187831,255.942421,0.000000,NULL,NULL,NULL,NULL,NULL,3.832796,1.144411,174.570000
0,1,1,-900.940370,383.098492,0.000000,NULL,NULL,NULL,NULL,NULL,-3.681031,1.565251,174.570000
0,1,1,665.559604,-383.805653,0.000000,NULL,NULL,NULL,NULL,NULL,3.465128,-1.998222,174.570000
0,1,1,839.938339,217.029391,0.000000,NULL,NULL,NULL,NULL,NULL,3.872807,1.000684,174.570000
0,1,1,605.590637,845.286399,0.000000,NULL,NULL,NULL,NULL,NULL,2.329573,3.251629,174.570000
0,1,1,-890.862708,81.493156,0.000000,NULL,NULL,NULL,NULL,NULL,-3.983368,0.364385,174.570000
0,1,1,820.977040,533.342953,0.000000,NULL,NULL,NULL,NULL,NULL,3.354320,2.179114,174.570000
0,1,1,-557.156561,-529.011279,0.000000,NULL,NULL,NULL,NULL,NULL,-2.900745,-2.754211,174.570000
0,1,1,302.418223,1028.539010,0.000000,NULL,NULL,NULL,NULL,NULL,1.128345,3.837556,174.570000
0,1,1,-866.263239,46.756505,0.000000,NULL,NULL,NULL,NULL,NULL,-3.994186,0.215586,174.570000
0,1,1,-456.722044,-589.295074,0.000000,NULL,NULL,NULL,NULL,NULL,-2.450348,-3.161613,174.570000
0,1,1,865.027100,318.039670,0.000000,NULL,NULL,NULL,NULL,NULL,3.754293,1.380320,174.570000
0,1,1,-601.064002,-9.919164,0.000000,NULL,NULL,NULL,NULL,NULL,-3.999455,-0.066002,174.570000
0,1,1,-724.512575,745.875757,0.000000,NULL,NULL,NULL,NULL,NULL,-2.787039,2.869218,174.570000
0,1,1,738.440527,-287.357428,0.000000,NULL,NULL,NULL,NULL,NULL,3.727701,-1.450601,174.570000
0,1,1,-917.078828,249.165016,0.000000,NULL,NULL,NULL,NULL,NULL,-3.860066,1.048758,174.570000
0,1,1,-351.199301,-631.778102,0.000000,NULL,NULL,NULL,NULL,NULL,-1.943466,-3.496132,174.570000
0,1,1,-221.698302,-665.414053,0.000000,NULL,NULL,NULL,NULL,NULL,-1.264365,-3.794915,174.570000
0,1,1,391.257012,-582.103040,0.000000,NULL,NULL,NULL,NULL,NULL,2.231373,-3.319785,174.570000
0,1,1,276.750907,1035.740417,0.000000,NULL,NULL,NULL,NULL,NULL,1.032578,3.864425,174.570000
0,1,1,288.076238,-310.980470,0.000000,NULL,NULL,NULL,NULL,NULL,2.718299,-2.934425,174.570000
0,1,1,-650.599525,-452.315114,0.000000,NULL,NULL,NULL,NULL,NULL,-3.284273,-2.283319,174.570000
0,1,1,-839.576847,560.392212,0.000000,NULL,NULL,NULL,NULL,NULL,-3.326967,2.220650,174.570000
0,1,1,-427.636748,983.095157,0.000000,NULL,NULL,NULL,NULL,NULL,-1.595545,3.668002,174.570000
0,1,1,729.835353,697.329959,0.000000,NULL,NULL,NULL,NULL,NULL,2.892098,2.763290,174.570000
0,1,1,807.462069,553.591017,0.000000,NULL,NULL,NULL,NULL,NULL,3.299101,2.261843,174.570000
0,1,1,507.082599,-515.123050,0.000000,NULL,NULL,NULL,NULL,NULL,2.806093,-2.850587,174.570000
0,1,1,-841.967905,-6.941628,0.000000,NULL,NULL,NULL,NULL,NULL,-3.999864,-0.032977,174.570000
0,1,1,584.386024,860.082607,0.000000,NULL,NULL,NULL,NULL,NULL,2.248003,3.308547,174.570000
0,1,1,826.734242,159.588948,0.000000,NULL,NULL,NULL,NULL,NULL,3.927495,0.758145,174.570000
0,1,1,597.438469,-446.016799,0.000000,NULL,NULL,NULL,NULL,NULL,3.205302,-2.392914,174.570000
0,1,1,849.750805,425.488368,0.000000,NULL,NULL,NULL,NULL,NULL,3.576676,1.790918,174.570000
0,1,1,250.912469,1042.301400,0.000000,NULL,NULL,NULL,NULL,NULL,0.936173,3.888905,174.570000
0,1,1,-403.060645,993.424075,0.000000,NULL,NULL,NULL,NULL,NULL,-1.503849,3.706540,174.570000
0,1,1,-705.742965,763.659600,0.000000,NULL,NULL,NULL,NULL,NULL,-2.714836,2.937629,174.570000
0,1,1,-891.136388,405.381232,0.000000,NULL,NULL,NULL,NULL,NULL,-3.640974,1.656293,174.570000
0,1,1,-244.040166,-657.548778,0.000000,NULL,NULL,NULL,NULL,NULL,-1.391783,-3.750059,174.570000
0,1,1,-907.036439,163.419751,0.000000,NULL,NULL,NULL,NULL,NULL,-3.936617,0.709256,174.570000
0,1,1,850.559012,277.176600,0.000000,NULL,NULL,NULL,NULL,NULL,3.803156,1.239357,174.570000
0,1,1,-825.383566,581.094383,0.000000,NULL,NULL,NULL,NULL,NULL,-3.270724,2.302686,174.570000
0,1,1,834.282395,237.846705,0.000000,NULL,NULL,NULL,NULL,NULL,3.846728,1.096669,174.570000
0,1,1,-888.561023,103.618568,0.000000,NULL,NULL,NULL,NULL,NULL,-3.973077,0.463316,174.570000
0,1,1,-476.359667,-573.537424,0.000000,NULL,NULL,NULL,NULL,NULL,-2.555706,-3.077072,174.570000
0,1,1,-372.331572,-619.559294,0.000000,NULL,NULL,NULL,NULL,NULL,-2.060408,-3.428516,174.570000
0,1,1,410.689120,-568.559975,0.000000,NULL,NULL,NULL,NULL,NULL,2.342196,-3.242548,174.570000
0,1,1,678.139613,-361.113599,0.000000,NULL,NULL,NULL,NULL,NULL,3.530624,-1.880079,174.570000
0,1,1,224.918885,1048.217902,0.000000,NULL,NULL,NULL,NULL,NULL,0.839189,3.910980,174.570000
0,1,1,-864.832859,68.281009,0.000000,NULL,NULL,NULL,NULL,NULL,-3.987591,0.314832,174.570000
0,1,1,822.510592,180.095711,0.000000,NULL,NULL,NULL,NULL,NULL,3.907430,0.855565,174.570000
0,1,1,-378.235319,1003.138734,0.000000,NULL,NULL,NULL,NULL,NULL,-1.411224,3.742786,174.570000
0,1,1,-574.701379,-509.896746,0.000000,NULL,NULL,NULL,NULL,NULL,-2.992089,-2.654694,174.570000
0,1,1,562.820071,874.347004,0.000000,NULL,NULL,NULL,NULL,NULL,2.165044,3.363419,174.570000
0,1,1,712.271150,715.261157,0.000000,NULL,NULL,NULL,NULL,NULL,2.822497,2.834345,174.570000
0,1,1,327.898546,1020.701631,0.000000,NULL,NULL,NULL,NULL,NULL,1.223414,3.808314,174.570000
0,1,1,856.851858,339.449567,0.000000,NULL,NULL,NULL,NULL,NULL,3.718812,1.473241,174.570000
0,1,1,-32.502148,-422.658706,0.000000,NULL,NULL,NULL,NULL,NULL,-0.306692,-3.988225,174.570000
0,1,1,198.786229,1053.486265,0.000000,NULL,NULL,NULL,NULL,NULL,0.741686,3.930636,174.570000
0,1,1,-910.600008,271.890433,0.000000,NULL,NULL,NULL,NULL,NULL,-3.832796,1.144411,174.570000
0,1,1,524.187023,-497.707227,0.000000,NULL,NULL,NULL,NULL,NULL,2.900745,-2.754211,174.570000
0,1,1,796.858970,-177.868519,0.000000,NULL,NULL,NULL,NULL,NULL,3.903928,-0.871404,174.570000
0,1,1,-665.501346,-430.089133,0.000000,NULL,NULL,NULL,NULL,NULL,-3.359499,-2.171121,174.570000
0,1,1,-353.176122,1012.233127,0.000000,NULL,NULL,NULL,NULL,NULL,-1.317727,3.776718,174.570000
0,1,1,-60.802062,598.063068,0.000000,NULL,NULL,NULL,NULL,NULL,-0.404574,3.979487,174.570000
0,1,1,817.778363,200.491116,0.000000,NULL,NULL,NULL,NULL,NULL,3.884949,0.952456,174.570000
0,1,1,747.722319,-262.259483,0.000000,NULL,NULL,NULL,NULL,NULL,3.774556,-1.323905,174.570000
0,1,1,-266.103712,-648.933597,0.000000,NULL,NULL,NULL,NULL,NULL,-1.517613,-3.700926,174.570000
0,1,1,-686.536975,780.971253,0.000000,NULL,NULL,NULL,NULL,NULL,-2.640955,3.004223,174.570000
0,1,1,172.530658,1058.103231,0.000000,NULL,NULL,NULL,NULL,NULL,0.643725,3.947863,174.570000
0,1,1,-902.692712,185.921980,0.000000,NULL,NULL,NULL,NULL,NULL,-3.917765,0.806918,174.570000
0,1,1,-841.880198,13.995393,0.000000,NULL,NULL,NULL,NULL,NULL,-3.999447,0.066487,174.570000
0,1,1,793.447823,573.496781,0.000000,NULL,NULL,NULL,NULL,NULL,3.241842,2.343173,174.570000
0,1,1,429.652854,-554.368491,0.000000,NULL,NULL,NULL,NULL,NULL,2.450348,-3.161613,174.570000
0,1,1,-451.948432,972.158367,0.000000,NULL,NULL,NULL,NULL,NULL,-1.686253,3.627196,174.570000
0,1,1,612.157936,-425.589439,0.000000,NULL,NULL,NULL,NULL,NULL,3.284273,-2.283319,174.570000
0,1,1,540.906112,888.070771,0.000000,NULL,NULL,NULL,NULL,NULL,2.080746,3.416211,174.570000
0,1,1,146.168407,1062.065946,0.000000,NULL,NULL,NULL,NULL,NULL,0.545365,3.962648,174.570000
0,1,1,-302.418223,1028.539010,0.000000,NULL,NULL,NULL,NULL,NULL,-1.128345,3.837556,174.570000
0,1,1,-393.039215,-606.633905,0.000000,NULL,NULL,NULL,NULL,NULL,-2.175000,-3.356989,174.570000
0,1,1,838.908658,446.485214,0.000000,NULL,NULL,NULL,NULL,NULL,3.531041,1.879296,174.570000
0,1,1,-810.679930,601.437249,0.000000,NULL,NULL,NULL,NULL,NULL,-3.212458,2.383298,174.570000
0,1,1,-495.454021,-557.125679,0.000000,NULL,NULL,NULL,NULL,NULL,-2.658148,-2.989021,174.570000
0,1,1,-880.781395,427.413314,0.000000,NULL,NULL,NULL,NULL,NULL,-3.598666,1.746311,174.570000
0,1,1,-180.359731,-573.451560,0.000000,NULL,NULL,NULL,NULL,NULL,-1.200106,-3.815723,174.570000
0,1,1,-903.558141,294.447733,0.000000,NULL,NULL,NULL,NULL,NULL,-3.803156,1.239357,174.570000
0,1,1,848.146803,360.649575,0.000000,NULL,NULL,NULL,NULL,NULL,3.681031,1.565251,174.570000
0,1,1,119.715776,1065.371958,0.000000,NULL,NULL,NULL,NULL,NULL,0.446669,3.974983,174.570000
0,1,1,-276.750907,1035.740417,0.000000,NULL,NULL,NULL,NULL,NULL,-1.032578,3.864425,174.570000
0,1,1,563.824255,-208.515067,0.000000,NULL,NULL,NULL,NULL,NULL,3.751664,-1.387451,174.570000
0,1,1,-885.709919,125.679909,0.000000,NULL,NULL,NULL,NULL,NULL,-3.960328,0.561960,174.570000
0,1,1,60.802062,598.063068,0.000000,NULL,NULL,NULL,NULL,NULL,0.404574,3.979487,174.570000
0,1,1,694.266532,732.750091,0.000000,NULL,NULL,NULL,NULL,NULL,2.751150,2.903648,174.570000
0,1,1,843.404271,298.239393,0.000000,NULL,NULL,NULL,NULL,NULL,3.771165,1.333536,174.570000
0,1,1,828.110594,258.516952,0.000000,NULL,NULL,NULL,NULL,NULL,3.818271,1.191976,174.570000
0,1,1,-840.143494,55.830533,0.000000,NULL,NULL,NULL,NULL,NULL,-3.991197,0.265229,174.570000
0,1,1,-287.863778,-639.578333,0.000000,NULL,NULL,NULL,NULL,NULL,-1.641713,-3.647572,174.570000
0,1,1,-862.867731,89.763293,0.000000,NULL,NULL,NULL,NULL,NULL,-3.978530,0.413883,174.570000
0,1,1,93.189122,1068.019224,0.000000,NULL,NULL,NULL,NULL,NULL,0.347696,3.984860,174.570000
0,1,1,-841.271936,34.923760,0.000000,NULL,NULL,NULL,NULL,NULL,-3.996558,0.165909,174.570000
0,1,1,-250.912469,1042.301400,0.000000,NULL,NULL,NULL,NULL,NULL,-0.936173,3.888905,174.570000
0,1,1,-666.906483,797.800012,0.000000,NULL,NULL,NULL,NULL,NULL,-2.565441,3.068959,174.570000
0,1,1,-591.590773,-490.200697,0.000000,NULL,NULL,NULL,NULL,NULL,-3.080021,-2.552150,174.570000
0,1,1,540.693632,-479.723790,0.000000,NULL,NULL,NULL,NULL,NULL,2.992089,-2.654694,174.570000
0,1,1,689.946232,-338.009708,0.000000,NULL,NULL,NULL,NULL,NULL,3.592093,-1.759793,174.570000
0,1,1,66.604847,1070.006108,0.000000,NULL,NULL,NULL,NULL,NULL,0.248508,3.992273,174.570000
0,1,1,448.126586,-539.544772,0.000000,NULL,NULL,NULL,NULL,NULL,2.555706,-3.077072,174.570000
0,1,1,-224.918885,1048.217902,0.000000,NULL,NULL,NULL,NULL,NULL,-0.839189,3.910980,174.570000
0,1,1,812.540482,220.762552,0.000000,NULL,NULL,NULL,NULL,NULL,3.860066,1.048758,174.570000
0,1,1,518.657698,901.245421,0.000000,NULL,NULL,NULL,NULL,NULL,1.995161,3.466891,174.570000
0,1,1,39.979389,1071.331379,0.000000,NULL,NULL,NULL,NULL,NULL,0.149166,3.997218,174.570000
0,1,1,-198.786229,1053.486265,0.000000,NULL,NULL,NULL,NULL,NULL,-0.741686,3.930636,174.570000
0,1,1,626.179262,-404.676711,0.000000,NULL,NULL,NULL,NULL,NULL,3.359499,-2.171121,174.570000
0,1,1,827.547792,467.205986,0.000000,NULL,NULL,NULL,NULL,NULL,3.483222,1.966511,174.570000
0,1,1,13.329210,1071.994220,0.000000,NULL,NULL,NULL,NULL,NULL,0.049732,3.999691,174.570000
0,1,1,32.502148,-422.658706,0.000000,NULL,NULL,NULL,NULL,NULL,0.306692,-3.988225,174.570000
0,1,1,-172.530658,1058.103231,0.000000,NULL,NULL,NULL,NULL,NULL,-0.643725,3.947863,174.570000
0,1,1,-679.644190,-407.372653,0.000000,NULL,NULL,NULL,NULL,NULL,-3.430893,-2.056447,174.570000
0,1,1,-646.863626,814.135471,0.000000,NULL,NULL,NULL,NULL,NULL,-2.488341,3.131798,174.570000
0,1,1,-13.329210,1071.994220,0.000000,NULL,NULL,NULL,NULL,NULL,-0.049732,3.999691,174.570000
0,1,1,778.942969,593.047938,0.000000,NULL,NULL,NULL,NULL,NULL,3.182578,2.423055,174.570000
0,1,1,-146.168407,1062.065946,0.000000,NULL,NULL,NULL,NULL,NULL,-0.545365,3.962648,174.570000
0,1,1,-413.298613,-593.016674,0.000000,NULL,NULL,NULL,NULL,NULL,-2.287111,-3.281634,174.570000
0,1,1,-897.790829,208.309250,0.000000,NULL,NULL,NULL,NULL,NULL,-3.896491,0.904080,174.570000
0,1,1,-39.979389,1071.331379,0.000000,NULL,NULL,NULL,NULL,NULL,-0.149166,3.997218,174.570000
0,1,1,-66.604847,1070.006108,0.000000,NULL,NULL,NULL,NULL,NULL,-0.248508,3.992273,174.570000
0,1,1,-119.715776,1065.371958,0.000000,NULL,NULL,NULL,NULL,NULL,-0.446669,3.974983,174.570000
0,1,1,-93.189122,1068.019224,0.000000,NULL,NULL,NULL,NULL,NULL,-0.347696,3.984860,174.570000
0,1,1,-795.475031,621.408231,0.000000,NULL,NULL,NULL,NULL,NULL,-3.152206,2.462437,174.570000
0,1,1,-309.295547,-629.493656,0.000000,NULL,NULL,NULL,NULL,NULL,-1.763940,-3.590058,174.570000
0,1,1,756.151365,-236.862442,0.000000,NULL,NULL,NULL,NULL,NULL,3.817107,-1.195699,174.570000
0,1,1,-869.881792,449.181116,0.000000,NULL,NULL,NULL,NULL,NULL,-3.554133,1.835249,174.570000
0,1,1,-513.983331,-540.078554,0.000000,NULL,NULL,NULL,NULL,NULL,-2.757559,-2.897562,174.570000
0,1,1,675.832632,749.785948,0.000000,NULL,NULL,NULL,NULL,NULL,2.678103,2.971156,174.570000
0,1,1,-895.957582,316.822969,0.000000,NULL,NULL,NULL,NULL,NULL,-3.771165,1.333536,174.570000
0,1,1,496.088585,913.862808,0.000000,NULL,NULL,NULL,NULL,NULL,1.908343,3.515427,174.570000
0,1,1,466.089249,-524.105725,0.000000,NULL,NULL,NULL,NULL,NULL,2.658148,-2.989021,174.570000
0,1,1,838.917318,381.626584,0.000000,NULL,NULL,NULL,NULL,NULL,3.640974,1.656293,174.570000
0,1,1,-745.991903,-331.839582,0.000000,NULL,NULL,NULL,NULL,NULL,-3.654723,-1.625730,174.570000
0,1,1,-882.311158,147.663539,0.000000,NULL,NULL,NULL,NULL,NULL,-3.945131,0.660257,174.570000
0,1,1,-860.369071,111.190074,0.000000,NULL,NULL,NULL,NULL,NULL,-3.967009,0.512678,174.570000
0,1,1,821.426751,279.027352,0.000000,NULL,NULL,NULL,NULL,NULL,3.787453,1.286546,174.570000
0,1,1,-327.898546,1020.701631,0.000000,NULL,NULL,NULL,NULL,NULL,-1.223414,3.808314,174.570000
0,1,1,835.728032,319.117777,0.000000,NULL,NULL,NULL,NULL,NULL,3.736841,1.426891,174.570000
0,1,1,556.583603,-461.193248,0.000000,NULL,NULL,NULL,NULL,NULL,3.080021,-2.552150,174.570000
0,1,1,-626.420797,829.967530,0.000000,NULL,NULL,NULL,NULL,NULL,-2.409702,3.192701,174.570000
0,1,1,353.371882,736.036508,0.000000,NULL,NULL,NULL,NULL,NULL,1.731220,3.605950,174.570000
0,1,1,-779.778269,640.994980,0.000000,NULL,NULL,NULL,NULL,NULL,-3.090005,2.540053,174.570000
0,1,1,-607.805483,-469.945594,0.000000,NULL,NULL,NULL,NULL,NULL,-3.164440,-2.446695,174.570000
0,1,1,-858.444319,470.671177,0.000000,NULL,NULL,NULL,NULL,NULL,-3.507402,1.923052,174.570000
0,1,1,-330.374577,-618.691068,0.000000,NULL,NULL,NULL,NULL,NULL,-1.884155,-3.528450,174.570000
0,1,1,473.212727,925.915132,0.000000,NULL,NULL,NULL,NULL,NULL,1.820344,3.561790,174.570000
0,1,1,810.583185,-97.858714,0.000000,NULL,NULL,NULL,NULL,NULL,3.971165,-0.479424,174.570000
0,1,1,700.965996,-314.520332,0.000000,NULL,NULL,NULL,NULL,NULL,3.649465,-1.637499,174.570000
0,1,1,-433.086660,-578.723132,0.000000,NULL,NULL,NULL,NULL,NULL,-2.396614,-3.202537,174.570000
0,1,1,815.675234,487.637873,0.000000,NULL,NULL,NULL,NULL,NULL,3.433249,2.052511,174.570000
0,1,1,639.486457,-383.302467,0.000000,NULL,NULL,NULL,NULL,NULL,3.430893,-2.056447,174.570000
0,1,1,763.956475,612.232399,0.000000,NULL,NULL,NULL,NULL,NULL,3.121347,2.501438,174.570000
0,1,1,-892.333819,230.567717,0.000000,NULL,NULL,NULL,NULL,NULL,-3.872807,1.000684,174.570000
0,1,1,274.168750,-534.983944,0.000000,NULL,NULL,NULL,NULL,NULL,1.824308,-3.559761,174.570000
0,1,1,-531.926463,-522.415492,0.000000,NULL,NULL,NULL,NULL,NULL,-2.853826,-2.802799,174.570000
0,1,1,407.652692,116.258564,0.000000,NULL,NULL,NULL,NULL,NULL,3.846628,1.097021,174.570000
0,1,1,483.520355,-508.068956,0.000000,NULL,NULL,NULL,NULL,NULL,2.757559,-2.897562,174.570000
0,1,1,656.980847,766.358193,0.000000,NULL,NULL,NULL,NULL,NULL,2.603399,3.036826,174.570000
0,1,1,-605.590637,845.286399,0.000000,NULL,NULL,NULL,NULL,NULL,-2.329573,3.251629,174.570000
0,1,1,-288.076238,-310.980470,0.000000,NULL,NULL,NULL,NULL,NULL,-2.718299,-2.934425,174.570000
0,1,1,-693.011928,-384.191581,0.000000,NULL,NULL,NULL,NULL,NULL,-3.498374,-1.939427,174.570000
0,1,1,450.044270,937.394939,0.000000,NULL,NULL,NULL,NULL,NULL,1.731220,3.605950,174.570000
0,1,1,-887.803030,339.002305,0.000000,NULL,NULL,NULL,NULL,NULL,-3.736841,1.426891,174.570000
0,1,1,-763.599351,660.185387,0.000000,NULL,NULL,NULL,NULL,NULL,-3.025894,2.616098,174.570000
0,1,1,-838.495570,76.702785,0.000000,NULL,NULL,NULL,NULL,NULL,-3.983368,0.364385,174.570000
0,1,1,-351.076829,-607.182888,0.000000,NULL,NULL,NULL,NULL,NULL,-2.002222,-3.462818,174.570000
0,1,1,829.169109,402.367624,0.000000,NULL,NULL,NULL,NULL,NULL,3.598666,1.746311,174.570000
0,1,1,763.718051,-211.195269,0.000000,NULL,NULL,NULL,NULL,NULL,3.855304,-1.066129,174.570000
0,1,1,571.838813,-442.136734,0.000000,NULL,NULL,NULL,NULL,NULL,3.164440,-2.446695,174.570000
0,1,1,-857.338422,132.548104,0.000000,NULL,NULL,NULL,NULL,NULL,-3.953035,0.611156,174.570000
0,1,1,-878.366842,169.555866,0.000000,NULL,NULL,NULL,NULL,NULL,-3.927495,0.758145,174.570000
0,1,1,748.497607,631.038301,0.000000,NULL,NULL,NULL,NULL,NULL,3.058186,2.578275,174.570000
0,1,1,814.234999,299.365222,0.000000,NULL,NULL,NULL,NULL,NULL,3.754293,1.380320,174.570000
0,1,1,827.535042,339.798843,0.000000,NULL,NULL,NULL,NULL,NULL,3.700208,1.519363,174.570000
0,1,1,806.800186,240.897485,0.000000,NULL,NULL,NULL,NULL,NULL,3.832796,1.144411,174.570000
0,1,1,-584.386024,860.082607,0.000000,NULL,NULL,NULL,NULL,NULL,-2.248003,3.308547,174.570000
0,1,1,815.622222,-37.172824,0.000000,NULL,NULL,NULL,NULL,NULL,3.995852,-0.182115,174.570000
0,1,1,711.186336,-290.672258,0.000000,NULL,NULL,NULL,NULL,NULL,3.702676,-1.513338,174.570000
0,1,1,576.480892,170.429180,0.000000,NULL,NULL,NULL,NULL,NULL,3.835880,1.134029,174.570000
0,1,1,637.722835,782.456580,0.000000,NULL,NULL,NULL,NULL,NULL,2.527086,3.100619,174.570000
0,1,1,-846.476049,491.870211,0.000000,NULL,NULL,NULL,NULL,NULL,-3.458503,2.009666,174.570000
0,1,1,389.525583,717.559230,0.000000,NULL,NULL,NULL,NULL,NULL,1.908343,3.515427,174.570000
0,1,1,-452.380790,-563.769580,0.000000,NULL,NULL,NULL,NULL,NULL,-2.503384,-3.119787,174.570000
0,1,1,500.400027,-491.452756,0.000000,NULL,NULL,NULL,NULL,NULL,2.853826,-2.802799,174.570000
0,1,1,-873.879409,191.343351,0.000000,NULL,NULL,NULL,NULL,NULL,-3.907430,0.855565,174.570000
0,1,1,426.597540,948.295131,0.000000,NULL,NULL,NULL,NULL,NULL,1.641026,3.647881,174.570000
0,1,1,-623.327015,-449.154538,0.000000,NULL,NULL,NULL,NULL,NULL,-3.245251,-2.338450,174.570000
0,1,1,803.298322,507.768242,0.000000,NULL,NULL,NULL,NULL,NULL,3.381154,2.137241,174.570000
0,1,1,818.830366,360.269803,0.000000,NULL,NULL,NULL,NULL,NULL,3.661286,1.610896,174.570000
0,1,1,-562.820071,874.347004,0.000000,NULL,NULL,NULL,NULL,NULL,-2.165044,3.363419,174.570000
0,1,1,-886.325056,252.683618,0.000000,NULL,NULL,NULL,NULL,NULL,-3.846728,1.096669,174.570000
0,1,1,652.064343,-361.491081,0.000000,NULL,NULL,NULL,NULL,NULL,3.498374,-1.939427,174.570000
0,1,1,-549.262956,-504.156637,0.000000,NULL,NULL,NULL,NULL,NULL,-2.946837,-2.704838,174.570000
0,1,1,-746.948280,678.967584,0.000000,NULL,NULL,NULL,NULL,NULL,-2.959911,2.690526,174.570000
0,1,1,-371.378691,-594.982240,0.000000,NULL,NULL,NULL,NULL,NULL,-2.118006,-3.393236,174.570000
0,1,1,-879.099526,360.972028,0.000000,NULL,NULL,NULL,NULL,NULL,-3.700208,1.519363,174.570000
0,1,1,402.887034,958.608968,0.000000,NULL,NULL,NULL,NULL,NULL,1.549817,3.687556,174.570000
0,1,1,69.290130,-676.377944,0.000000,NULL,NULL,NULL,NULL,NULL,0.407638,-3.979175,174.570000
0,1,1,46.412131,-678.331894,0.000000,NULL,NULL,NULL,NULL,NULL,0.273046,-3.990670,174.570000
0,1,1,92.089107,-673.652612,0.000000,NULL,NULL,NULL,NULL,NULL,0.541766,-3.963141,174.570000
0,1,1,618.070503,798.071154,0.000000,NULL,NULL,NULL,NULL,NULL,2.449210,3.162494,174.570000
0,1,1,65.161362,-636.074836,0.000000,NULL,NULL,NULL,NULL,NULL,0.407638,-3.979175,174.570000
0,1,1,114.783060,-670.159006,0.000000,NULL,NULL,NULL,NULL,NULL,0.675276,-3.942588,174.570000
0,1,1,-705.589314,-360.572355,0.000000,NULL,NULL,NULL,NULL,NULL,-3.561866,-1.820195,174.570000
0,1,1,-540.906112,888.070771,0.000000,NULL,NULL,NULL,NULL,NULL,-2.080746,3.416211,174.570000
0,1,1,800.561026,260.883466,0.000000,NULL,NULL,NULL,NULL,NULL,3.803156,1.239357,174.570000
0,1,1,43.646586,-637.912357,0.000000,NULL,NULL,NULL,NULL,NULL,0.273046,-3.990670,174.570000
0,1,1,586.441864,-422.575980,0.000000,NULL,NULL,NULL,NULL,NULL,3.245251,-2.338450,174.570000
0,1,1,137.346108,-665.901112,0.000000,NULL,NULL,NULL,NULL,NULL,0.808016,-3.917539,174.570000
0,1,1,107.943520,-630.226464,0.000000,NULL,NULL,NULL,NULL,NULL,0.675276,-3.942588,174.570000
0,1,1,-853.777660,153.824175,0.000000,NULL,NULL,NULL,NULL,NULL,-3.936617,0.709256,174.570000
0,1,1,86.601824,-633.511897,0.000000,NULL,NULL,NULL,NULL,NULL,0.541766,-3.963141,174.570000
0,1,1,818.908204,422.859869,0.000000,NULL,NULL,NULL,NULL,NULL,3.554133,1.835249,174.570000
0,1,1,732.575925,649.454017,0.000000,NULL,NULL,NULL,NULL,NULL,2.993134,2.653517,174.570000
0,1,1,695.522217,427.633340,0.000000,NULL,NULL,NULL,NULL,NULL,3.407465,2.095038,174.570000
0,1,1,23.481200,-679.512235,0.000000,NULL,NULL,NULL,NULL,NULL,0.138141,-3.997614,174.570000
0,1,1,129.162111,-626.222284,0.000000,NULL,NULL,NULL,NULL,NULL,0.808016,-3.917539,174.570000
0,1,1,-833.984381,512.765110,0.000000,NULL,NULL,NULL,NULL,NULL,-3.407465,2.095038,174.570000
0,1,1,159.752518,-660.883785,0.000000,NULL,NULL,NULL,NULL,NULL,0.939834,-3.888022,174.570000
0,1,1,22.082034,-639.022365,0.000000,NULL,NULL,NULL,NULL,NULL,0.138141,-3.997614,174.570000
0,1,1,150.233398,-621.503923,0.000000,NULL,NULL,NULL,NULL,NULL,0.939834,-3.888022,174.570000
0,1,1,-471.158998,-548.173072,0.000000,NULL,NULL,NULL,NULL,NULL,-2.607299,-3.033479,174.570000
0,1,1,806.539786,319.517987,0.000000,NULL,NULL,NULL,NULL,NULL,3.718812,1.473241,174.570000
0,1,1,516.709013,-474.276074,0.000000,NULL,NULL,NULL,NULL,NULL,2.946837,-2.704838,174.570000
0,1,1,-879.768257,274.643278,0.000000,NULL,NULL,NULL,NULL,NULL,-3.818271,1.191976,174.570000
0,1,1,-836.329184,97.527609,0.000000,NULL,NULL,NULL,NULL,NULL,-3.973077,0.463316,174.570000
0,1,1,793.826859,280.708135,0.000000,NULL,NULL,NULL,NULL,NULL,3.771165,1.333536,174.570000
0,1,1,181.976737,-655.112747,0.000000,NULL,NULL,NULL,NULL,NULL,1.070581,-3.854070,174.570000
0,1,1,171.133350,-616.076762,0.000000,NULL,NULL,NULL,NULL,NULL,1.070581,-3.854070,174.570000
0,1,1,520.761783,-300.305660,0.000000,NULL,NULL,NULL,NULL,NULL,3.465128,-1.998222,174.570000
0,1,1,56.135555,-657.267963,0.000000,NULL,NULL,NULL,NULL,NULL,0.340390,-3.985490,174.570000
0,1,1,100.368687,-651.980446,0.000000,NULL,NULL,NULL,NULL,NULL,0.608608,-3.953428,174.570000
0,1,1,-868.851635,213.012525,0.000000,NULL,NULL,NULL,NULL,NULL,-3.884949,0.952456,174.570000
0,1,1,-849.688986,175.005134,0.000000,NULL,NULL,NULL,NULL,NULL,-3.917765,0.806918,174.570000
0,1,1,78.296768,-654.997703,0.000000,NULL,NULL,NULL,NULL,NULL,0.474770,-3.971724,174.570000
0,1,1,770.413748,-185.287237,0.000000,NULL,NULL,NULL,NULL,NULL,3.889104,-0.935343,174.570000
0,1,1,33.910322,-658.788635,0.000000,NULL,NULL,NULL,NULL,NULL,0.205623,-3.994711,174.570000
0,1,1,122.326140,-648.219632,0.000000,NULL,NULL,NULL,NULL,NULL,0.741752,-3.930624,174.570000
0,1,1,191.838131,-609.946991,0.000000,NULL,NULL,NULL,NULL,NULL,1.200106,-3.815723,174.570000
0,1,1,-869.852454,382.718552,0.000000,NULL,NULL,NULL,NULL,NULL,-3.661286,1.610896,174.570000
0,1,1,144.144084,-643.719550,0.000000,NULL,NULL,NULL,NULL,NULL,0.874050,-3.903337,174.570000
0,1,1,-518.657698,901.245421,0.000000,NULL,NULL,NULL,NULL,NULL,-1.995161,3.466891,174.570000
0,1,1,790.424711,527.584645,0.000000,NULL,NULL,NULL,NULL,NULL,3.326967,2.220650,174.570000
0,1,1,203.993419,-648.594580,0.000000,NULL,NULL,NULL,NULL,NULL,1.200106,-3.815723,174.570000
0,1,1,-23.481200,-679.512235,0.000000,NULL,NULL,NULL,NULL,NULL,-0.138141,-3.997614,174.570000
0,1,1,-729.835353,697.329959,0.000000,NULL,NULL,NULL,NULL,NULL,-2.892098,2.763290,174.570000
0,1,1,720.595598,-266.492685,0.000000,NULL,NULL,NULL,NULL,NULL,3.751664,-1.387451,174.570000
0,1,1,-22.082034,-639.022365,0.000000,NULL,NULL,NULL,NULL,NULL,-0.138141,-3.997614,174.570000
0,1,1,-389.525583,717.559230,0.000000,NULL,NULL,NULL,NULL,NULL,-1.908343,3.515427,174.570000
0,1,1,809.619387,380.517999,0.000000,NULL,NULL,NULL,NULL,NULL,3.620100,1.701433,174.570000
0,1,1,165.797638,-638.485332,0.000000,NULL,NULL,NULL,NULL,NULL,1.005351,-3.871598,174.570000
0,1,1,-391.257012,-582.103040,0.000000,NULL,NULL,NULL,NULL,NULL,-2.231373,-3.319785,174.570000
0,1,1,798.345868,339.473187,0.000000,NULL,NULL,NULL,NULL,NULL,3.681031,1.565251,174.570000
0,1,1,-638.137668,-427.851239,0.000000,NULL,NULL,NULL,NULL,NULL,-3.322360,-2.227538,174.570000
0,1,1,-833.645675,118.292130,0.000000,NULL,NULL,NULL,NULL,NULL,-3.960328,0.561960,174.570000
0,1,1,-46.412131,-678.331894,0.000000,NULL,NULL,NULL,NULL,NULL,-0.273046,-3.990670,174.570000
0,1,1,212.324128,-603.121600,0.000000,NULL,NULL,NULL,NULL,NULL,1.328263,-3.773025,174.570000
0,1,1,-43.646586,-637.912357,0.000000,NULL,NULL,NULL,NULL,NULL,-0.273046,-3.990670,174.570000
0,1,1,225.777455,-641.336718,0.000000,NULL,NULL,NULL,NULL,NULL,1.328263,-3.773025,174.570000
0,1,1,187.262106,-632.522947,0.000000,NULL,NULL,NULL,NULL,NULL,1.135505,-3.835444,174.570000
0,1,1,354.733491,977.452437,0.000000,NULL,NULL,NULL,NULL,NULL,1.364581,3.760042,174.570000
0,1,1,598.036003,813.192261,0.000000,NULL,NULL,NULL,NULL,NULL,2.369820,3.222414,174.570000
0,1,1,808.140948,443.090650,0.000000,NULL,NULL,NULL,NULL,NULL,3.507402,1.923052,174.570000
0,1,1,-11.646416,-659.557986,0.000000,NULL,NULL,NULL,NULL,NULL,-0.070621,-3.999377,174.570000
0,1,1,663.898577,-339.267430,0.000000,NULL,NULL,NULL,NULL,NULL,3.561866,-1.820195,174.570000
0,1,1,-565.973036,-485.322812,0.000000,NULL,NULL,NULL,NULL,NULL,-3.036488,-2.603793,174.570000
0,1,1,223.601714,-360.137536,0.000000,NULL,NULL,NULL,NULL,NULL,2.109915,-3.398273,174.570000
0,1,1,232.567979,-595.608374,0.000000,NULL,NULL,NULL,NULL,NULL,1.454905,-3.726023,174.570000
0,1,1,208.513010,-625.839197,0.000000,NULL,NULL,NULL,NULL,NULL,1.264365,-3.794915,174.570000
0,1,1,-496.088585,913.862808,0.000000,NULL,NULL,NULL,NULL,NULL,-1.908343,3.515427,174.570000
0,1,1,-830.446701,138.983507,0.000000,NULL,NULL,NULL,NULL,NULL,-3.945131,0.660257,174.570000
0,1,1,-712.271150,715.261157,0.000000,NULL,NULL,NULL,NULL,NULL,-2.822497,2.834345,174.570000
0,1,1,-33.910322,-658.788635,0.000000,NULL,NULL,NULL,NULL,NULL,-0.205623,-3.994711,174.570000
0,1,1,-65.161362,-636.074836,0.000000,NULL,NULL,NULL,NULL,NULL,-0.407638,-3.979175,174.570000
0,1,1,-69.290130,-676.377944,0.000000,NULL,NULL,NULL,NULL,NULL,-0.407638,-3.979175,174.570000
0,1,1,247.304000,-633.347437,0.000000,NULL,NULL,NULL,NULL,NULL,1.454905,-3.726023,174.570000
0,1,1,716.201273,667.468158,0.000000,NULL,NULL,NULL,NULL,NULL,2.926231,2.727118,174.570000
0,1,1,-820.977040,533.342953,0.000000,NULL,NULL,NULL,NULL,NULL,-3.354320,2.179114,174.570000
0,1,1,600.376102,-402.533297,0.000000,NULL,NULL,NULL,NULL,NULL,3.322360,-2.227538,174.570000
0,1,1,-489.399869,-531.951395,0.000000,NULL,NULL,NULL,NULL,NULL,-2.708240,-2.943711,174.570000
0,1,1,-353.371882,736.036508,0.000000,NULL,NULL,NULL,NULL,NULL,-1.731220,3.605950,174.570000
0,1,1,532.428713,-456.558500,0.000000,NULL,NULL,NULL,NULL,NULL,3.036488,-2.603793,174.570000
0,1,1,-56.135555,-657.267963,0.000000,NULL,NULL,NULL,NULL,NULL,-0.340390,-3.985490,174.570000
0,1,1,229.526114,-618.441702,0.000000,NULL,NULL,NULL,NULL,NULL,1.391783,-3.750059,174.570000
0,1,1,330.320229,985.970417,0.000000,NULL,NULL,NULL,NULL,NULL,1.270669,3.792809,174.570000
0,1,1,252.546596,-587.415881,0.000000,NULL,NULL,NULL,NULL,NULL,1.579888,-3.674773,174.570000
0,1,1,-775.257362,-256.119995,0.000000,NULL,NULL,NULL,NULL,NULL,-3.798099,-1.254769,174.570000
0,1,1,-473.212727,925.915132,0.000000,NULL,NULL,NULL,NULL,NULL,-1.820344,3.561790,174.570000
0,1,1,777.062361,547.074829,0.000000,NULL,NULL,NULL,NULL,NULL,3.270724,2.302686,174.570000
0,1,1,-274.168750,-534.983944,0.000000,NULL,NULL,NULL,NULL,NULL,-1.824308,-3.559761,174.570000
0,1,1,-872.667475,296.433120,0.000000,NULL,NULL,NULL,NULL,NULL,-3.787453,1.286546,174.570000
0,1,1,-92.089107,-673.652612,0.000000,NULL,NULL,NULL,NULL,NULL,-0.541766,-3.963141,174.570000
0,1,1,-717.362005,-336.541910,0.000000,NULL,NULL,NULL,NULL,NULL,-3.621295,-1.698888,174.570000
0,1,1,268.548506,-624.635850,0.000000,NULL,NULL,NULL,NULL,NULL,1.579888,-3.674773,174.570000
0,1,1,-86.601824,-633.511897,0.000000,NULL,NULL,NULL,NULL,NULL,-0.541766,-3.963141,174.570000
0,1,1,-863.286629,234.549987,0.000000,NULL,NULL,NULL,NULL,NULL,-3.860066,1.048758,174.570000
0,1,1,-845.074928,196.077882,0.000000,NULL,NULL,NULL,NULL,NULL,-3.896491,0.904080,174.570000
0,1,1,250.277452,-610.338900,0.000000,NULL,NULL,NULL,NULL,NULL,1.517613,-3.700926,174.570000
0,1,1,-0.523490,-679.917620,0.000000,NULL,NULL,NULL,NULL,NULL,-0.003080,-3.999999,174.570000
0,1,1,577.631721,827.810551,0.000000,NULL,NULL,NULL,NULL,NULL,2.288965,3.280341,174.570000
0,1,1,-860.067530,404.228433,0.000000,NULL,NULL,NULL,NULL,NULL,-3.620100,1.701433,174.570000
0,1,1,-410.689120,-568.559975,0.000000,NULL,NULL,NULL,NULL,NULL,-2.342196,-3.242548,174.570000
0,1,1,272.237193,-578.553464,0.000000,NULL,NULL,NULL,NULL,NULL,1.703069,-3.619331,174.570000
0,1,1,-807.462069,553.591017,0.000000,NULL,NULL,NULL,NULL,NULL,-3.299101,2.261843,174.570000
0,1,1,-652.220552,-406.059994,0.000000,NULL,NULL,NULL,NULL,NULL,-3.395680,-2.114085,174.570000
0,1,1,-78.296768,-654.997703,0.000000,NULL,NULL,NULL,NULL,NULL,-0.474770,-3.971724,174.570000
0,1,1,-816.294336,-16.881521,0.000000,NULL,NULL,NULL,NULL,NULL,-3.999145,-0.082705,174.570000
0,1,1,305.702721,993.878746,0.000000,NULL,NULL,NULL,NULL,NULL,1.175970,3.823231,174.570000
0,1,1,799.907800,400.530912,0.000000,NULL,NULL,NULL,NULL,NULL,3.576676,1.790918,174.570000
0,1,1,-450.044270,937.394939,0.000000,NULL,NULL,NULL,NULL,NULL,-1.731220,3.605950,174.570000
0,1,1,-114.783060,-670.159006,0.000000,NULL,NULL,NULL,NULL,NULL,-0.675276,-3.942588,174.570000
0,1,1,-107.943520,-630.226464,0.000000,NULL,NULL,NULL,NULL,NULL,-0.675276,-3.942588,174.570000
0,1,1,289.486743,-615.211890,0.000000,NULL,NULL,NULL,NULL,NULL,1.703069,-3.619331,174.570000
0,1,1,789.658314,359.218481,0.000000,NULL,NULL,NULL,NULL,NULL,3.640974,1.656293,174.570000
0,1,1,-694.266532,732.750091,0.000000,NULL,NULL,NULL,NULL,NULL,-2.751150,2.903648,174.570000
0,1,1,270.743359,-601.540031,0.000000,NULL,NULL,NULL,NULL,NULL,1.641713,-3.647572,174.570000
0,1,1,11.646416,-659.557986,0.000000,NULL,NULL,NULL,NULL,NULL,0.070621,-3.999377,174.570000
0,1,1,-100.368687,-651.980446,0.000000,NULL,NULL,NULL,NULL,NULL,-0.608608,-3.953428,174.570000
0,1,1,786.601848,300.359236,0.000000,NULL,NULL,NULL,NULL,NULL,3.736841,1.426891,174.570000
0,1,1,378.927413,968.330074,0.000000,NULL,NULL,NULL,NULL,NULL,1.457650,3.724951,174.570000
0,1,1,729.183050,-242.009187,0.000000,NULL,NULL,NULL,NULL,NULL,3.796373,-1.259981,174.570000
0,1,1,291.617315,-569.031231,0.000000,NULL,NULL,NULL,NULL,NULL,1.824308,-3.559761,174.570000
0,1,1,776.230820,-159.167892,0.000000,NULL,NULL,NULL,NULL,NULL,3.918469,-0.803491,174.570000
0,1,1,796.873998,463.047457,0.000000,NULL,NULL,NULL,NULL,NULL,3.458503,2.009666,174.570000
0,1,1,280.896190,1001.172536,0.000000,NULL,NULL,NULL,NULL,NULL,1.080545,3.851288,174.570000
0,1,1,-582.037647,-465.935496,0.000000,NULL,NULL,NULL,NULL,NULL,-3.122676,-2.499779,174.570000
0,1,1,699.383776,685.069588,0.000000,NULL,NULL,NULL,NULL,NULL,2.857518,2.799034,174.570000
0,1,1,556.870276,841.916985,0.000000,NULL,NULL,NULL,NULL,NULL,2.206694,3.336241,174.570000
0,1,1,613.625636,-382.031540,0.000000,NULL,NULL,NULL,NULL,NULL,3.395680,-2.114085,174.570000
0,1,1,-426.597540,948.295131,0.000000,NULL,NULL,NULL,NULL,NULL,-1.641026,3.647881,174.570000
0,1,1,-129.162111,-626.222284,0.000000,NULL,NULL,NULL,NULL,NULL,-0.808016,-3.917539,174.570000
0,1,1,-137.346108,-665.901112,0.000000,NULL,NULL,NULL,NULL,NULL,-0.808016,-3.917539,174.570000
0,1,1,674.975661,-316.656858,0.000000,NULL,NULL,NULL,NULL,NULL,3.621295,-1.698888,174.570000
0,1,1,-0.492297,-639.403595,0.000000,NULL,NULL,NULL,NULL,NULL,-0.003080,-3.999999,174.570000
0,1,1,547.541201,-438.320239,0.000000,NULL,NULL,NULL,NULL,NULL,3.122676,-2.499779,174.570000
0,1,1,398.966545,-143.256648,0.000000,NULL,NULL,NULL,NULL,NULL,3.764665,-1.351776,174.570000
0,1,1,310.094833,-605.086307,0.000000,NULL,NULL,NULL,NULL,NULL,1.824308,-3.559761,174.570000
0,1,1,-507.082599,-515.123050,0.000000,NULL,NULL,NULL,NULL,NULL,-2.806093,-2.850587,174.570000
0,1,1,290.900494,-592.055131,0.000000,NULL,NULL,NULL,NULL,NULL,1.763940,-3.590058,174.570000
0,1,1,-223.601714,-360.137536,0.000000,NULL,NULL,NULL,NULL,NULL,-2.109915,-3.398273,174.570000
0,1,1,310.664860,-558.860040,0.000000,NULL,NULL,NULL,NULL,NULL,1.943466,-3.496132,174.570000
0,1,1,-122.326140,-648.219632,0.000000,NULL,NULL,NULL,NULL,NULL,-0.741752,-3.930624,174.570000
0,1,1,763.219534,566.226743,0.000000,NULL,NULL,NULL,NULL,NULL,3.212458,2.383298,174.570000
0,1,1,255.915974,1007.847275,0.000000,NULL,NULL,NULL,NULL,NULL,0.984452,3.876965,174.570000
0,1,1,-865.027100,318.039670,0.000000,NULL,NULL,NULL,NULL,NULL,-3.754293,1.380320,174.570000
0,1,1,-839.938339,217.029391,0.000000,NULL,NULL,NULL,NULL,NULL,-3.872807,1.000684,174.570000
0,1,1,-429.652854,-554.368491,0.000000,NULL,NULL,NULL,NULL,NULL,-2.450348,-3.161613,174.570000
0,1,1,-150.233398,-621.503923,0.000000,NULL,NULL,NULL,NULL,NULL,-0.939834,-3.888022,174.570000
0,1,1,-675.832632,749.785948,0.000000,NULL,NULL,NULL,NULL,NULL,-2.678103,2.971156,174.570000
0,1,1,-402.887034,958.608968,0.000000,NULL,NULL,NULL,NULL,NULL,-1.549817,3.687556,174.570000
0,1,1,-793.447823,573.496781,0.000000,NULL,NULL,NULL,NULL,NULL,-3.241842,2.343173,174.570000
0,1,1,-857.187831,255.942421,0.000000,NULL,NULL,NULL,NULL,NULL,-3.832796,1.144411,174.570000
0,1,1,-849.750805,425.488368,0.000000,NULL,NULL,NULL,NULL,NULL,-3.576676,1.790918,174.570000
0,1,1,-159.752518,-660.883785,0.000000,NULL,NULL,NULL,NULL,NULL,-0.939834,-3.888022,174.570000
0,1,1,310.725869,-581.895016,0.000000,NULL,NULL,NULL,NULL,NULL,1.884155,-3.528450,174.570000
0,1,1,330.349272,-594.270648,0.000000,NULL,NULL,NULL,NULL,NULL,1.943466,-3.496132,174.570000
0,1,1,-144.144084,-643.719550,0.000000,NULL,NULL,NULL,NULL,NULL,-0.874050,-3.903337,174.570000
0,1,1,230.777518,1013.898838,0.000000,NULL,NULL,NULL,NULL,NULL,0.887750,3.900244,174.570000
0,1,1,682.133832,702.247422,0.000000,NULL,NULL,NULL,NULL,NULL,2.787039,2.869218,174.570000
0,1,1,329.358104,-548.051493,0.000000,NULL,NULL,NULL,NULL,NULL,2.060408,-3.428516,174.570000
0,1,1,-407.652692,116.258564,0.000000,NULL,NULL,NULL,NULL,NULL,-3.846628,1.097021,174.570000
0,1,1,535.764504,855.502840,0.000000,NULL,NULL,NULL,NULL,NULL,2.123059,3.390077,174.570000
0,1,1,-728.316574,-312.127654,0.000000,NULL,NULL,NULL,NULL,NULL,-3.676595,-1.575643,174.570000
0,1,1,135.537756,-605.285355,0.000000,NULL,NULL,NULL,NULL,NULL,0.874050,-3.903337,174.570000
0,1,1,789.701610,420.296165,0.000000,NULL,NULL,NULL,NULL,NULL,3.531041,1.879296,174.570000
0,1,1,780.482494,378.741662,0.000000,NULL,NULL,NULL,NULL,NULL,3.598666,1.746311,174.570000
0,1,1,-665.559604,-383.805653,0.000000,NULL,NULL,NULL,NULL,NULL,-3.465128,-1.998222,174.570000
0,1,1,-171.133350,-616.076762,0.000000,NULL,NULL,NULL,NULL,NULL,-1.070581,-3.854070,174.570000
0,1,1,330.196874,-571.071274,0.000000,NULL,NULL,NULL,NULL,NULL,2.002222,-3.462818,174.570000
0,1,1,781.162632,-132.867022,0.000000,NULL,NULL,NULL,NULL,NULL,3.943366,-0.670722,174.570000
0,1,1,785.114321,482.717950,0.000000,NULL,NULL,NULL,NULL,NULL,3.407465,2.095038,174.570000
0,1,1,205.496367,1019.323481,0.000000,NULL,NULL,NULL,NULL,NULL,0.790499,3.921111,174.570000
0,1,1,-181.976737,-655.112747,0.000000,NULL,NULL,NULL,NULL,NULL,-1.070581,-3.854070,174.570000
0,1,1,350.226961,-582.777248,0.000000,NULL,NULL,NULL,NULL,NULL,2.060408,-3.428516,174.570000
0,1,1,-354.733491,977.452437,0.000000,NULL,NULL,NULL,NULL,NULL,-1.364581,3.760042,174.570000
0,1,1,-165.797638,-638.485332,0.000000,NULL,NULL,NULL,NULL,NULL,-1.005351,-3.871598,174.570000
0,1,1,562.029240,-419.582092,0.000000,NULL,NULL,NULL,NULL,NULL,3.205302,-2.392914,174.570000
0,1,1,-563.824255,-208.515067,0.000000,NULL,NULL,NULL,NULL,NULL,-3.751664,-1.387451,174.570000
0,1,1,347.675728,-536.617916,0.000000,NULL,NULL,NULL,NULL,NULL,2.175000,-3.356989,174.570000
0,1,1,-524.187023,-497.707227,0.000000,NULL,NULL,NULL,NULL,NULL,-2.900745,-2.754211,174.570000
0,1,1,-656.980847,766.358193,0.000000,NULL,NULL,NULL,NULL,NULL,-2.603399,3.036826,174.570000
0,1,1,-597.438469,-446.016799,0.000000,NULL,NULL,NULL,NULL,NULL,-3.205302,-2.392914,174.570000
0,1,1,626.175355,-361.094093,0.000000,NULL,NULL,NULL,NULL,NULL,3.465128,-1.998222,174.570000
0,1,1,-826.734242,159.588948,0.000000,NULL,NULL,NULL,NULL,NULL,-3.927495,0.758145,174.570000
0,1,1,736.938898,-217.249688,0.000000,NULL,NULL,NULL,NULL,NULL,3.836752,-1.131075,174.570000
0,1,1,-330.320229,985.970417,0.000000,NULL,NULL,NULL,NULL,NULL,-1.270669,3.792809,174.570000
0,1,1,748.904789,585.028545,0.000000,NULL,NULL,NULL,NULL,NULL,3.152206,2.462437,174.570000
0,1,1,-191.838131,-609.946991,0.000000,NULL,NULL,NULL,NULL,NULL,-1.200106,-3.815723,174.570000
0,1,1,73.621948,-615.890131,0.000000,NULL,NULL,NULL,NULL,NULL,0.474770,-3.971724,174.570000
0,1,1,-448.126586,-539.544772,0.000000,NULL,NULL,NULL,NULL,NULL,-2.555706,-3.077072,174.570000
0,1,1,-778.942969,593.047938,0.000000,NULL,NULL,NULL,NULL,NULL,-3.182578,2.423055,174.570000
0,1,1,685.282964,-293.685152,0.000000,NULL,NULL,NULL,NULL,NULL,3.676595,-1.575643,174.570000
0,1,1,-856.851858,339.449567,0.000000,NULL,NULL,NULL,NULL,NULL,-3.718812,1.473241,174.570000
0,1,1,349.291304,-559.596248,0.000000,NULL,NULL,NULL,NULL,NULL,2.118006,-3.393236,174.570000
0,1,1,514.327455,868.559717,0.000000,NULL,NULL,NULL,NULL,NULL,2.038111,3.441817,174.570000
0,1,1,-834.282395,237.846705,0.000000,NULL,NULL,NULL,NULL,NULL,-3.846728,1.096669,174.570000
0,1,1,154.568585,1028.278984,0.000000,NULL,NULL,NULL,NULL,NULL,0.594591,3.955561,174.570000
0,1,1,-20.300861,816.216456,0.000000,NULL,NULL,NULL,NULL,NULL,-0.099457,3.998763,174.570000
0,1,1,-838.908658,446.485214,0.000000,NULL,NULL,NULL,NULL,NULL,-3.531041,1.879296,174.570000
0,1,1,-203.993419,-648.594580,0.000000,NULL,NULL,NULL,NULL,NULL,-1.200106,-3.815723,174.570000
0,1,1,770.697469,339.092243,0.000000,NULL,NULL,NULL,NULL,NULL,3.661286,1.610896,174.570000
0,1,1,-305.702721,993.878746,0.000000,NULL,NULL,NULL,NULL,NULL,-1.175970,3.823231,174.570000
0,1,1,-187.262106,-632.522947,0.000000,NULL,NULL,NULL,NULL,NULL,-1.135505,-3.835444,174.570000
0,1,1,-850.559012,277.176600,0.000000,NULL,NULL,NULL,NULL,NULL,-3.803156,1.239357,174.570000
0,1,1,778.890463,319.824617,0.000000,NULL,NULL,NULL,NULL,NULL,3.700208,1.519363,174.570000
0,1,1,664.462108,718.991038,0.000000,NULL,NULL,NULL,NULL,NULL,2.714836,2.937629,174.570000
0,1,1,369.705231,-570.619214,0.000000,NULL,NULL,NULL,NULL,NULL,2.175000,-3.356989,174.570000
0,1,1,-822.510592,180.095711,0.000000,NULL,NULL,NULL,NULL,NULL,-3.907430,0.855565,174.570000
0,1,1,-637.722835,782.456580,0.000000,NULL,NULL,NULL,NULL,NULL,-2.527086,3.100619,174.570000
0,1,1,128.953444,1031.804306,0.000000,NULL,NULL,NULL,NULL,NULL,0.496055,3.969122,174.570000
0,1,1,762.027935,358.150200,0.000000,NULL,NULL,NULL,NULL,NULL,3.620100,1.701433,174.570000
0,1,1,365.596843,-524.572348,0.000000,NULL,NULL,NULL,NULL,NULL,2.287111,-3.281634,174.570000
0,1,1,-280.896190,1001.172536,0.000000,NULL,NULL,NULL,NULL,NULL,-1.080545,3.851288,174.570000
0,1,1,-738.440527,-287.357428,0.000000,NULL,NULL,NULL,NULL,NULL,-3.727701,-1.450601,174.570000
0,1,1,-817.778363,200.491116,0.000000,NULL,NULL,NULL,NULL,NULL,-3.884949,0.952456,174.570000
0,1,1,-212.324128,-603.121600,0.000000,NULL,NULL,NULL,NULL,NULL,-1.328263,-3.773025,174.570000
0,1,1,103.258568,1034.691637,0.000000,NULL,NULL,NULL,NULL,NULL,0.397213,3.980229,174.570000
0,1,1,779.007128,439.801540,0.000000,NULL,NULL,NULL,NULL,NULL,3.483222,1.966511,174.570000
0,1,1,770.824082,398.030657,0.000000,NULL,NULL,NULL,NULL,NULL,3.554133,1.835249,174.570000
0,1,1,-255.915974,1007.847275,0.000000,NULL,NULL,NULL,NULL,NULL,-0.984452,3.876965,174.570000
0,1,1,367.987380,-547.483026,0.000000,NULL,NULL,NULL,NULL,NULL,2.231373,-3.319785,174.570000
0,1,1,52.783902,-618.024841,0.000000,NULL,NULL,NULL,NULL,NULL,0.340390,-3.985490,174.570000
0,1,1,734.126978,603.468609,0.000000,NULL,NULL,NULL,NULL,NULL,3.090005,2.540053,174.570000
0,1,1,772.869188,502.089967,0.000000,NULL,NULL,NULL,NULL,NULL,3.354320,2.179114,174.570000
0,1,1,-848.146803,360.649575,0.000000,NULL,NULL,NULL,NULL,NULL,-3.681031,1.565251,174.570000
0,1,1,77.499844,1036.939193,0.000000,NULL,NULL,NULL,NULL,NULL,0.298125,3.988875,174.570000
0,1,1,-208.513010,-625.839197,0.000000,NULL,NULL,NULL,NULL,NULL,-1.264365,-3.794915,174.570000
0,1,1,492.572385,881.079542,0.000000,NULL,NULL,NULL,NULL,NULL,1.951903,3.491429,174.570000
0,1,1,-225.777455,-641.336718,0.000000,NULL,NULL,NULL,NULL,NULL,-1.328263,-3.773025,174.570000
0,1,1,-827.547792,467.205986,0.000000,NULL,NULL,NULL,NULL,NULL,-3.483222,1.966511,174.570000
0,1,1,-230.777518,1013.898838,0.000000,NULL,NULL,NULL,NULL,NULL,-0.887750,3.900244,174.570000
0,1,1,215.821929,-581.516757,0.000000,NULL,NULL,NULL,NULL,NULL,1.391783,-3.750059,174.570000
0,1,1,575.876308,-400.365429,0.000000,NULL,NULL,NULL,NULL,NULL,3.284273,-2.283319,174.570000
0,1,1,388.761867,-557.810412,0.000000,NULL,NULL,NULL,NULL,NULL,2.287111,-3.281634,174.570000
0,1,1,51.693200,1038.545584,0.000000,NULL,NULL,NULL,NULL,NULL,0.198852,3.995054,174.570000
0,1,1,-678.139613,-361.113599,0.000000,NULL,NULL,NULL,NULL,NULL,-3.530624,-1.880079,174.570000
0,1,1,273.531865,-556.705634,0.000000,NULL,NULL,NULL,NULL,NULL,1.763940,-3.590058,174.570000
0,1,1,-618.070503,798.071154,0.000000,NULL,NULL,NULL,NULL,NULL,-2.449210,3.162494,174.570000
0,1,1,383.101009,-511.928527,0.000000,NULL,NULL,NULL,NULL,NULL,2.396614,-3.202537,174.570000
0,1,1,94.376031,-613.053023,0.000000,NULL,NULL,NULL,NULL,NULL,0.608608,-3.953428,174.570000
0,1,1,-763.956475,612.232399,0.000000,NULL,NULL,NULL,NULL,NULL,-3.121347,2.501438,174.570000
0,1,1,-205.496367,1019.323481,0.000000,NULL,NULL,NULL,NULL,NULL,-0.790499,3.921111,174.570000
0,1,1,115.022483,-609.516753,0.000000,NULL,NULL,NULL,NULL,NULL,0.741752,-3.930624,174.570000
0,1,1,-466.089249,-524.105725,0.000000,NULL,NULL,NULL,NULL,NULL,-2.658148,-2.989021,174.570000
0,1,1,-540.693632,-479.723790,0.000000,NULL,NULL,NULL,NULL,NULL,-2.992089,-2.654694,174.570000
0,1,1,25.854593,1039.509815,0.000000,NULL,NULL,NULL,NULL,NULL,0.099457,3.998763,174.570000
0,1,1,-378.927413,968.330074,0.000000,NULL,NULL,NULL,NULL,NULL,-1.457650,3.724951,174.570000
0,1,1,196.063443,-588.472574,0.000000,NULL,NULL,NULL,NULL,NULL,1.264365,-3.794915,174.570000
0,1,1,694.808729,-270.378510,0.000000,NULL,NULL,NULL,NULL,NULL,3.727701,-1.450601,174.570000
0,1,1,-73.621948,-615.890131,0.000000,NULL,NULL,NULL,NULL,NULL,-0.474770,-3.971724,174.570000
0,1,1,0.000000,1039.831292,0.000000,NULL,NULL,NULL,NULL,NULL,0.000000,4.000000,174.570000
0,1,1,462.885463,-383.553610,0.000000,NULL,NULL,NULL,NULL,NULL,3.080021,-2.552150,174.570000
0,1,1,-232.567979,-595.608374,0.000000,NULL,NULL,NULL,NULL,NULL,-1.454905,-3.726023,174.570000
0,1,1,155.898453,-600.363654,0.000000,NULL,NULL,NULL,NULL,NULL,1.005351,-3.871598,174.570000
0,1,1,-612.157936,-425.589439,0.000000,NULL,NULL,NULL,NULL,NULL,-3.284273,-2.283319,174.570000
0,1,1,785.203561,-106.414623,0.000000,NULL,NULL,NULL,NULL,NULL,3.963764,-0.537189,174.570000
0,1,1,31.885658,-619.454719,0.000000,NULL,NULL,NULL,NULL,NULL,0.205623,-3.994711,174.570000
0,1,1,638.010947,-339.744832,0.000000,NULL,NULL,NULL,NULL,NULL,3.530624,-1.880079,174.570000
0,1,1,-154.568585,1028.278984,0.000000,NULL,NULL,NULL,NULL,NULL,-0.594591,3.955561,174.570000
0,1,1,20.300861,816.216456,0.000000,NULL,NULL,NULL,NULL,NULL,0.099457,3.998763,174.570000
0,1,1,-25.854593,1039.509815,0.000000,NULL,NULL,NULL,NULL,NULL,-0.099457,3.998763,174.570000
0,1,1,646.379530,735.290085,0.000000,NULL,NULL,NULL,NULL,NULL,2.640955,3.004223,174.570000
0,1,1,-828.110594,258.516952,0.000000,NULL,NULL,NULL,NULL,NULL,-3.818271,1.191976,174.570000
0,1,1,-128.953444,1031.804306,0.000000,NULL,NULL,NULL,NULL,NULL,-0.496055,3.969122,174.570000
0,1,1,-51.693200,1038.545584,0.000000,NULL,NULL,NULL,NULL,NULL,-0.198852,3.995054,174.570000
0,1,1,-77.499844,1036.939193,0.000000,NULL,NULL,NULL,NULL,NULL,-0.298125,3.988875,174.570000
0,1,1,-103.258568,1034.691637,0.000000,NULL,NULL,NULL,NULL,NULL,-0.397213,3.980229,174.570000
0,1,1,176.081355,-594.757262,0.000000,NULL,NULL,NULL,NULL,NULL,1.135505,-3.835444,174.570000
0,1,1,470.512745,893.054573,0.000000,NULL,NULL,NULL,NULL,NULL,1.864488,3.538882,174.570000
0,1,1,-10.951050,-620.178135,0.000000,NULL,NULL,NULL,NULL,NULL,-0.070621,-3.999377,174.570000
0,1,1,386.263782,-534.745421,0.000000,NULL,NULL,NULL,NULL,NULL,2.342196,-3.242548,174.570000
0,1,1,-229.526114,-618.441702,0.000000,NULL,NULL,NULL,NULL,NULL,-1.391783,-3.750059,174.570000
0,1,1,-843.404271,298.239393,0.000000,NULL,NULL,NULL,NULL,NULL,-3.771165,1.333536,174.570000
0,1,1,743.854298,-192.242424,0.000000,NULL,NULL,NULL,NULL,NULL,3.872756,-1.000879,174.570000
0,1,1,-247.304000,-633.347437,0.000000,NULL,NULL,NULL,NULL,NULL,-1.454905,-3.726023,174.570000
0,1,1,773.084379,262.606114,0.000000,NULL,NULL,NULL,NULL,NULL,3.787453,1.286546,174.570000
0,1,1,-812.540482,220.762552,0.000000,NULL,NULL,NULL,NULL,NULL,-3.860066,1.048758,174.570000
0,1,1,760.146170,521.151528,0.000000,NULL,NULL,NULL,NULL,NULL,3.299101,2.261843,174.570000
0,1,1,-748.497607,631.038301,0.000000,NULL,NULL,NULL,NULL,NULL,-3.058186,2.578275,174.570000
0,1,1,400.168265,-498.700872,0.000000,NULL,NULL,NULL,NULL,NULL,2.503384,-3.119787,174.570000
0,1,1,180.088153,1024.117851,0.000000,NULL,NULL,NULL,NULL,NULL,0.692759,3.939554,174.570000
0,1,1,-135.537756,-605.285355,0.000000,NULL,NULL,NULL,NULL,NULL,-0.874050,-3.903337,174.570000
0,1,1,407.375136,-544.365450,0.000000,NULL,NULL,NULL,NULL,NULL,2.396614,-3.202537,174.570000
0,1,1,-598.036003,813.192261,0.000000,NULL,NULL,NULL,NULL,NULL,-2.369820,3.222414,174.570000
0,1,1,-52.783902,-618.024841,0.000000,NULL,NULL,NULL,NULL,NULL,-0.340390,-3.985490,174.570000
0,1,1,767.830966,459.034974,0.000000,NULL,NULL,NULL,NULL,NULL,3.433249,2.052511,174.570000
0,1,1,-31.885658,-619.454719,0.000000,NULL,NULL,NULL,NULL,NULL,-0.205623,-3.994711,174.570000
0,1,1,-252.546596,-587.415881,0.000000,NULL,NULL,NULL,NULL,NULL,-1.579888,-3.674773,174.570000
0,1,1,718.895237,621.535534,0.000000,NULL,NULL,NULL,NULL,NULL,3.025894,2.616098,174.570000
0,1,1,760.689051,417.073540,0.000000,NULL,NULL,NULL,NULL,NULL,3.507402,1.923052,174.570000
0,1,1,589.066612,-380.692166,0.000000,NULL,NULL,NULL,NULL,NULL,3.359499,-2.171121,174.570000
0,1,1,-838.917318,381.626584,0.000000,NULL,NULL,NULL,NULL,NULL,-3.640974,1.656293,174.570000
0,1,1,-815.675234,487.637873,0.000000,NULL,NULL,NULL,NULL,NULL,-3.433249,2.052511,174.570000
0,1,1,-796.858970,-177.868519,0.000000,NULL,NULL,NULL,NULL,NULL,-3.903928,-0.871404,174.570000
0,1,1,235.334279,-573.897745,0.000000,NULL,NULL,NULL,NULL,NULL,1.517613,-3.700926,174.570000
0,1,1,448.162175,904.477406,0.000000,NULL,NULL,NULL,NULL,NULL,1.775920,3.584147,174.570000
0,1,1,-747.722319,-262.259483,0.000000,NULL,NULL,NULL,NULL,NULL,-3.774556,-1.323905,174.570000
0,1,1,-250.277452,-610.338900,0.000000,NULL,NULL,NULL,NULL,NULL,-1.517613,-3.700926,174.570000
0,1,1,404.099667,-521.397962,0.000000,NULL,NULL,NULL,NULL,NULL,2.450348,-3.161613,174.570000
0,1,1,-483.520355,-508.068956,0.000000,NULL,NULL,NULL,NULL,NULL,-2.757559,-2.897562,174.570000
0,1,1,627.897279,751.134483,0.000000,NULL,NULL,NULL,NULL,NULL,2.565441,3.068959,174.570000
0,1,1,-268.548506,-624.635850,0.000000,NULL,NULL,NULL,NULL,NULL,-1.579888,-3.674773,174.570000
0,1,1,416.779145,-484.904469,0.000000,NULL,NULL,NULL,NULL,NULL,2.607299,-3.033479,174.570000
0,1,1,-626.179262,-404.676711,0.000000,NULL,NULL,NULL,NULL,NULL,-3.359499,-2.171121,174.570000
0,1,1,-577.631721,827.810551,0.000000,NULL,NULL,NULL,NULL,NULL,-2.288965,3.280341,174.570000
0,1,1,-556.583603,-461.193248,0.000000,NULL,NULL,NULL,NULL,NULL,-3.080021,-2.552150,174.570000
0,1,1,254.578240,-565.624225,0.000000,NULL,NULL,NULL,NULL,NULL,1.641713,-3.647572,174.570000
0,1,1,-821.426751,279.027352,0.000000,NULL,NULL,NULL,NULL,NULL,-3.787453,1.286546,174.570000
0,1,1,425.523811,-530.299662,0.000000,NULL,NULL,NULL,NULL,NULL,2.503384,-3.119787,174.570000
0,1,1,-689.946232,-338.009708,0.000000,NULL,NULL,NULL,NULL,NULL,-3.592093,-1.759793,174.570000
0,1,1,-272.237193,-578.553464,0.000000,NULL,NULL,NULL,NULL,NULL,-1.703069,-3.619331,174.570000
0,1,1,-732.575925,649.454017,0.000000,NULL,NULL,NULL,NULL,NULL,-2.993134,2.653517,174.570000
0,1,1,-576.480892,170.429180,0.000000,NULL,NULL,NULL,NULL,NULL,-3.835880,1.134029,174.570000
0,1,1,-835.728032,319.117777,0.000000,NULL,NULL,NULL,NULL,NULL,-3.736841,1.426891,174.570000
0,1,1,-398.966545,-143.256648,0.000000,NULL,NULL,NULL,NULL,NULL,-3.764665,-1.351776,174.570000
0,1,1,649.118913,-318.008106,0.000000,NULL,NULL,NULL,NULL,NULL,3.592093,-1.759793,174.570000
0,1,1,703.542094,-246.763513,0.000000,NULL,NULL,NULL,NULL,NULL,3.774556,-1.323905,174.570000
0,1,1,-94.376031,-613.053023,0.000000,NULL,NULL,NULL,NULL,NULL,-0.608608,-3.953428,174.570000
0,1,1,425.534496,915.340978,0.000000,NULL,NULL,NULL,NULL,NULL,1.686253,3.627196,174.570000
0,1,1,746.953136,539.890849,0.000000,NULL,NULL,NULL,NULL,NULL,3.241842,2.343173,174.570000
0,1,1,-270.743359,-601.540031,0.000000,NULL,NULL,NULL,NULL,NULL,-1.641713,-3.647572,174.570000
0,1,1,-556.870276,841.916985,0.000000,NULL,NULL,NULL,NULL,NULL,-2.206694,3.336241,174.570000
0,1,1,421.474692,-507.455870,0.000000,NULL,NULL,NULL,NULL,NULL,2.555706,-3.077072,174.570000
0,1,1,624.228376,526.270238,0.000000,NULL,NULL,NULL,NULL,NULL,3.058186,2.578275,174.570000
0,1,1,752.887219,376.986703,0.000000,NULL,NULL,NULL,NULL,NULL,3.576676,1.790918,174.570000
0,1,1,609.026784,766.514437,0.000000,NULL,NULL,NULL,NULL,NULL,2.488341,3.131798,174.570000
0,1,1,788.348996,-79.840863,0.000000,NULL,NULL,NULL,NULL,NULL,3.979643,-0.403042,174.570000
0,1,1,-180.088153,1024.117851,0.000000,NULL,NULL,NULL,NULL,NULL,-0.692759,3.939554,174.570000
0,1,1,-289.486743,-615.211890,0.000000,NULL,NULL,NULL,NULL,NULL,-1.703069,-3.619331,174.570000
0,1,1,703.218986,639.218147,0.000000,NULL,NULL,NULL,NULL,NULL,2.959911,2.690526,174.570000
0,1,1,756.180035,477.984575,0.000000,NULL,NULL,NULL,NULL,NULL,3.381154,2.137241,174.570000
0,1,1,-803.298322,507.768242,0.000000,NULL,NULL,NULL,NULL,NULL,-3.381154,2.137241,174.570000
0,1,1,432.914705,-470.555053,0.000000,NULL,NULL,NULL,NULL,NULL,2.708240,-2.943711,174.570000
0,1,1,-115.022483,-609.516753,0.000000,NULL,NULL,NULL,NULL,NULL,-0.741752,-3.930624,174.570000
0,1,1,-829.169109,402.367624,0.000000,NULL,NULL,NULL,NULL,NULL,-3.598666,1.746311,174.570000
0,1,1,750.083666,435.858536,0.000000,NULL,NULL,NULL,NULL,NULL,3.458503,2.009666,174.570000
0,1,1,420.097890,56.696864,0.000000,NULL,NULL,NULL,NULL,NULL,3.964061,0.534994,174.570000
0,1,1,328.436368,-526.184755,0.000000,NULL,NULL,NULL,NULL,NULL,2.118006,-3.393236,174.570000
0,1,1,292.173538,-547.152144,0.000000,NULL,NULL,NULL,NULL,NULL,1.884155,-3.528450,174.570000
0,1,1,749.921363,-167.015916,0.000000,NULL,NULL,NULL,NULL,NULL,3.904343,-0.869541,174.570000
0,1,1,443.187193,-515.629089,0.000000,NULL,NULL,NULL,NULL,NULL,2.607299,-3.033479,174.570000
0,1,1,-291.617315,-569.031231,0.000000,NULL,NULL,NULL,NULL,NULL,-1.824308,-3.559761,174.570000
0,1,1,601.585110,-360.584738,0.000000,NULL,NULL,NULL,NULL,NULL,3.430893,-2.056447,174.570000
0,1,1,-500.400027,-491.452756,0.000000,NULL,NULL,NULL,NULL,NULL,-2.853826,-2.802799,174.570000
0,1,1,10.951050,-620.178135,0.000000,NULL,NULL,NULL,NULL,NULL,0.070621,-3.999377,174.570000
0,1,1,402.643697,925.638572,0.000000,NULL,NULL,NULL,NULL,NULL,1.595545,3.668002,174.570000
0,1,1,-535.764504,855.502840,0.000000,NULL,NULL,NULL,NULL,NULL,-2.123059,3.390077,174.570000
0,1,1,-716.201273,667.468158,0.000000,NULL,NULL,NULL,NULL,NULL,-2.926231,2.727118,174.570000
0,1,1,-290.900494,-592.055131,0.000000,NULL,NULL,NULL,NULL,NULL,-1.763940,-3.590058,174.570000
0,1,1,438.369042,-492.935045,0.000000,NULL,NULL,NULL,NULL,NULL,2.658148,-2.989021,174.570000
0,1,1,310.481999,-536.974648,0.000000,NULL,NULL,NULL,NULL,NULL,2.002222,-3.462818,174.570000
0,1,1,-814.234999,299.365222,0.000000,NULL,NULL,NULL,NULL,NULL,-3.754293,1.380320,174.570000
0,1,1,-695.522217,427.633340,0.000000,NULL,NULL,NULL,NULL,NULL,-3.407465,2.095038,174.570000
0,1,1,-756.151365,-236.862442,0.000000,NULL,NULL,NULL,NULL,NULL,-3.817107,-1.195699,174.570000
0,1,1,-571.838813,-442.136734,0.000000,NULL,NULL,NULL,NULL,NULL,-3.164440,-2.446695,174.570000
0,1,1,-806.800186,240.897485,0.000000,NULL,NULL,NULL,NULL,NULL,-3.832796,1.144411,174.570000
0,1,1,-310.094833,-605.086307,0.000000,NULL,NULL,NULL,NULL,NULL,-1.824308,-3.559761,174.570000
0,1,1,-827.535042,339.798843,0.000000,NULL,NULL,NULL,NULL,NULL,-3.700208,1.519363,174.570000
0,1,1,448.556544,-455.668988,0.000000,NULL,NULL,NULL,NULL,NULL,2.806093,-2.850587,174.570000
0,1,1,-639.486457,-383.302467,0.000000,NULL,NULL,NULL,NULL,NULL,-3.430893,-2.056447,174.570000
0,1,1,379.503934,935.363821,0.000000,NULL,NULL,NULL,NULL,NULL,1.503849,3.706540,174.570000
0,1,1,589.779713,781.420435,0.000000,NULL,NULL,NULL,NULL,NULL,2.409702,3.192701,174.570000
0,1,1,-310.664860,-558.860040,0.000000,NULL,NULL,NULL,NULL,NULL,-1.943466,-3.496132,174.570000
0,1,1,-520.761783,-300.305660,0.000000,NULL,NULL,NULL,NULL,NULL,-3.465128,-1.998222,174.570000
0,1,1,733.298241,558.296342,0.000000,NULL,NULL,NULL,NULL,NULL,3.182578,2.423055,174.570000
0,1,1,-155.898453,-600.363654,0.000000,NULL,NULL,NULL,NULL,NULL,-1.005351,-3.871598,174.570000
0,1,1,-514.327455,868.559717,0.000000,NULL,NULL,NULL,NULL,NULL,-2.038111,3.441817,174.570000
0,1,1,460.345138,-500.370462,0.000000,NULL,NULL,NULL,NULL,NULL,2.708240,-2.943711,174.570000
0,1,1,-790.424711,527.584645,0.000000,NULL,NULL,NULL,NULL,NULL,-3.326967,2.220650,174.570000
0,1,1,687.107917,656.505516,0.000000,NULL,NULL,NULL,NULL,NULL,2.892098,2.763290,174.570000
0,1,1,-700.965996,-314.520332,0.000000,NULL,NULL,NULL,NULL,NULL,-3.649465,-1.637499,174.570000
0,1,1,-818.830366,360.269803,0.000000,NULL,NULL,NULL,NULL,NULL,-3.661286,1.610896,174.570000
0,1,1,659.486586,-295.908705,0.000000,NULL,NULL,NULL,NULL,NULL,3.649465,-1.637499,174.570000
0,1,1,744.061539,496.638627,0.000000,NULL,NULL,NULL,NULL,NULL,3.326967,2.220650,174.570000
0,1,1,-818.908204,422.859869,0.000000,NULL,NULL,NULL,NULL,NULL,-3.554133,1.835249,174.570000
0,1,1,346.016168,-514.794770,0.000000,NULL,NULL,NULL,NULL,NULL,2.231373,-3.319785,174.570000
0,1,1,711.473098,-222.867091,0.000000,NULL,NULL,NULL,NULL,NULL,3.817107,-1.195699,174.570000
0,1,1,-310.725869,-581.895016,0.000000,NULL,NULL,NULL,NULL,NULL,-1.884155,-3.528450,174.570000
0,1,1,739.014486,454.374030,0.000000,NULL,NULL,NULL,NULL,NULL,3.407465,2.095038,174.570000
0,1,1,755.133173,-141.598933,0.000000,NULL,NULL,NULL,NULL,NULL,3.931478,-0.737212,174.570000
0,1,1,454.763451,-477.852047,0.000000,NULL,NULL,NULL,NULL,NULL,2.757559,-2.897562,174.570000
0,1,1,356.129515,944.510711,0.000000,NULL,NULL,NULL,NULL,NULL,1.411224,3.742786,174.570000
0,1,1,-699.383776,685.069588,0.000000,NULL,NULL,NULL,NULL,NULL,-2.857518,2.799034,174.570000
0,1,1,346.716169,243.894792,0.000000,NULL,NULL,NULL,NULL,NULL,3.271628,2.301401,174.570000
0,1,1,-176.081355,-594.757262,0.000000,NULL,NULL,NULL,NULL,NULL,-1.135505,-3.835444,174.570000
0,1,1,-215.821929,-581.516757,0.000000,NULL,NULL,NULL,NULL,NULL,-1.391783,-3.750059,174.570000
0,1,1,743.280974,395.590106,0.000000,NULL,NULL,NULL,NULL,NULL,3.531041,1.879296,174.570000
0,1,1,613.417525,-340.066079,0.000000,NULL,NULL,NULL,NULL,NULL,3.498374,-1.939427,174.570000
0,1,1,-492.572385,881.079542,0.000000,NULL,NULL,NULL,NULL,NULL,-1.951903,3.491429,174.570000
0,1,1,-516.709013,-474.276074,0.000000,NULL,NULL,NULL,NULL,NULL,-2.946837,-2.704838,174.570000
0,1,1,396.309944,-477.157493,0.000000,NULL,NULL,NULL,NULL,NULL,2.555706,-3.077072,174.570000
0,1,1,-330.349272,-594.270648,0.000000,NULL,NULL,NULL,NULL,NULL,-1.943466,-3.496132,174.570000
0,1,1,-810.583185,-97.858714,0.000000,NULL,NULL,NULL,NULL,NULL,-3.971165,-0.479424,174.570000
0,1,1,-800.561026,260.883466,0.000000,NULL,NULL,NULL,NULL,NULL,-3.803156,1.239357,174.570000
0,1,1,-196.063443,-588.472574,0.000000,NULL,NULL,NULL,NULL,NULL,-1.264365,-3.794915,174.570000
0,1,1,-777.062361,547.074829,0.000000,NULL,NULL,NULL,NULL,NULL,-3.270724,2.302686,174.570000
0,1,1,-793.826859,280.708135,0.000000,NULL,NULL,NULL,NULL,NULL,-3.771165,1.333536,174.570000
0,1,1,463.686823,-440.263251,0.000000,NULL,NULL,NULL,NULL,NULL,2.900745,-2.754211,174.570000
0,1,1,364.395664,-216.593102,0.000000,NULL,NULL,NULL,NULL,NULL,3.438453,-2.043782,174.570000
0,1,1,790.595353,-53.176047,0.000000,NULL,NULL,NULL,NULL,NULL,3.990983,-0.268437,174.570000
0,1,1,570.167966,795.843261,0.000000,NULL,NULL,NULL,NULL,NULL,2.329573,3.251629,174.570000
0,1,1,-329.358104,-548.051493,0.000000,NULL,NULL,NULL,NULL,NULL,-2.060408,-3.428516,174.570000
0,1,1,731.482972,514.985594,0.000000,NULL,NULL,NULL,NULL,NULL,3.270724,2.302686,174.570000
0,1,1,-806.539786,319.517987,0.000000,NULL,NULL,NULL,NULL,NULL,-3.718812,1.473241,174.570000
0,1,1,-815.622222,-37.172824,0.000000,NULL,NULL,NULL,NULL,NULL,-3.995852,-0.182115,174.570000
0,1,1,670.571992,673.386951,0.000000,NULL,NULL,NULL,NULL,NULL,2.822497,2.834345,174.570000
0,1,1,332.534891,953.073586,0.000000,NULL,NULL,NULL,NULL,NULL,1.317727,3.776718,174.570000
0,1,1,-808.140948,443.090650,0.000000,NULL,NULL,NULL,NULL,NULL,-3.507402,1.923052,174.570000
0,1,1,195.330706,376.221593,0.000000,NULL,NULL,NULL,NULL,NULL,1.843149,3.550043,174.570000
0,1,1,476.978078,-484.541182,0.000000,NULL,NULL,NULL,NULL,NULL,2.806093,-2.850587,174.570000
0,1,1,733.215141,413.948905,0.000000,NULL,NULL,NULL,NULL,NULL,3.483222,1.966511,174.570000
0,1,1,-470.512745,893.054573,0.000000,NULL,NULL,NULL,NULL,NULL,-1.864488,3.538882,174.570000
0,1,1,-682.133832,702.247422,0.000000,NULL,NULL,NULL,NULL,NULL,-2.787039,2.869218,174.570000
0,1,1,-330.196874,-571.071274,0.000000,NULL,NULL,NULL,NULL,NULL,-2.002222,-3.462818,174.570000
0,1,1,815.282163,44.004804,0.000000,NULL,NULL,NULL,NULL,NULL,3.994186,0.215586,174.570000
0,1,1,719.189930,576.356626,0.000000,NULL,NULL,NULL,NULL,NULL,3.121347,2.501438,174.570000
0,1,1,363.201352,-502.817683,0.000000,NULL,NULL,NULL,NULL,NULL,2.342196,-3.242548,174.570000
0,1,1,-798.345868,339.473187,0.000000,NULL,NULL,NULL,NULL,NULL,-3.681031,1.565251,174.570000
0,1,1,-586.441864,-422.575980,0.000000,NULL,NULL,NULL,NULL,NULL,-3.245251,-2.338450,174.570000
0,1,1,470.639220,-462.224080,0.000000,NULL,NULL,NULL,NULL,NULL,2.853826,-2.802799,174.570000
0,1,1,669.102141,-273.471832,0.000000,NULL,NULL,NULL,NULL,NULL,3.702676,-1.513338,174.570000
0,1,1,-809.619387,380.517999,0.000000,NULL,NULL,NULL,NULL,NULL,-3.620100,1.701433,174.570000
0,1,1,-711.186336,-290.672258,0.000000,NULL,NULL,NULL,NULL,NULL,-3.702676,-1.513338,174.570000
0,1,1,-652.064343,-361.491081,0.000000,NULL,NULL,NULL,NULL,NULL,-3.498374,-1.939427,174.570000
0,1,1,-763.718051,-211.195269,0.000000,NULL,NULL,NULL,NULL,NULL,-3.855304,-1.066129,174.570000
0,1,1,308.734653,961.047152,0.000000,NULL,NULL,NULL,NULL,NULL,1.223414,3.808314,174.570000
0,1,1,722.695942,432.051750,0.000000,NULL,NULL,NULL,NULL,NULL,3.433249,2.052511,174.570000
0,1,1,-350.226961,-582.777248,0.000000,NULL,NULL,NULL,NULL,NULL,-2.060408,-3.428516,174.570000
0,1,1,-448.162175,904.477406,0.000000,NULL,NULL,NULL,NULL,NULL,-1.775920,3.584147,174.570000
0,1,1,727.488355,472.608573,0.000000,NULL,NULL,NULL,NULL,NULL,3.354320,2.179114,174.570000
0,1,1,-273.531865,-556.705634,0.000000,NULL,NULL,NULL,NULL,NULL,-1.763940,-3.590058,174.570000
0,1,1,550.203670,809.773998,0.000000,NULL,NULL,NULL,NULL,NULL,2.248003,3.308547,174.570000
0,1,1,-347.675728,-536.617916,0.000000,NULL,NULL,NULL,NULL,NULL,-2.175000,-3.356989,174.570000
0,1,1,478.288285,-424.355412,0.000000,NULL,NULL,NULL,NULL,NULL,2.992089,-2.654694,174.570000
0,1,1,-763.219534,566.226743,0.000000,NULL,NULL,NULL,NULL,NULL,-3.212458,2.383298,174.570000
0,1,1,379.972319,-490.267153,0.000000,NULL,NULL,NULL,NULL,NULL,2.450348,-3.161613,174.570000
0,1,1,141.244366,-584.316997,0.000000,NULL,NULL,NULL,NULL,NULL,0.939834,-3.888022,174.570000
0,1,1,718.592695,-198.716499,0.000000,NULL,NULL,NULL,NULL,NULL,3.855304,-1.066129,174.570000
0,1,1,-195.330706,376.221593,0.000000,NULL,NULL,NULL,NULL,NULL,-1.843149,3.550043,174.570000
0,1,1,-664.462108,718.991038,0.000000,NULL,NULL,NULL,NULL,NULL,-2.714836,2.937629,174.570000
0,1,1,-349.291304,-559.596248,0.000000,NULL,NULL,NULL,NULL,NULL,-2.118006,-3.393236,174.570000
0,1,1,-532.428713,-456.558500,0.000000,NULL,NULL,NULL,NULL,NULL,-3.036488,-2.603793,174.570000
0,1,1,493.067045,-468.159304,0.000000,NULL,NULL,NULL,NULL,NULL,2.900745,-2.754211,174.570000
0,1,1,704.636926,594.060534,0.000000,NULL,NULL,NULL,NULL,NULL,3.058186,2.578275,174.570000
0,1,1,653.621435,689.852015,0.000000,NULL,NULL,NULL,NULL,NULL,2.751150,2.903648,174.570000
0,1,1,-425.534496,915.340978,0.000000,NULL,NULL,NULL,NULL,NULL,-1.686253,3.627196,174.570000
0,1,1,624.550363,-319.159588,0.000000,NULL,NULL,NULL,NULL,NULL,3.561866,-1.820195,174.570000
0,1,1,718.452110,533.014133,0.000000,NULL,NULL,NULL,NULL,NULL,3.212458,2.383298,174.570000
0,1,1,759.483784,-116.020462,0.000000,NULL,NULL,NULL,NULL,NULL,3.954129,-0.604042,174.570000
0,1,1,-796.873998,463.047457,0.000000,NULL,NULL,NULL,NULL,NULL,-3.458503,2.009666,174.570000
0,1,1,715.512400,490.550890,0.000000,NULL,NULL,NULL,NULL,NULL,3.299101,2.261843,174.570000
0,1,1,0.000000,423.906560,0.000000,NULL,NULL,NULL,NULL,NULL,0.000000,4.000000,174.570000
0,1,1,-235.334279,-573.897745,0.000000,NULL,NULL,NULL,NULL,NULL,-1.517613,-3.700926,174.570000
0,1,1,529.899169,823.204031,0.000000,NULL,NULL,NULL,NULL,NULL,2.165044,3.363419,174.570000
0,1,1,260.576316,975.207002,0.000000,NULL,NULL,NULL,NULL,NULL,1.032578,3.864425,174.570000
0,1,1,485.978245,-446.068964,0.000000,NULL,NULL,NULL,NULL,NULL,2.946837,-2.704838,174.570000
0,1,1,-789.658314,359.218481,0.000000,NULL,NULL,NULL,NULL,NULL,-3.640974,1.656293,174.570000
0,1,1,-799.907800,400.530912,0.000000,NULL,NULL,NULL,NULL,NULL,-3.576676,1.790918,174.570000
0,1,1,-402.643697,925.638572,0.000000,NULL,NULL,NULL,NULL,NULL,-1.595545,3.668002,174.570000
0,1,1,-369.705231,-570.619214,0.000000,NULL,NULL,NULL,NULL,NULL,-2.175000,-3.356989,174.570000
0,1,1,-786.601848,300.359236,0.000000,NULL,NULL,NULL,NULL,NULL,-3.736841,1.426891,174.570000
0,1,1,791.940067,-26.450587,0.000000,NULL,NULL,NULL,NULL,NULL,3.997771,-0.133524,174.570000
0,1,1,-365.596843,-524.572348,0.000000,NULL,NULL,NULL,NULL,NULL,-2.287111,-3.281634,174.570000
0,1,1,442.539034,-434.626331,0.000000,NULL,NULL,NULL,NULL,NULL,2.853826,-2.802799,174.570000
0,1,1,-600.376102,-402.533297,0.000000,NULL,NULL,NULL,NULL,NULL,-3.322360,-2.227538,174.570000
0,1,1,236.247995,981.384531,0.000000,NULL,NULL,NULL,NULL,NULL,0.936173,3.888905,174.570000
0,1,1,-346.716169,243.894792,0.000000,NULL,NULL,NULL,NULL,NULL,-3.271628,2.301401,174.570000
0,1,1,492.344280,-407.963613,0.000000,NULL,NULL,NULL,NULL,NULL,3.080021,-2.552150,174.570000
0,1,1,-646.379530,735.290085,0.000000,NULL,NULL,NULL,NULL,NULL,-2.640955,3.004223,174.570000
0,1,1,-379.503934,935.363821,0.000000,NULL,NULL,NULL,NULL,NULL,-1.503849,3.706540,174.570000
0,1,1,-420.097890,56.696864,0.000000,NULL,NULL,NULL,NULL,NULL,-3.964061,0.534994,174.570000
0,1,1,-748.904789,585.028545,0.000000,NULL,NULL,NULL,NULL,NULL,-3.152206,2.462437,174.570000
0,1,1,677.954613,-250.723076,0.000000,NULL,NULL,NULL,NULL,NULL,3.751664,-1.387451,174.570000
0,1,1,-663.898577,-339.267430,0.000000,NULL,NULL,NULL,NULL,NULL,-3.561866,-1.820195,174.570000
0,1,1,-254.578240,-565.624225,0.000000,NULL,NULL,NULL,NULL,NULL,-1.641713,-3.647572,174.570000
0,1,1,-367.987380,-547.483026,0.000000,NULL,NULL,NULL,NULL,NULL,-2.231373,-3.319785,174.570000
0,1,1,-720.595598,-266.492685,0.000000,NULL,NULL,NULL,NULL,NULL,-3.751664,-1.387451,174.570000
0,1,1,636.266728,705.890525,0.000000,NULL,NULL,NULL,NULL,NULL,2.678103,2.971156,174.570000
0,1,1,508.593689,-451.243509,0.000000,NULL,NULL,NULL,NULL,NULL,2.992089,-2.654694,174.570000
0,1,1,509.267019,836.125056,0.000000,NULL,NULL,NULL,NULL,NULL,2.080746,3.416211,174.570000
0,1,1,-770.413748,-185.287237,0.000000,NULL,NULL,NULL,NULL,NULL,-3.889104,-0.935343,174.570000
0,1,1,211.773595,986.955246,0.000000,NULL,NULL,NULL,NULL,NULL,0.839189,3.910980,174.570000
0,1,1,689.648227,611.397120,0.000000,NULL,NULL,NULL,NULL,NULL,2.993134,2.653517,174.570000
0,1,1,-356.129515,944.510711,0.000000,NULL,NULL,NULL,NULL,NULL,-1.411224,3.742786,174.570000
0,1,1,412.195593,-463.503654,0.000000,NULL,NULL,NULL,NULL,NULL,2.658148,-2.989021,174.570000
0,1,1,-785.114321,482.717950,0.000000,NULL,NULL,NULL,NULL,NULL,-3.407465,2.095038,174.570000
0,1,1,704.977011,550.713096,0.000000,NULL,NULL,NULL,NULL,NULL,3.152206,2.462437,174.570000
0,1,1,510.079975,318.111211,0.000000,NULL,NULL,NULL,NULL,NULL,3.394051,2.116699,174.570000
0,1,1,-547.541201,-438.320239,0.000000,NULL,NULL,NULL,NULL,NULL,-3.122676,-2.499779,174.570000
0,1,1,500.763032,-429.405125,0.000000,NULL,NULL,NULL,NULL,NULL,3.036488,-2.603793,174.570000
0,1,1,-624.228376,526.270238,0.000000,NULL,NULL,NULL,NULL,NULL,-3.058186,2.578275,174.570000
0,1,1,703.094025,508.189888,0.000000,NULL,NULL,NULL,NULL,NULL,3.241842,2.343173,174.570000
0,1,1,187.168251,991.915702,0.000000,NULL,NULL,NULL,NULL,NULL,0.741686,3.930636,174.570000
0,1,1,-332.534891,953.073586,0.000000,NULL,NULL,NULL,NULL,NULL,-1.317727,3.776718,174.570000
0,1,1,-734.126978,603.468609,0.000000,NULL,NULL,NULL,NULL,NULL,-3.090005,2.540053,174.570000
0,1,1,634.970926,-297.889109,0.000000,NULL,NULL,NULL,NULL,NULL,3.621295,-1.698888,174.570000
0,1,1,-388.761867,-557.810412,0.000000,NULL,NULL,NULL,NULL,NULL,-2.287111,-3.281634,174.570000
0,1,1,-780.482494,378.741662,0.000000,NULL,NULL,NULL,NULL,NULL,-3.598666,1.746311,174.570000
0,1,1,724.892768,-174.339279,0.000000,NULL,NULL,NULL,NULL,NULL,3.889104,-0.935343,174.570000
0,1,1,-627.897279,751.134483,0.000000,NULL,NULL,NULL,NULL,NULL,-2.565441,3.068959,174.570000
0,1,1,-383.101009,-511.928527,0.000000,NULL,NULL,NULL,NULL,NULL,-2.396614,-3.202537,174.570000
0,1,1,-789.701610,420.296165,0.000000,NULL,NULL,NULL,NULL,NULL,-3.531041,1.879296,174.570000
0,1,1,162.447176,996.262831,0.000000,NULL,NULL,NULL,NULL,NULL,0.643725,3.947863,174.570000
0,1,1,-141.244366,-584.316997,0.000000,NULL,NULL,NULL,NULL,NULL,-0.939834,-3.888022,174.570000
0,1,1,284.743516,968.426478,0.000000,NULL,NULL,NULL,NULL,NULL,1.128345,3.837556,174.570000
0,1,1,435.942690,-413.920639,0.000000,NULL,NULL,NULL,NULL,NULL,2.900745,-2.754211,174.570000
0,1,1,505.838776,-391.106548,0.000000,NULL,NULL,NULL,NULL,NULL,3.164440,-2.446695,174.570000
0,1,1,-308.734653,961.047152,0.000000,NULL,NULL,NULL,NULL,NULL,-1.223414,3.808314,174.570000
0,1,1,792.381607,0.305040,0.000000,NULL,NULL,NULL,NULL,NULL,4.000000,0.001540,174.570000
0,1,1,762.968236,-90.309675,0.000000,NULL,NULL,NULL,NULL,NULL,3.972270,-0.470183,174.570000
0,1,1,488.319975,848.529085,0.000000,NULL,NULL,NULL,NULL,NULL,1.995161,3.466891,174.570000
0,1,1,427.611150,-449.321209,0.000000,NULL,NULL,NULL,NULL,NULL,2.757559,-2.897562,174.570000
0,1,1,-613.625636,-382.031540,0.000000,NULL,NULL,NULL,NULL,NULL,-3.395680,-2.114085,174.570000
0,1,1,-386.263782,-534.745421,0.000000,NULL,NULL,NULL,NULL,NULL,-2.342196,-3.242548,174.570000
0,1,1,137.625655,999.993946,0.000000,NULL,NULL,NULL,NULL,NULL,0.545365,3.962648,174.570000
0,1,1,618.518601,721.492566,0.000000,NULL,NULL,NULL,NULL,NULL,2.603399,3.036826,174.570000
0,1,1,-609.026784,766.514437,0.000000,NULL,NULL,NULL,NULL,NULL,-2.488341,3.131798,174.570000
0,1,1,523.540302,-433.813090,0.000000,NULL,NULL,NULL,NULL,NULL,3.080021,-2.552150,174.570000
0,1,1,309.651365,-515.259504,0.000000,NULL,NULL,NULL,NULL,NULL,2.060408,-3.428516,174.570000
0,1,1,711.729882,449.887446,0.000000,NULL,NULL,NULL,NULL,NULL,3.381154,2.137241,174.570000
0,1,1,-772.869188,502.089967,0.000000,NULL,NULL,NULL,NULL,NULL,-3.354320,2.179114,174.570000
0,1,1,674.233102,628.355664,0.000000,NULL,NULL,NULL,NULL,NULL,2.926231,2.727118,174.570000
0,1,1,112.719038,1003.106740,0.000000,NULL,NULL,NULL,NULL,NULL,0.446669,3.974983,174.570000
0,1,1,-260.576316,975.207002,0.000000,NULL,NULL,NULL,NULL,NULL,-1.032578,3.864425,174.570000
0,1,1,-770.697469,339.092243,0.000000,NULL,NULL,NULL,NULL,NULL,-3.661286,1.610896,174.570000
0,1,1,-762.027935,358.150200,0.000000,NULL,NULL,NULL,NULL,NULL,-3.620100,1.701433,174.570000
0,1,1,691.066007,568.071539,0.000000,NULL,NULL,NULL,NULL,NULL,3.090005,2.540053,174.570000
0,1,1,-292.173538,-547.152144,0.000000,NULL,NULL,NULL,NULL,NULL,-1.884155,-3.528450,174.570000
0,1,1,514.976718,-412.251567,0.000000,NULL,NULL,NULL,NULL,NULL,3.122676,-2.499779,174.570000
0,1,1,87.742723,1005.599288,0.000000,NULL,NULL,NULL,NULL,NULL,0.347696,3.984860,174.570000
0,1,1,686.033906,-227.688381,0.000000,NULL,NULL,NULL,NULL,NULL,3.796373,-1.259981,174.570000
0,1,1,-718.895237,621.535534,0.000000,NULL,NULL,NULL,NULL,NULL,-3.025894,2.616098,174.570000
0,1,1,-400.168265,-498.700872,0.000000,NULL,NULL,NULL,NULL,NULL,-2.503384,-3.119787,174.570000
0,1,1,-236.247995,981.384531,0.000000,NULL,NULL,NULL,NULL,NULL,-0.936173,3.888905,174.570000
0,1,1,690.240910,525.514659,0.000000,NULL,NULL,NULL,NULL,NULL,3.182578,2.423055,174.570000
0,1,1,-778.890463,319.824617,0.000000,NULL,NULL,NULL,NULL,NULL,-3.700208,1.519363,174.570000
0,1,1,-674.975661,-316.656858,0.000000,NULL,NULL,NULL,NULL,NULL,-3.621295,-1.698888,174.570000
0,1,1,-407.375136,-544.365450,0.000000,NULL,NULL,NULL,NULL,NULL,-2.396614,-3.202537,174.570000
0,1,1,467.070992,860.408446,0.000000,NULL,NULL,NULL,NULL,NULL,1.908343,3.515427,174.570000
0,1,1,62.712155,1007.470049,0.000000,NULL,NULL,NULL,NULL,NULL,0.248508,3.992273,174.570000
0,1,1,-562.029240,-419.582092,0.000000,NULL,NULL,NULL,NULL,NULL,-3.205302,-2.392914,174.570000
0,1,1,-462.885463,-383.553610,0.000000,NULL,NULL,NULL,NULL,NULL,-3.080021,-2.552150,174.570000
0,1,1,-770.824082,398.030657,0.000000,NULL,NULL,NULL,NULL,NULL,-3.554133,1.835249,174.570000
0,1,1,-729.183050,-242.009187,0.000000,NULL,NULL,NULL,NULL,NULL,-3.796373,-1.259981,174.570000
0,1,1,-211.773595,986.955246,0.000000,NULL,NULL,NULL,NULL,NULL,-0.839189,3.910980,174.570000
0,1,1,-779.007128,439.801540,0.000000,NULL,NULL,NULL,NULL,NULL,-3.483222,1.966511,174.570000
0,1,1,37.642810,1008.717866,0.000000,NULL,NULL,NULL,NULL,NULL,0.149166,3.997218,174.570000
0,1,1,600.388029,736.648490,0.000000,NULL,NULL,NULL,NULL,NULL,2.527086,3.100619,174.570000
0,1,1,-187.168251,991.915702,0.000000,NULL,NULL,NULL,NULL,NULL,-0.741686,3.930636,174.570000
0,1,1,308.225657,291.021848,0.000000,NULL,NULL,NULL,NULL,NULL,2.908430,2.746094,174.570000
0,1,1,-589.779713,781.420435,0.000000,NULL,NULL,NULL,NULL,NULL,-2.409702,3.192701,174.570000
0,1,1,518.756384,-373.803443,0.000000,NULL,NULL,NULL,NULL,NULL,3.245251,-2.338450,174.570000
0,1,1,-776.230820,-159.167892,0.000000,NULL,NULL,NULL,NULL,NULL,-3.918469,-0.803491,174.570000
0,1,1,-760.146170,521.151528,0.000000,NULL,NULL,NULL,NULL,NULL,-3.299101,2.261843,174.570000
0,1,1,12.550190,1009.341967,0.000000,NULL,NULL,NULL,NULL,NULL,0.049732,3.999691,174.570000
0,1,1,-162.447176,996.262831,0.000000,NULL,NULL,NULL,NULL,NULL,-0.643725,3.947863,174.570000
0,1,1,-328.436368,-526.184755,0.000000,NULL,NULL,NULL,NULL,NULL,-2.118006,-3.393236,174.570000
0,1,1,-12.550190,1009.341967,0.000000,NULL,NULL,NULL,NULL,NULL,-0.049732,3.999691,174.570000
0,1,1,-404.099667,-521.397962,0.000000,NULL,NULL,NULL,NULL,NULL,-2.450348,-3.161613,174.570000
0,1,1,644.667331,-276.278900,0.000000,NULL,NULL,NULL,NULL,NULL,3.676595,-1.575643,174.570000
0,1,1,-137.625655,999.993946,0.000000,NULL,NULL,NULL,NULL,NULL,-0.545365,3.962648,174.570000
0,1,1,-37.642810,1008.717866,0.000000,NULL,NULL,NULL,NULL,NULL,-0.149166,3.997218,174.570000
0,1,1,-773.084379,262.606114,0.000000,NULL,NULL,NULL,NULL,NULL,-3.787453,1.286546,174.570000
0,1,1,-62.712155,1007.470049,0.000000,NULL,NULL,NULL,NULL,NULL,-0.248508,3.992273,174.570000
0,1,1,-87.742723,1005.599288,0.000000,NULL,NULL,NULL,NULL,NULL,-0.347696,3.984860,174.570000
0,1,1,-112.719038,1003.106740,0.000000,NULL,NULL,NULL,NULL,NULL,-0.446669,3.974983,174.570000
0,1,1,-310.481999,-536.974648,0.000000,NULL,NULL,NULL,NULL,NULL,-2.002222,-3.462818,174.570000
0,1,1,121.433854,-588.753041,0.000000,NULL,NULL,NULL,NULL,NULL,0.808016,-3.917539,174.570000
0,1,1,688.484573,484.713453,0.000000,NULL,NULL,NULL,NULL,NULL,3.270724,2.302686,174.570000
0,1,1,445.533206,871.755796,0.000000,NULL,NULL,NULL,NULL,NULL,1.820344,3.561790,174.570000
0,1,1,537.889839,-415.887924,0.000000,NULL,NULL,NULL,NULL,NULL,3.164440,-2.446695,174.570000
0,1,1,730.366130,-149.763233,0.000000,NULL,NULL,NULL,NULL,NULL,3.918469,-0.803491,174.570000
0,1,1,734.549762,356.452066,0.000000,NULL,NULL,NULL,NULL,NULL,3.598666,1.746311,174.570000
0,1,1,658.401081,644.925680,0.000000,NULL,NULL,NULL,NULL,NULL,2.857518,2.799034,174.570000
0,1,1,-416.779145,-484.904469,0.000000,NULL,NULL,NULL,NULL,NULL,-2.607299,-3.033479,174.570000
0,1,1,-703.218986,639.218147,0.000000,NULL,NULL,NULL,NULL,NULL,-2.959911,2.690526,174.570000
0,1,1,-626.175355,-361.094093,0.000000,NULL,NULL,NULL,NULL,NULL,-3.465128,-1.998222,174.570000
0,1,1,-364.395664,-216.593102,0.000000,NULL,NULL,NULL,NULL,NULL,-3.438453,-2.043782,174.570000
0,1,1,528.603095,-394.627854,0.000000,NULL,NULL,NULL,NULL,NULL,3.205302,-2.392914,174.570000
0,1,1,456.962220,-419.435780,0.000000,NULL,NULL,NULL,NULL,NULL,2.946837,-2.704838,174.570000
0,1,1,-570.167966,795.843261,0.000000,NULL,NULL,NULL,NULL,NULL,-2.329573,3.251629,174.570000
0,1,1,676.727700,585.078730,0.000000,NULL,NULL,NULL,NULL,NULL,3.025894,2.616098,174.570000
0,1,1,700.323741,467.444966,0.000000,NULL,NULL,NULL,NULL,NULL,3.326967,2.220650,174.570000
0,1,1,765.582553,-64.495893,0.000000,NULL,NULL,NULL,NULL,NULL,3.985881,-0.335787,174.570000
0,1,1,-425.523811,-530.299662,0.000000,NULL,NULL,NULL,NULL,NULL,-2.503384,-3.119787,174.570000
0,1,1,791.919467,27.060318,0.000000,NULL,NULL,NULL,NULL,NULL,3.997667,0.136602,174.570000
0,1,1,676.961001,542.514491,0.000000,NULL,NULL,NULL,NULL,NULL,3.121347,2.501438,174.570000
0,1,1,581.886221,751.348925,0.000000,NULL,NULL,NULL,NULL,NULL,2.449210,3.162494,174.570000
0,1,1,-767.830966,459.034974,0.000000,NULL,NULL,NULL,NULL,NULL,-3.433249,2.052511,174.570000
0,1,1,-760.689051,417.073540,0.000000,NULL,NULL,NULL,NULL,NULL,-3.507402,1.923052,174.570000
0,1,1,423.719937,882.564117,0.000000,NULL,NULL,NULL,NULL,NULL,1.731220,3.605950,174.570000
0,1,1,-284.743516,968.426478,0.000000,NULL,NULL,NULL,NULL,NULL,-1.128345,3.837556,174.570000
0,1,1,-781.162632,-132.867022,0.000000,NULL,NULL,NULL,NULL,NULL,-3.943366,-0.670722,174.570000
0,1,1,-421.474692,-507.455870,0.000000,NULL,NULL,NULL,NULL,NULL,-2.555706,-3.077072,174.570000
0,1,1,-746.953136,539.890849,0.000000,NULL,NULL,NULL,NULL,NULL,-3.241842,2.343173,174.570000
0,1,1,531.082371,-356.074029,0.000000,NULL,NULL,NULL,NULL,NULL,3.322360,-2.227538,174.570000
0,1,1,693.330805,-204.394016,0.000000,NULL,NULL,NULL,NULL,NULL,3.836752,-1.131075,174.570000
0,1,1,-575.876308,-400.365429,0.000000,NULL,NULL,NULL,NULL,NULL,-3.284273,-2.283319,174.570000
0,1,1,676.219698,501.682229,0.000000,NULL,NULL,NULL,NULL,NULL,3.212458,2.383298,174.570000
0,1,1,642.161954,661.096922,0.000000,NULL,NULL,NULL,NULL,NULL,2.787039,2.869218,174.570000
0,1,1,-685.282964,-293.685152,0.000000,NULL,NULL,NULL,NULL,NULL,-3.676595,-1.575643,174.570000
0,1,1,-550.203670,809.773998,0.000000,NULL,NULL,NULL,NULL,NULL,-2.248003,3.308547,174.570000
0,1,1,653.628520,-254.353605,0.000000,NULL,NULL,NULL,NULL,NULL,3.727701,-1.450601,174.570000
0,1,1,-346.016168,-514.794770,0.000000,NULL,NULL,NULL,NULL,NULL,-2.231373,-3.319785,174.570000
0,1,1,-687.107917,656.505516,0.000000,NULL,NULL,NULL,NULL,NULL,-2.892098,2.763290,174.570000
0,1,1,-736.938898,-217.249688,0.000000,NULL,NULL,NULL,NULL,NULL,-3.836752,-1.131075,174.570000
0,1,1,470.864260,-403.766879,0.000000,NULL,NULL,NULL,NULL,NULL,3.036488,-2.603793,174.570000
0,1,1,-432.914705,-470.555053,0.000000,NULL,NULL,NULL,NULL,NULL,-2.708240,-2.943711,174.570000
0,1,1,551.625935,-397.488455,0.000000,NULL,NULL,NULL,NULL,NULL,3.245251,-2.338450,174.570000
0,1,1,735.006539,-125.016387,0.000000,NULL,NULL,NULL,NULL,NULL,3.943366,-0.670722,174.570000
0,1,1,401.644671,892.826727,0.000000,NULL,NULL,NULL,NULL,NULL,1.641026,3.647881,174.570000
0,1,1,806.882587,124.747421,0.000000,NULL,NULL,NULL,NULL,NULL,3.953035,0.611156,174.570000
0,1,1,541.626622,-376.554083,0.000000,NULL,NULL,NULL,NULL,NULL,3.284273,-2.283319,174.570000
0,1,1,661.970955,601.724151,0.000000,NULL,NULL,NULL,NULL,NULL,2.959911,2.690526,174.570000
0,1,1,-529.899169,823.204031,0.000000,NULL,NULL,NULL,NULL,NULL,-2.165044,3.363419,174.570000
0,1,1,563.024620,765.584783,0.000000,NULL,NULL,NULL,NULL,NULL,2.369820,3.222414,174.570000
0,1,1,-443.187193,-515.629089,0.000000,NULL,NULL,NULL,NULL,NULL,-2.607299,-3.033479,174.570000
0,1,1,-752.887219,376.986703,0.000000,NULL,NULL,NULL,NULL,NULL,-3.576676,1.790918,174.570000
0,1,1,663.262511,559.178873,0.000000,NULL,NULL,NULL,NULL,NULL,3.058186,2.578275,174.570000
0,1,1,497.042093,-371.066034,0.000000,NULL,NULL,NULL,NULL,NULL,3.205302,-2.392914,174.570000
0,1,1,-756.180035,477.984575,0.000000,NULL,NULL,NULL,NULL,NULL,-3.381154,2.137241,174.570000
0,1,1,-750.083666,435.858536,0.000000,NULL,NULL,NULL,NULL,NULL,-3.458503,2.009666,174.570000
0,1,1,-438.369042,-492.935045,0.000000,NULL,NULL,NULL,NULL,NULL,-2.658148,-2.989021,174.570000
0,1,1,-670.571992,673.386951,0.000000,NULL,NULL,NULL,NULL,NULL,-2.822497,2.834345,174.570000
0,1,1,-733.298241,558.296342,0.000000,NULL,NULL,NULL,NULL,NULL,-3.182578,2.423055,174.570000
0,1,1,-638.010947,-339.744832,0.000000,NULL,NULL,NULL,NULL,NULL,-3.530624,-1.880079,174.570000
0,1,1,542.802681,-337.938528,0.000000,NULL,NULL,NULL,NULL,NULL,3.395680,-2.114085,174.570000
0,1,1,379.321057,902.537280,0.000000,NULL,NULL,NULL,NULL,NULL,1.549817,3.687556,174.570000
0,1,1,-510.079975,318.111211,0.000000,NULL,NULL,NULL,NULL,NULL,-3.394051,2.116699,174.570000
0,1,1,484.229298,-387.637499,0.000000,NULL,NULL,NULL,NULL,NULL,3.122676,-2.499779,174.570000
0,1,1,625.525763,676.859392,0.000000,NULL,NULL,NULL,NULL,NULL,2.714836,2.937629,174.570000
0,1,1,-509.267019,836.125056,0.000000,NULL,NULL,NULL,NULL,NULL,-2.080746,3.416211,174.570000
0,1,1,-396.309944,-477.157493,0.000000,NULL,NULL,NULL,NULL,NULL,-2.555706,-3.077072,174.570000
0,1,1,-589.066612,-380.692166,0.000000,NULL,NULL,NULL,NULL,NULL,-3.359499,-2.171121,174.570000
0,1,1,-448.556544,-455.668988,0.000000,NULL,NULL,NULL,NULL,NULL,-2.806093,-2.850587,174.570000
0,1,1,-694.808729,-270.378510,0.000000,NULL,NULL,NULL,NULL,NULL,-3.727701,-1.450601,174.570000
0,1,1,767.323755,-38.608556,0.000000,NULL,NULL,NULL,NULL,NULL,3.994946,-0.201009,174.570000
0,1,1,543.814885,779.347261,0.000000,NULL,NULL,NULL,NULL,NULL,2.288965,3.280341,174.570000
0,1,1,790.554176,53.784736,0.000000,NULL,NULL,NULL,NULL,NULL,3.990775,0.271509,174.570000
0,1,1,-363.201352,-502.817683,0.000000,NULL,NULL,NULL,NULL,NULL,-2.342196,-3.242548,174.570000
0,1,1,564.732925,-378.635667,0.000000,NULL,NULL,NULL,NULL,NULL,3.322360,-2.227538,174.570000
0,1,1,699.836989,-180.866548,0.000000,NULL,NULL,NULL,NULL,NULL,3.872756,-1.000879,174.570000
0,1,1,356.762901,911.689771,0.000000,NULL,NULL,NULL,NULL,NULL,1.457650,3.724951,174.570000
0,1,1,-785.203561,-106.414623,0.000000,NULL,NULL,NULL,NULL,NULL,-3.963764,-0.537189,174.570000
0,1,1,554.032446,-358.050868,0.000000,NULL,NULL,NULL,NULL,NULL,3.359499,-2.171121,174.570000
0,1,1,61.262512,-598.016077,0.000000,NULL,NULL,NULL,NULL,NULL,0.407638,-3.979175,174.570000
0,1,1,646.804897,617.997512,0.000000,NULL,NULL,NULL,NULL,NULL,2.892098,2.763290,174.570000
0,1,1,-460.345138,-500.370462,0.000000,NULL,NULL,NULL,NULL,NULL,-2.708240,-2.943711,174.570000
0,1,1,661.844272,-232.138231,0.000000,NULL,NULL,NULL,NULL,NULL,3.774556,-1.323905,174.570000
0,1,1,391.490554,456.192361,0.000000,NULL,NULL,NULL,NULL,NULL,2.604962,3.035485,174.570000
0,1,1,-653.621435,689.852015,0.000000,NULL,NULL,NULL,NULL,NULL,-2.751150,2.903648,174.570000
0,1,1,-488.319975,848.529085,0.000000,NULL,NULL,NULL,NULL,NULL,-1.995161,3.466891,174.570000
0,1,1,-744.061539,496.638627,0.000000,NULL,NULL,NULL,NULL,NULL,-3.326967,2.220650,174.570000
0,1,1,-719.189930,576.356626,0.000000,NULL,NULL,NULL,NULL,NULL,-3.121347,2.501438,174.570000
0,1,1,649.153909,575.497500,0.000000,NULL,NULL,NULL,NULL,NULL,2.993134,2.653517,174.570000
0,1,1,-739.014486,454.374030,0.000000,NULL,NULL,NULL,NULL,NULL,-3.407465,2.095038,174.570000
0,1,1,-454.763451,-477.852047,0.000000,NULL,NULL,NULL,NULL,NULL,-2.757559,-2.897562,174.570000
0,1,1,-743.854298,-192.242424,0.000000,NULL,NULL,NULL,NULL,NULL,-3.872756,-1.000879,174.570000
0,1,1,-121.433854,-588.753041,0.000000,NULL,NULL,NULL,NULL,NULL,-0.808016,-3.917539,174.570000
0,1,1,-731.482972,514.985594,0.000000,NULL,NULL,NULL,NULL,NULL,-3.270724,2.302686,174.570000
0,1,1,524.268897,792.627848,0.000000,NULL,NULL,NULL,NULL,NULL,2.206694,3.336241,174.570000
0,1,1,553.903947,-319.417622,0.000000,NULL,NULL,NULL,NULL,NULL,3.465128,-1.998222,174.570000
0,1,1,333.984148,920.278542,0.000000,NULL,NULL,NULL,NULL,NULL,1.364581,3.760042,174.570000
0,1,1,608.502793,692.203342,0.000000,NULL,NULL,NULL,NULL,NULL,2.640955,3.004223,174.570000
0,1,1,738.808703,-100.126966,0.000000,NULL,NULL,NULL,NULL,NULL,3.963764,-0.537189,174.570000
0,1,1,-467.070992,860.408446,0.000000,NULL,NULL,NULL,NULL,NULL,-1.908343,3.515427,174.570000
0,1,1,-743.280974,395.590106,0.000000,NULL,NULL,NULL,NULL,NULL,-3.531041,1.879296,174.570000
0,1,1,631.238904,633.888749,0.000000,NULL,NULL,NULL,NULL,NULL,2.822497,2.834345,174.570000
0,1,1,-379.972319,-490.267153,0.000000,NULL,NULL,NULL,NULL,NULL,-2.450348,-3.161613,174.570000
0,1,1,199.619974,-567.034558,0.000000,NULL,NULL,NULL,NULL,NULL,1.328263,-3.773025,174.570000
0,1,1,-733.215141,413.948905,0.000000,NULL,NULL,NULL,NULL,NULL,-3.483222,1.966511,174.570000
0,1,1,-463.686823,-440.263251,0.000000,NULL,NULL,NULL,NULL,NULL,-2.900745,-2.754211,174.570000
0,1,1,-649.118913,-318.008106,0.000000,NULL,NULL,NULL,NULL,NULL,-3.592093,-1.759793,174.570000
0,1,1,600.362891,30.671203,0.000000,NULL,NULL,NULL,NULL,NULL,3.994790,0.204085,174.570000
0,1,1,-704.636926,594.060534,0.000000,NULL,NULL,NULL,NULL,NULL,-3.058186,2.578275,174.570000
0,1,1,663.536699,518.340803,0.000000,NULL,NULL,NULL,NULL,NULL,3.152206,2.462437,174.570000
0,1,1,-636.266728,705.890525,0.000000,NULL,NULL,NULL,NULL,NULL,-2.678103,2.971156,174.570000
0,1,1,310.998885,928.298281,0.000000,NULL,NULL,NULL,NULL,NULL,1.270669,3.792809,174.570000
0,1,1,-0.462841,-601.145664,0.000000,NULL,NULL,NULL,NULL,NULL,-0.003080,-3.999999,174.570000
0,1,1,-445.533206,871.755796,0.000000,NULL,NULL,NULL,NULL,NULL,-1.820344,3.561790,174.570000
0,1,1,-601.585110,-360.584738,0.000000,NULL,NULL,NULL,NULL,NULL,-3.430893,-2.056447,174.570000
0,1,1,577.195859,-359.351061,0.000000,NULL,NULL,NULL,NULL,NULL,3.395680,-2.114085,174.570000
0,1,1,-476.978078,-484.541182,0.000000,NULL,NULL,NULL,NULL,NULL,-2.806093,-2.850587,174.570000
0,1,1,565.806419,-339.139310,0.000000,NULL,NULL,NULL,NULL,NULL,3.430893,-2.056447,174.570000
0,1,1,-722.695942,432.051750,0.000000,NULL,NULL,NULL,NULL,NULL,-3.433249,2.052511,174.570000
0,1,1,-61.262512,-598.016077,0.000000,NULL,NULL,NULL,NULL,NULL,-0.407638,-3.979175,174.570000
0,1,1,424.716019,697.307487,0.000000,NULL,NULL,NULL,NULL,NULL,2.080746,3.416211,174.570000
0,1,1,504.398740,805.418335,0.000000,NULL,NULL,NULL,NULL,NULL,2.123059,3.390077,174.570000
0,1,1,-703.542094,-246.763513,0.000000,NULL,NULL,NULL,NULL,NULL,-3.774556,-1.323905,174.570000
0,1,1,-727.488355,472.608573,0.000000,NULL,NULL,NULL,NULL,NULL,-3.354320,2.179114,174.570000
0,1,1,532.024139,-318.890514,0.000000,NULL,NULL,NULL,NULL,NULL,3.430893,-2.056447,174.570000
0,1,1,634.643919,591.460283,0.000000,NULL,NULL,NULL,NULL,NULL,2.926231,2.727118,174.570000
0,1,1,-470.639220,-462.224080,0.000000,NULL,NULL,NULL,NULL,NULL,-2.853826,-2.802799,174.570000
0,1,1,-718.452110,533.014133,0.000000,NULL,NULL,NULL,NULL,NULL,-3.212458,2.383298,174.570000
0,1,1,287.821324,935.744031,0.000000,NULL,NULL,NULL,NULL,NULL,1.175970,3.823231,174.570000
0,1,1,591.103571,707.119286,0.000000,NULL,NULL,NULL,NULL,NULL,2.565441,3.068959,174.570000
0,1,1,509.288032,-354.071384,0.000000,NULL,NULL,NULL,NULL,NULL,3.284273,-2.283319,174.570000
0,1,1,326.872977,-504.510041,0.000000,NULL,NULL,NULL,NULL,NULL,2.175000,-3.356989,174.570000
0,1,1,768.189856,-12.677188,0.000000,NULL,NULL,NULL,NULL,NULL,3.999455,-0.066002,174.570000
0,1,1,-423.719937,882.564117,0.000000,NULL,NULL,NULL,NULL,NULL,-1.731220,3.605950,174.570000
0,1,1,669.305218,-209.658113,0.000000,NULL,NULL,NULL,NULL,NULL,3.817107,-1.195699,174.570000
0,1,1,705.545037,-157.132809,0.000000,NULL,NULL,NULL,NULL,NULL,3.904343,-0.869541,174.570000
0,1,1,-308.225657,291.021848,0.000000,NULL,NULL,NULL,NULL,NULL,-2.908430,2.746094,174.570000
0,1,1,-715.512400,490.550890,0.000000,NULL,NULL,NULL,NULL,NULL,-3.299101,2.261843,174.570000
0,1,1,564.373508,-300.532434,0.000000,NULL,NULL,NULL,NULL,NULL,3.530624,-1.880079,174.570000
0,1,1,788.287291,80.447814,0.000000,NULL,NULL,NULL,NULL,NULL,3.979331,0.406106,174.570000
0,1,1,-788.348996,-79.840863,0.000000,NULL,NULL,NULL,NULL,NULL,-3.979643,-0.403042,174.570000
0,1,1,615.282599,649.388037,0.000000,NULL,NULL,NULL,NULL,NULL,2.751150,2.903648,174.570000
0,1,1,-618.518601,721.492566,0.000000,NULL,NULL,NULL,NULL,NULL,-2.603399,3.036826,174.570000
0,1,1,-689.648227,611.397120,0.000000,NULL,NULL,NULL,NULL,NULL,-2.993134,2.653517,174.570000
0,1,1,264.465795,942.611186,0.000000,NULL,NULL,NULL,NULL,NULL,1.080545,3.851288,174.570000
0,1,1,636.947953,550.686339,0.000000,NULL,NULL,NULL,NULL,NULL,3.025894,2.616098,174.570000
0,1,1,-401.644671,892.826727,0.000000,NULL,NULL,NULL,NULL,NULL,-1.641026,3.647881,174.570000
0,1,1,650.443419,534.678873,0.000000,NULL,NULL,NULL,NULL,NULL,3.090005,2.540053,174.570000
0,1,1,-749.921363,-167.015916,0.000000,NULL,NULL,NULL,NULL,NULL,-3.904343,-0.869541,174.570000
0,1,1,-478.288285,-424.355412,0.000000,NULL,NULL,NULL,NULL,NULL,-2.992089,-2.654694,174.570000
0,1,1,484.216700,817.710810,0.000000,NULL,NULL,NULL,NULL,NULL,2.038111,3.441817,174.570000
0,1,1,573.338855,721.598000,0.000000,NULL,NULL,NULL,NULL,NULL,2.488341,3.131798,174.570000
0,1,1,741.768286,-75.123353,0.000000,NULL,NULL,NULL,NULL,NULL,3.979643,-0.403042,174.570000
0,1,1,-600.388029,736.648490,0.000000,NULL,NULL,NULL,NULL,NULL,-2.527086,3.100619,174.570000
0,1,1,240.946741,948.895502,0.000000,NULL,NULL,NULL,NULL,NULL,0.984452,3.876965,174.570000
0,1,1,-442.539034,-434.626331,0.000000,NULL,NULL,NULL,NULL,NULL,-2.853826,-2.802799,174.570000
0,1,1,-493.067045,-468.159304,0.000000,NULL,NULL,NULL,NULL,NULL,-2.900745,-2.754211,174.570000
0,1,1,589.000526,-339.656629,0.000000,NULL,NULL,NULL,NULL,NULL,3.465128,-1.998222,174.570000
0,1,1,-659.486586,-295.908705,0.000000,NULL,NULL,NULL,NULL,NULL,-3.649465,-1.637499,174.570000
0,1,1,520.953148,-336.672930,0.000000,NULL,NULL,NULL,NULL,NULL,3.359499,-2.171121,174.570000
0,1,1,-379.321057,902.537280,0.000000,NULL,NULL,NULL,NULL,NULL,-1.549817,3.687556,174.570000
0,1,1,576.935112,-319.840978,0.000000,NULL,NULL,NULL,NULL,NULL,3.498374,-1.939427,174.570000
0,1,1,-704.977011,550.713096,0.000000,NULL,NULL,NULL,NULL,NULL,-3.152206,2.462437,174.570000
0,1,1,619.741512,607.057351,0.000000,NULL,NULL,NULL,NULL,NULL,2.857518,2.799034,174.570000
0,1,1,-412.195593,-463.503654,0.000000,NULL,NULL,NULL,NULL,NULL,-2.658148,-2.989021,174.570000
0,1,1,-613.417525,-340.066079,0.000000,NULL,NULL,NULL,NULL,NULL,-3.498374,-1.939427,174.570000
0,1,1,-309.651365,-515.259504,0.000000,NULL,NULL,NULL,NULL,NULL,-2.060408,-3.428516,174.570000
0,1,1,-485.978245,-446.068964,0.000000,NULL,NULL,NULL,NULL,NULL,-2.946837,-2.704838,174.570000
0,1,1,-703.094025,508.189888,0.000000,NULL,NULL,NULL,NULL,NULL,-3.241842,2.343173,174.570000
0,1,1,217.278703,954.593092,0.000000,NULL,NULL,NULL,NULL,NULL,0.887750,3.900244,174.570000
0,1,1,-674.233102,628.355664,0.000000,NULL,NULL,NULL,NULL,NULL,-2.926231,2.727118,174.570000
0,1,1,255.948214,-543.936426,0.000000,NULL,NULL,NULL,NULL,NULL,1.703069,-3.619331,174.570000
0,1,1,-356.762901,911.689771,0.000000,NULL,NULL,NULL,NULL,NULL,-1.457650,3.724951,174.570000
0,1,1,598.945850,664.485792,0.000000,NULL,NULL,NULL,NULL,NULL,2.678103,2.971156,174.570000
0,1,1,463.735258,829.497675,0.000000,NULL,NULL,NULL,NULL,NULL,1.951903,3.491429,174.570000
0,1,1,768.179868,13.268638,0.000000,NULL,NULL,NULL,NULL,NULL,3.999403,0.069081,174.570000
0,1,1,574.199424,-281.304500,0.000000,NULL,NULL,NULL,NULL,NULL,3.592093,-1.759793,174.570000
0,1,1,710.448440,-133.219867,0.000000,NULL,NULL,NULL,NULL,NULL,3.931478,-0.737212,174.570000
0,1,1,-711.473098,-222.867091,0.000000,NULL,NULL,NULL,NULL,NULL,-3.817107,-1.195699,174.570000
0,1,1,-581.886221,751.348925,0.000000,NULL,NULL,NULL,NULL,NULL,-2.449210,3.162494,174.570000
0,1,1,-435.942690,-413.920639,0.000000,NULL,NULL,NULL,NULL,NULL,-2.900745,-2.754211,174.570000
0,1,1,193.476317,959.700433,0.000000,NULL,NULL,NULL,NULL,NULL,0.790499,3.921111,174.570000
0,1,1,-333.984148,920.278542,0.000000,NULL,NULL,NULL,NULL,NULL,-1.364581,3.760042,174.570000
0,1,1,-755.133173,-141.598933,0.000000,NULL,NULL,NULL,NULL,NULL,-3.931478,-0.737212,174.570000
0,1,1,676.002848,-186.938888,0.000000,NULL,NULL,NULL,NULL,NULL,3.855304,-1.066129,174.570000
0,1,1,-492.344280,-407.963613,0.000000,NULL,NULL,NULL,NULL,NULL,-3.080021,-2.552150,174.570000
0,1,1,555.219629,735.630532,0.000000,NULL,NULL,NULL,NULL,NULL,2.409702,3.192701,174.570000
0,1,1,604.455904,622.279061,0.000000,NULL,NULL,NULL,NULL,NULL,2.787039,2.869218,174.570000
0,1,1,790.506529,204.256839,0.000000,NULL,NULL,NULL,NULL,NULL,3.872807,1.000684,174.570000
0,1,1,442.967076,840.771641,0.000000,NULL,NULL,NULL,NULL,NULL,1.864488,3.538882,174.570000
0,1,1,169.554299,964.214367,0.000000,NULL,NULL,NULL,NULL,NULL,0.692759,3.939554,174.570000
0,1,1,-691.066007,568.071539,0.000000,NULL,NULL,NULL,NULL,NULL,-3.090005,2.540053,174.570000
0,1,1,-310.998885,928.298281,0.000000,NULL,NULL,NULL,NULL,NULL,-1.270669,3.792809,174.570000
0,1,1,-790.595353,-53.176047,0.000000,NULL,NULL,NULL,NULL,NULL,-3.990983,-0.268437,174.570000
0,1,1,623.058647,566.353301,0.000000,NULL,NULL,NULL,NULL,NULL,2.959911,2.690526,174.570000
0,1,1,-427.611150,-449.321209,0.000000,NULL,NULL,NULL,NULL,NULL,-2.757559,-2.897562,174.570000
0,1,1,785.121396,107.019145,0.000000,NULL,NULL,NULL,NULL,NULL,3.963350,0.540240,174.570000
0,1,1,-815.282163,44.004804,0.000000,NULL,NULL,NULL,NULL,NULL,-3.994186,0.215586,174.570000
0,1,1,-690.240910,525.514659,0.000000,NULL,NULL,NULL,NULL,NULL,-3.182578,2.423055,174.570000
0,1,1,-658.401081,644.925680,0.000000,NULL,NULL,NULL,NULL,NULL,-2.857518,2.799034,174.570000
0,1,1,-508.593689,-451.243509,0.000000,NULL,NULL,NULL,NULL,NULL,-2.992089,-2.654694,174.570000
0,1,1,-287.821324,935.744031,0.000000,NULL,NULL,NULL,NULL,NULL,-1.175970,3.823231,174.570000
0,1,1,587.405835,-300.177881,0.000000,NULL,NULL,NULL,NULL,NULL,3.561866,-1.820195,174.570000
0,1,1,-669.102141,-273.471832,0.000000,NULL,NULL,NULL,NULL,NULL,-3.702676,-1.513338,174.570000
0,1,1,-563.024620,765.584783,0.000000,NULL,NULL,NULL,NULL,NULL,-2.369820,3.222414,174.570000
0,1,1,582.238758,679.172679,0.000000,NULL,NULL,NULL,NULL,NULL,2.603399,3.036826,174.570000
0,1,1,-711.729882,449.887446,0.000000,NULL,NULL,NULL,NULL,NULL,-3.381154,2.137241,174.570000
0,1,1,600.133461,-319.574833,0.000000,NULL,NULL,NULL,NULL,NULL,3.530624,-1.880079,174.570000
0,1,1,-500.763032,-429.405125,0.000000,NULL,NULL,NULL,NULL,NULL,-3.036488,-2.603793,174.570000
0,1,1,-264.465795,942.611186,0.000000,NULL,NULL,NULL,NULL,NULL,-1.080545,3.851288,174.570000
0,1,1,44.706241,-581.361019,0.000000,NULL,NULL,NULL,NULL,NULL,0.306692,-3.988225,174.570000
0,1,1,583.370489,-261.755750,0.000000,NULL,NULL,NULL,NULL,NULL,3.649465,-1.637499,174.570000
0,1,1,536.757097,749.208205,0.000000,NULL,NULL,NULL,NULL,NULL,2.329573,3.251629,174.570000
0,1,1,72.484679,-578.554452,0.000000,NULL,NULL,NULL,NULL,NULL,0.497256,-3.968972,174.570000
0,1,1,421.924996,851.525736,0.000000,NULL,NULL,NULL,NULL,NULL,1.775920,3.584147,174.570000
0,1,1,743.881914,-50.034066,0.000000,NULL,NULL,NULL,NULL,NULL,3.990983,-0.268437,174.570000
0,1,1,-624.550363,-319.159588,0.000000,NULL,NULL,NULL,NULL,NULL,-3.561866,-1.820195,174.570000
0,1,1,100.096920,-574.421351,0.000000,NULL,NULL,NULL,NULL,NULL,0.686680,-3.940618,174.570000
0,1,1,-688.484573,484.713453,0.000000,NULL,NULL,NULL,NULL,NULL,-3.270724,2.302686,174.570000
0,1,1,97.218689,974.169663,0.000000,NULL,NULL,NULL,NULL,NULL,0.397213,3.980229,174.570000
0,1,1,-240.946741,948.895502,0.000000,NULL,NULL,NULL,NULL,NULL,-0.984452,3.876965,174.570000
0,1,1,588.796546,637.116000,0.000000,NULL,NULL,NULL,NULL,NULL,2.714836,2.937629,174.570000
0,1,1,-642.161954,661.096922,0.000000,NULL,NULL,NULL,NULL,NULL,-2.787039,2.869218,174.570000
0,1,1,16.825300,-582.834618,0.000000,NULL,NULL,NULL,NULL,NULL,0.115424,-3.998334,174.570000
0,1,1,72.966664,976.285753,0.000000,NULL,NULL,NULL,NULL,NULL,0.298125,3.988875,174.570000
0,1,1,127.479656,-568.971194,0.000000,NULL,NULL,NULL,NULL,NULL,0.874530,-3.903229,174.570000
0,1,1,-505.838776,-391.106548,0.000000,NULL,NULL,NULL,NULL,NULL,-3.164440,-2.446695,174.570000
0,1,1,-676.727700,585.078730,0.000000,NULL,NULL,NULL,NULL,NULL,-3.025894,2.616098,174.570000
0,1,1,-543.814885,779.347261,0.000000,NULL,NULL,NULL,NULL,NULL,-2.288965,3.280341,174.570000
0,1,1,-217.278703,954.593092,0.000000,NULL,NULL,NULL,NULL,NULL,-0.887750,3.900244,174.570000
0,1,1,-199.619974,-567.034558,0.000000,NULL,NULL,NULL,NULL,NULL,-1.328263,-3.773025,174.570000
0,1,1,542.488378,-300.744416,0.000000,NULL,NULL,NULL,NULL,NULL,3.498374,-1.939427,174.570000
0,1,1,48.669522,977.798181,0.000000,NULL,NULL,NULL,NULL,NULL,0.198852,3.995054,174.570000
0,1,1,714.541606,-109.154993,0.000000,NULL,NULL,NULL,NULL,NULL,3.954129,-0.604042,174.570000
0,1,1,-718.592695,-198.716499,0.000000,NULL,NULL,NULL,NULL,NULL,-3.855304,-1.066129,174.570000
0,1,1,154.570100,-562.216476,0.000000,NULL,NULL,NULL,NULL,NULL,1.060374,-3.856891,174.570000
0,1,1,-193.476317,959.700433,0.000000,NULL,NULL,NULL,NULL,NULL,-0.790499,3.921111,174.570000
0,1,1,767.293802,39.199332,0.000000,NULL,NULL,NULL,NULL,NULL,3.994790,0.204085,174.570000
0,1,1,-676.961001,542.514491,0.000000,NULL,NULL,NULL,NULL,NULL,-3.121347,2.501438,174.570000
0,1,1,-16.825300,-582.834618,0.000000,NULL,NULL,NULL,NULL,NULL,-0.115424,-3.998334,174.570000
0,1,1,-169.554299,964.214367,0.000000,NULL,NULL,NULL,NULL,NULL,-0.692759,3.939554,174.570000
0,1,1,24.342287,978.706012,0.000000,NULL,NULL,NULL,NULL,NULL,0.099457,3.998763,174.570000
0,1,1,400.622030,861.753312,0.000000,NULL,NULL,NULL,NULL,NULL,1.686253,3.627196,174.570000
0,1,1,565.171653,693.439617,0.000000,NULL,NULL,NULL,NULL,NULL,2.527086,3.100619,174.570000
0,1,1,0.000000,979.008685,0.000000,NULL,NULL,NULL,NULL,NULL,0.000000,4.000000,174.570000
0,1,1,681.929525,-164.006467,0.000000,NULL,NULL,NULL,NULL,NULL,3.889104,-0.935343,174.570000
0,1,1,-24.342287,978.706012,0.000000,NULL,NULL,NULL,NULL,NULL,-0.099457,3.998763,174.570000
0,1,1,-759.483784,-116.020462,0.000000,NULL,NULL,NULL,NULL,NULL,-3.954129,-0.604042,174.570000
0,1,1,-524.268897,792.627848,0.000000,NULL,NULL,NULL,NULL,NULL,-2.206694,3.336241,174.570000
0,1,1,517.962675,762.322624,0.000000,NULL,NULL,NULL,NULL,NULL,2.248003,3.308547,174.570000
0,1,1,-48.669522,977.798181,0.000000,NULL,NULL,NULL,NULL,NULL,-0.198852,3.995054,174.570000
0,1,1,-97.218689,974.169663,0.000000,NULL,NULL,NULL,NULL,NULL,-0.397213,3.980229,174.570000
0,1,1,-72.966664,976.285753,0.000000,NULL,NULL,NULL,NULL,NULL,-0.298125,3.988875,174.570000
0,1,1,-523.540302,-433.813090,0.000000,NULL,NULL,NULL,NULL,NULL,-3.080021,-2.552150,174.570000
0,1,1,181.306141,-554.172686,0.000000,NULL,NULL,NULL,NULL,NULL,1.243788,-3.801709,174.570000
0,1,1,-44.706241,-581.361019,0.000000,NULL,NULL,NULL,NULL,NULL,-0.306692,-3.988225,174.570000
0,1,1,-700.323741,467.444966,0.000000,NULL,NULL,NULL,NULL,NULL,-3.326967,2.220650,174.570000
0,1,1,597.206646,-280.172443,0.000000,NULL,NULL,NULL,NULL,NULL,3.621295,-1.698888,174.570000
0,1,1,-514.976718,-412.251567,0.000000,NULL,NULL,NULL,NULL,NULL,-3.122676,-2.499779,174.570000
0,1,1,-676.219698,501.682229,0.000000,NULL,NULL,NULL,NULL,NULL,-3.212458,2.383298,174.570000
0,1,1,-625.525763,676.859392,0.000000,NULL,NULL,NULL,NULL,NULL,-2.714836,2.937629,174.570000
0,1,1,591.876244,-241.908478,0.000000,NULL,NULL,NULL,NULL,NULL,3.702676,-1.513338,174.570000
0,1,1,610.581969,-299.128575,0.000000,NULL,NULL,NULL,NULL,NULL,3.592093,-1.759793,174.570000
0,1,1,-391.490554,456.192361,0.000000,NULL,NULL,NULL,NULL,NULL,-2.604962,3.035485,174.570000
0,1,1,-791.940067,-26.450587,0.000000,NULL,NULL,NULL,NULL,NULL,-3.997771,-0.133524,174.570000
0,1,1,572.773120,651.558994,0.000000,NULL,NULL,NULL,NULL,NULL,2.640955,3.004223,174.570000
0,1,1,-661.970955,601.724151,0.000000,NULL,NULL,NULL,NULL,NULL,-2.959911,2.690526,174.570000
0,1,1,207.626474,-544.858265,0.000000,NULL,NULL,NULL,NULL,NULL,1.424349,-3.737811,174.570000
0,1,1,379.071349,871.448045,0.000000,NULL,NULL,NULL,NULL,NULL,1.595545,3.668002,174.570000
0,1,1,-677.954613,-250.723076,0.000000,NULL,NULL,NULL,NULL,NULL,-3.751664,-1.387451,174.570000
0,1,1,781.060102,133.468424,0.000000,NULL,NULL,NULL,NULL,NULL,3.942848,0.673758,174.570000
0,1,1,608.784088,581.670073,0.000000,NULL,NULL,NULL,NULL,NULL,2.892098,2.763290,174.570000
0,1,1,-504.398740,805.418335,0.000000,NULL,NULL,NULL,NULL,NULL,-2.123059,3.390077,174.570000
0,1,1,-72.484679,-578.554452,0.000000,NULL,NULL,NULL,NULL,NULL,-0.497256,-3.968972,174.570000
0,1,1,579.114749,611.215384,0.000000,NULL,NULL,NULL,NULL,NULL,2.751150,2.903648,174.570000
0,1,1,-456.962220,-419.435780,0.000000,NULL,NULL,NULL,NULL,NULL,-2.946837,-2.704838,174.570000
0,1,1,552.333931,-282.255332,0.000000,NULL,NULL,NULL,NULL,NULL,3.561866,-1.820195,174.570000
0,1,1,498.847983,774.965680,0.000000,NULL,NULL,NULL,NULL,NULL,2.165044,3.363419,174.570000
0,1,1,-518.756384,-373.803443,0.000000,NULL,NULL,NULL,NULL,NULL,-3.245251,-2.338450,174.570000
0,1,1,145.527441,968.132103,0.000000,NULL,NULL,NULL,NULL,NULL,0.594591,3.955561,174.570000
0,1,1,-663.262511,559.178873,0.000000,NULL,NULL,NULL,NULL,NULL,-3.058186,2.578275,174.570000
0,1,1,547.755088,707.277783,0.000000,NULL,NULL,NULL,NULL,NULL,2.449210,3.162494,174.570000
0,1,1,-424.716019,697.307487,0.000000,NULL,NULL,NULL,NULL,NULL,-2.080746,3.416211,174.570000
0,1,1,-634.970926,-297.889109,0.000000,NULL,NULL,NULL,NULL,NULL,-3.621295,-1.698888,174.570000
0,1,1,561.549571,-263.444347,0.000000,NULL,NULL,NULL,NULL,NULL,3.621295,-1.698888,174.570000
0,1,1,743.185569,338.077858,0.000000,NULL,NULL,NULL,NULL,NULL,3.640974,1.656293,174.570000
0,1,1,240.585118,-349.020877,0.000000,NULL,NULL,NULL,NULL,NULL,2.270171,-3.293376,174.570000
0,1,1,594.133102,596.627183,0.000000,NULL,NULL,NULL,NULL,NULL,2.822497,2.834345,174.570000
0,1,1,357.286279,880.603939,0.000000,NULL,NULL,NULL,NULL,NULL,1.503849,3.706540,174.570000
0,1,1,745.147174,-24.887717,0.000000,NULL,NULL,NULL,NULL,NULL,3.997771,-0.133524,174.570000
0,1,1,52.697514,-420.618287,0.000000,NULL,NULL,NULL,NULL,NULL,0.497256,-3.968972,174.570000
0,1,1,121.410601,971.451219,0.000000,NULL,NULL,NULL,NULL,NULL,0.496055,3.969122,174.570000
0,1,1,-734.549762,356.452066,0.000000,NULL,NULL,NULL,NULL,NULL,-3.598666,1.746311,174.570000
0,1,1,-608.502793,692.203342,0.000000,NULL,NULL,NULL,NULL,NULL,-2.640955,3.004223,174.570000
0,1,1,233.470754,-534.294572,0.000000,NULL,NULL,NULL,NULL,NULL,1.601645,-3.665342,174.570000
0,1,1,-100.096920,-574.421351,0.000000,NULL,NULL,NULL,NULL,NULL,-0.686680,-3.940618,174.570000
0,1,1,-484.216700,817.710810,0.000000,NULL,NULL,NULL,NULL,NULL,-2.038111,3.441817,174.570000
0,1,1,316.344321,752.693629,0.000000,NULL,NULL,NULL,NULL,NULL,1.549817,3.687556,174.570000
0,1,1,766.315874,281.747066,0.000000,NULL,NULL,NULL,NULL,NULL,3.754293,1.380320,174.570000
0,1,1,-646.804897,617.997512,0.000000,NULL,NULL,NULL,NULL,NULL,-2.892098,2.763290,174.570000
0,1,1,-537.889839,-415.887924,0.000000,NULL,NULL,NULL,NULL,NULL,-3.164440,-2.446695,174.570000
0,1,1,-724.892768,-174.339279,0.000000,NULL,NULL,NULL,NULL,NULL,-3.889104,-0.935343,174.570000
0,1,1,717.819866,-84.965632,0.000000,NULL,NULL,NULL,NULL,NULL,3.972270,-0.470183,174.570000
0,1,1,556.395534,665.599113,0.000000,NULL,NULL,NULL,NULL,NULL,2.565441,3.068959,174.570000
0,1,1,-528.603095,-394.627854,0.000000,NULL,NULL,NULL,NULL,NULL,-3.205302,-2.392914,174.570000
0,1,1,479.424841,787.129556,0.000000,NULL,NULL,NULL,NULL,NULL,2.080746,3.416211,174.570000
0,1,1,606.326367,-259.847480,0.000000,NULL,NULL,NULL,NULL,NULL,3.676595,-1.575643,174.570000
0,1,1,423.208361,-24.319839,0.000000,NULL,NULL,NULL,NULL,NULL,3.993412,-0.229483,174.570000
0,1,1,-792.381607,0.305040,0.000000,NULL,NULL,NULL,NULL,NULL,-4.000000,0.001540,174.570000
0,1,1,599.706988,-221.785320,0.000000,NULL,NULL,NULL,NULL,NULL,3.751664,-1.387451,174.570000
0,1,1,335.280290,889.215333,0.000000,NULL,NULL,NULL,NULL,NULL,1.411224,3.742786,174.570000
0,1,1,765.532669,65.085320,0.000000,NULL,NULL,NULL,NULL,NULL,3.985621,0.338856,174.570000
0,1,1,687.078489,-140.887004,0.000000,NULL,NULL,NULL,NULL,NULL,3.918469,-0.803491,174.570000
0,1,1,529.999833,720.678622,0.000000,NULL,NULL,NULL,NULL,NULL,2.369820,3.222414,174.570000
0,1,1,258.779722,-522.505825,0.000000,NULL,NULL,NULL,NULL,NULL,1.775268,-3.584470,174.570000
0,1,1,-649.153909,575.497500,0.000000,NULL,NULL,NULL,NULL,NULL,-2.993134,2.653517,174.570000
0,1,1,-762.968236,-90.309675,0.000000,NULL,NULL,NULL,NULL,NULL,-3.972270,-0.470183,174.570000
0,1,1,620.334133,-278.341173,0.000000,NULL,NULL,NULL,NULL,NULL,3.649465,-1.637499,174.570000
0,1,1,-470.864260,-403.766879,0.000000,NULL,NULL,NULL,NULL,NULL,-3.036488,-2.603793,174.570000
0,1,1,776.108042,159.765489,0.000000,NULL,NULL,NULL,NULL,NULL,3.917850,0.806508,174.570000
0,1,1,-631.238904,633.888749,0.000000,NULL,NULL,NULL,NULL,NULL,-2.822497,2.834345,174.570000
0,1,1,-463.735258,829.497675,0.000000,NULL,NULL,NULL,NULL,NULL,-1.951903,3.491429,174.570000
0,1,1,376.224687,-468.861716,0.000000,NULL,NULL,NULL,NULL,NULL,2.503384,-3.119787,174.570000
0,1,1,-145.527441,968.132103,0.000000,NULL,NULL,NULL,NULL,NULL,-0.594591,3.955561,174.570000
0,1,1,-591.103571,707.119286,0.000000,NULL,NULL,NULL,NULL,NULL,-2.565441,3.068959,174.570000
0,1,1,586.669176,131.132000,0.000000,NULL,NULL,NULL,NULL,NULL,3.903673,0.872547,174.570000
0,1,1,-531.082371,-356.074029,0.000000,NULL,NULL,NULL,NULL,NULL,-3.322360,-2.227538,174.570000
0,1,1,-121.410601,971.451219,0.000000,NULL,NULL,NULL,NULL,NULL,-0.496055,3.969122,174.570000
0,1,1,-127.479656,-568.971194,0.000000,NULL,NULL,NULL,NULL,NULL,-0.874530,-3.903229,174.570000
0,1,1,313.066989,897.276904,0.000000,NULL,NULL,NULL,NULL,NULL,1.317727,3.776718,174.570000
0,1,1,-686.033906,-227.688381,0.000000,NULL,NULL,NULL,NULL,NULL,-3.796373,-1.259981,174.570000
0,1,1,-442.967076,840.771641,0.000000,NULL,NULL,NULL,NULL,NULL,-1.864488,3.538882,174.570000
0,1,1,459.705259,798.806729,0.000000,NULL,NULL,NULL,NULL,NULL,1.995161,3.466891,174.570000
0,1,1,745.562624,0.287016,0.000000,NULL,NULL,NULL,NULL,NULL,4.000000,0.001540,174.570000
0,1,1,-497.042093,-371.066034,0.000000,NULL,NULL,NULL,NULL,NULL,-3.205302,-2.392914,174.570000
0,1,1,283.495350,-509.519056,0.000000,NULL,NULL,NULL,NULL,NULL,1.944821,-3.495378,174.570000
0,1,1,539.673915,679.227676,0.000000,NULL,NULL,NULL,NULL,NULL,2.488341,3.131798,174.570000
0,1,1,-326.872977,-504.510041,0.000000,NULL,NULL,NULL,NULL,NULL,-2.175000,-3.356989,174.570000
0,1,1,-644.667331,-276.278900,0.000000,NULL,NULL,NULL,NULL,NULL,-3.676595,-1.575643,174.570000
0,1,1,-573.338855,721.598000,0.000000,NULL,NULL,NULL,NULL,NULL,-2.488341,3.131798,174.570000
0,1,1,570.124785,-244.332915,0.000000,NULL,NULL,NULL,NULL,NULL,3.676595,-1.575643,174.570000
0,1,1,511.916866,733.633848,0.000000,NULL,NULL,NULL,NULL,NULL,2.288965,3.280341,174.570000
0,1,1,-316.344321,752.693629,0.000000,NULL,NULL,NULL,NULL,NULL,-1.549817,3.687556,174.570000
0,1,1,-663.536699,518.340803,0.000000,NULL,NULL,NULL,NULL,NULL,-3.152206,2.462437,174.570000
0,1,1,290.660110,904.783666,0.000000,NULL,NULL,NULL,NULL,NULL,1.223414,3.808314,174.570000
0,1,1,-615.282599,649.388037,0.000000,NULL,NULL,NULL,NULL,NULL,-2.751150,2.903648,174.570000
0,1,1,-421.924996,851.525736,0.000000,NULL,NULL,NULL,NULL,NULL,-1.775920,3.584147,174.570000
0,1,1,-634.643919,591.460283,0.000000,NULL,NULL,NULL,NULL,NULL,-2.926231,2.727118,174.570000
0,1,1,-484.229298,-387.637499,0.000000,NULL,NULL,NULL,NULL,NULL,-3.122676,-2.499779,174.570000
0,1,1,-551.625935,-397.488455,0.000000,NULL,NULL,NULL,NULL,NULL,-3.245251,-2.338450,174.570000
0,1,1,-154.570100,-562.216476,0.000000,NULL,NULL,NULL,NULL,NULL,-1.060374,-3.856891,174.570000
0,1,1,614.754597,-239.226171,0.000000,NULL,NULL,NULL,NULL,NULL,3.727701,-1.450601,174.570000
0,1,1,-541.626622,-376.554083,0.000000,NULL,NULL,NULL,NULL,NULL,-3.284273,-2.283319,174.570000
0,1,1,606.853791,-201.409225,0.000000,NULL,NULL,NULL,NULL,NULL,3.796373,-1.259981,174.570000
0,1,1,-255.948214,-543.936426,0.000000,NULL,NULL,NULL,NULL,NULL,-1.703069,-3.619331,174.570000
0,1,1,563.738315,625.425656,0.000000,NULL,NULL,NULL,NULL,NULL,2.678103,2.971156,174.570000
0,1,1,691.443869,-117.606865,0.000000,NULL,NULL,NULL,NULL,NULL,3.943366,-0.670722,174.570000
0,1,1,439.701429,809.989981,0.000000,NULL,NULL,NULL,NULL,NULL,1.908343,3.515427,174.570000
0,1,1,268.073510,911.730978,0.000000,NULL,NULL,NULL,NULL,NULL,1.128345,3.837556,174.570000
0,1,1,629.378831,-257.236334,0.000000,NULL,NULL,NULL,NULL,NULL,3.702676,-1.513338,174.570000
0,1,1,-730.366130,-149.763233,0.000000,NULL,NULL,NULL,NULL,NULL,-3.918469,-0.803491,174.570000
0,1,1,-636.947953,550.686339,0.000000,NULL,NULL,NULL,NULL,NULL,-3.025894,2.616098,174.570000
0,1,1,-400.622030,861.753312,0.000000,NULL,NULL,NULL,NULL,NULL,-1.686253,3.627196,174.570000
0,1,1,493.517367,746.135449,0.000000,NULL,NULL,NULL,NULL,NULL,2.206694,3.336241,174.570000
0,1,1,-555.219629,735.630532,0.000000,NULL,NULL,NULL,NULL,NULL,-2.409702,3.192701,174.570000
0,1,1,-542.802681,-337.938528,0.000000,NULL,NULL,NULL,NULL,NULL,-3.395680,-2.114085,174.570000
0,1,1,720.279482,-60.679372,0.000000,NULL,NULL,NULL,NULL,NULL,3.985881,-0.335787,174.570000
0,1,1,307.560967,-495.364041,0.000000,NULL,NULL,NULL,NULL,NULL,2.109915,-3.398273,174.570000
0,1,1,522.618602,692.436255,0.000000,NULL,NULL,NULL,NULL,NULL,2.409702,3.192701,174.570000
0,1,1,-791.919467,27.060318,0.000000,NULL,NULL,NULL,NULL,NULL,-3.997667,0.136602,174.570000
0,1,1,-765.582553,-64.495893,0.000000,NULL,NULL,NULL,NULL,NULL,-3.985881,-0.335787,174.570000
0,1,1,245.321152,918.114543,0.000000,NULL,NULL,NULL,NULL,NULL,1.032578,3.864425,174.570000
0,1,1,762.898478,90.897081,0.000000,NULL,NULL,NULL,NULL,NULL,3.971907,0.473241,174.570000
0,1,1,-598.945850,664.485792,0.000000,NULL,NULL,NULL,NULL,NULL,-2.678103,2.971156,174.570000
0,1,1,-650.443419,534.678873,0.000000,NULL,NULL,NULL,NULL,NULL,-3.090005,2.540053,174.570000
0,1,1,-379.071349,871.448045,0.000000,NULL,NULL,NULL,NULL,NULL,-1.595545,3.668002,174.570000
0,1,1,419.425721,820.672395,0.000000,NULL,NULL,NULL,NULL,NULL,1.820344,3.561790,174.570000
0,1,1,-619.741512,607.057351,0.000000,NULL,NULL,NULL,NULL,NULL,-2.857518,2.799034,174.570000
0,1,1,770.270861,185.880347,0.000000,NULL,NULL,NULL,NULL,NULL,3.888383,0.938337,174.570000
0,1,1,-181.306141,-554.172686,0.000000,NULL,NULL,NULL,NULL,NULL,-1.243788,-3.801709,174.570000
0,1,1,-52.697514,-420.618287,0.000000,NULL,NULL,NULL,NULL,NULL,-0.497256,-3.968972,174.570000
0,1,1,-653.628520,-254.353605,0.000000,NULL,NULL,NULL,NULL,NULL,-3.727701,-1.450601,174.570000
0,1,1,-693.330805,-204.394016,0.000000,NULL,NULL,NULL,NULL,NULL,-3.836752,-1.131075,174.570000
0,1,1,-536.757097,749.208205,0.000000,NULL,NULL,NULL,NULL,NULL,-2.329573,3.251629,174.570000
0,1,1,-806.882587,124.747421,0.000000,NULL,NULL,NULL,NULL,NULL,-3.953035,0.611156,174.570000
0,1,1,222.417106,923.930416,0.000000,NULL,NULL,NULL,NULL,NULL,0.936173,3.888905,174.570000
0,1,1,-357.286279,880.603939,0.000000,NULL,NULL,NULL,NULL,NULL,-1.503849,3.706540,174.570000
0,1,1,578.049796,-224.942831,0.000000,NULL,NULL,NULL,NULL,NULL,3.727701,-1.450601,174.570000
0,1,1,-604.455904,622.279061,0.000000,NULL,NULL,NULL,NULL,NULL,-2.787039,2.869218,174.570000
0,1,1,474.812714,758.175696,0.000000,NULL,NULL,NULL,NULL,NULL,2.123059,3.390077,174.570000
0,1,1,-554.032446,-358.050868,0.000000,NULL,NULL,NULL,NULL,NULL,-3.359499,-2.171121,174.570000
0,1,1,-564.732925,-378.635667,0.000000,NULL,NULL,NULL,NULL,NULL,-3.322360,-2.227538,174.570000
0,1,1,745.127791,25.461421,0.000000,NULL,NULL,NULL,NULL,NULL,3.997667,0.136602,174.570000
0,1,1,622.481725,-218.332035,0.000000,NULL,NULL,NULL,NULL,NULL,3.774556,-1.323905,174.570000
0,1,1,505.240141,705.216683,0.000000,NULL,NULL,NULL,NULL,NULL,2.329573,3.251629,174.570000
0,1,1,-600.362891,30.671203,0.000000,NULL,NULL,NULL,NULL,NULL,-3.994790,0.204085,174.570000
0,1,1,613.308503,-180.803430,0.000000,NULL,NULL,NULL,NULL,NULL,3.836752,-1.131075,174.570000
0,1,1,330.921397,-480.073235,0.000000,NULL,NULL,NULL,NULL,NULL,2.270171,-3.293376,174.570000
0,1,1,199.375535,929.174999,0.000000,NULL,NULL,NULL,NULL,NULL,0.839189,3.910980,174.570000
0,1,1,-735.006539,-125.016387,0.000000,NULL,NULL,NULL,NULL,NULL,-3.943366,-0.670722,174.570000
0,1,1,398.890672,830.847367,0.000000,NULL,NULL,NULL,NULL,NULL,1.731220,3.605950,174.570000
0,1,1,-582.238758,679.172679,0.000000,NULL,NULL,NULL,NULL,NULL,-2.603399,3.036826,174.570000
0,1,1,-335.280290,889.215333,0.000000,NULL,NULL,NULL,NULL,NULL,-1.411224,3.742786,174.570000
0,1,1,515.556674,665.702226,0.000000,NULL,NULL,NULL,NULL,NULL,2.449210,3.162494,174.570000
0,1,1,548.013308,639.249211,0.000000,NULL,NULL,NULL,NULL,NULL,2.603399,3.036826,174.570000
0,1,1,-553.903947,-319.417622,0.000000,NULL,NULL,NULL,NULL,NULL,-3.465128,-1.998222,174.570000
0,1,1,637.705749,-235.838128,0.000000,NULL,NULL,NULL,NULL,NULL,3.751664,-1.387451,174.570000
0,1,1,-207.626474,-544.858265,0.000000,NULL,NULL,NULL,NULL,NULL,-1.424349,-3.737811,174.570000
0,1,1,-517.962675,762.322624,0.000000,NULL,NULL,NULL,NULL,NULL,-2.248003,3.308547,174.570000
0,1,1,176.210684,933.845050,0.000000,NULL,NULL,NULL,NULL,NULL,0.741686,3.930636,174.570000
0,1,1,-623.058647,566.353301,0.000000,NULL,NULL,NULL,NULL,NULL,-2.959911,2.690526,174.570000
0,1,1,421.717713,-428.404592,0.000000,NULL,NULL,NULL,NULL,NULL,2.806093,-2.850587,174.570000
0,1,1,-313.066989,897.276904,0.000000,NULL,NULL,NULL,NULL,NULL,-1.317727,3.776718,174.570000
0,1,1,591.913806,-185.415455,0.000000,NULL,NULL,NULL,NULL,NULL,3.817107,-1.195699,174.570000
0,1,1,531.949450,652.677502,0.000000,NULL,NULL,NULL,NULL,NULL,2.527086,3.100619,174.570000
0,1,1,695.020685,-94.192599,0.000000,NULL,NULL,NULL,NULL,NULL,3.963764,-0.537189,174.570000
0,1,1,455.814473,769.747144,0.000000,NULL,NULL,NULL,NULL,NULL,2.038111,3.441817,174.570000
0,1,1,152.936878,937.937681,0.000000,NULL,NULL,NULL,NULL,NULL,0.643725,3.947863,174.570000
0,1,1,-588.796546,637.116000,0.000000,NULL,NULL,NULL,NULL,NULL,-2.714836,2.937629,174.570000
0,1,1,60.852382,814.198020,0.000000,NULL,NULL,NULL,NULL,NULL,0.298125,3.988875,174.570000
0,1,1,-532.024139,-318.890514,0.000000,NULL,NULL,NULL,NULL,NULL,-3.430893,-2.056447,174.570000
0,1,1,-290.660110,904.783666,0.000000,NULL,NULL,NULL,NULL,NULL,-1.223414,3.808314,174.570000
0,1,1,378.108979,840.508606,0.000000,NULL,NULL,NULL,NULL,NULL,1.641026,3.647881,174.570000
0,1,1,721.917649,-36.323909,0.000000,NULL,NULL,NULL,NULL,NULL,3.994946,-0.201009,174.570000
0,1,1,-498.847983,774.965680,0.000000,NULL,NULL,NULL,NULL,NULL,-2.165044,3.363419,174.570000
0,1,1,585.315565,-205.296209,0.000000,NULL,NULL,NULL,NULL,NULL,3.774556,-1.323905,174.570000
0,1,1,-509.288032,-354.071384,0.000000,NULL,NULL,NULL,NULL,NULL,-3.284273,-2.283319,174.570000
0,1,1,487.549278,717.561058,0.000000,NULL,NULL,NULL,NULL,NULL,2.248003,3.308547,174.570000
0,1,1,-790.554176,53.784736,0.000000,NULL,NULL,NULL,NULL,NULL,-3.990775,0.271509,174.570000
0,1,1,-565.171653,693.439617,0.000000,NULL,NULL,NULL,NULL,NULL,-2.527086,3.100619,174.570000
0,1,1,129.568508,941.450362,0.000000,NULL,NULL,NULL,NULL,NULL,0.545365,3.962648,174.570000
0,1,1,-268.073510,911.730978,0.000000,NULL,NULL,NULL,NULL,NULL,-1.128345,3.837556,174.570000
0,1,1,-767.323755,-38.608556,0.000000,NULL,NULL,NULL,NULL,NULL,-3.994946,-0.201009,174.570000
0,1,1,353.523076,-463.681698,0.000000,NULL,NULL,NULL,NULL,NULL,2.425222,-3.180927,174.570000
0,1,1,759.394231,116.605178,0.000000,NULL,NULL,NULL,NULL,NULL,3.953662,0.607086,174.570000
0,1,1,-661.844272,-232.138231,0.000000,NULL,NULL,NULL,NULL,NULL,-3.774556,-1.323905,174.570000
0,1,1,106.120021,944.380921,0.000000,NULL,NULL,NULL,NULL,NULL,0.446669,3.974983,174.570000
0,1,1,-565.806419,-339.139310,0.000000,NULL,NULL,NULL,NULL,NULL,-3.430893,-2.056447,174.570000
0,1,1,763.555219,211.783217,0.000000,NULL,NULL,NULL,NULL,NULL,3.854482,1.069097,174.570000
0,1,1,-699.836989,-180.866548,0.000000,NULL,NULL,NULL,NULL,NULL,-3.872756,-1.000879,174.570000
0,1,1,-245.321152,918.114543,0.000000,NULL,NULL,NULL,NULL,NULL,-1.032578,3.864425,174.570000
0,1,1,56.795983,-562.147127,0.000000,NULL,NULL,NULL,NULL,NULL,0.402089,-3.979739,174.570000
0,1,1,-577.195859,-359.351061,0.000000,NULL,NULL,NULL,NULL,NULL,-3.395680,-2.114085,174.570000
0,1,1,357.093491,849.650136,0.000000,NULL,NULL,NULL,NULL,NULL,1.549817,3.687556,174.570000
0,1,1,629.498938,-197.188900,0.000000,NULL,NULL,NULL,NULL,NULL,3.817107,-1.195699,174.570000
0,1,1,619.063761,-159.991437,0.000000,NULL,NULL,NULL,NULL,NULL,3.872756,-1.000879,174.570000
0,1,1,82.605919,946.727545,0.000000,NULL,NULL,NULL,NULL,NULL,0.347696,3.984860,174.570000
0,1,1,83.640793,-558.783852,0.000000,NULL,NULL,NULL,NULL,NULL,0.592138,-3.955929,174.570000
0,1,1,-233.470754,-534.294572,0.000000,NULL,NULL,NULL,NULL,NULL,-1.601645,-3.665342,174.570000
0,1,1,436.534390,780.842638,0.000000,NULL,NULL,NULL,NULL,NULL,1.951903,3.491429,174.570000
0,1,1,-479.424841,787.129556,0.000000,NULL,NULL,NULL,NULL,NULL,-2.080746,3.416211,174.570000
0,1,1,29.820948,-564.221487,0.000000,NULL,NULL,NULL,NULL,NULL,0.211118,-3.994425,174.570000
0,1,1,-222.417106,923.930416,0.000000,NULL,NULL,NULL,NULL,NULL,-0.936173,3.888905,174.570000
0,1,1,568.882639,585.656872,0.000000,NULL,NULL,NULL,NULL,NULL,2.787039,2.869218,174.570000
0,1,1,469.556950,729.461747,0.000000,NULL,NULL,NULL,NULL,NULL,2.165044,3.363419,174.570000
0,1,1,-572.773120,651.558994,0.000000,NULL,NULL,NULL,NULL,NULL,-2.640955,3.004223,174.570000
0,1,1,-564.373508,-300.532434,0.000000,NULL,NULL,NULL,NULL,NULL,-3.530624,-1.880079,174.570000
0,1,1,110.293829,-554.139375,0.000000,NULL,NULL,NULL,NULL,NULL,0.780829,-3.923048,174.570000
0,1,1,59.040738,948.488784,0.000000,NULL,NULL,NULL,NULL,NULL,0.248508,3.992273,174.570000
0,1,1,-547.755088,707.277783,0.000000,NULL,NULL,NULL,NULL,NULL,-2.449210,3.162494,174.570000
0,1,1,-199.375535,929.174999,0.000000,NULL,NULL,NULL,NULL,NULL,-0.839189,3.910980,174.570000
0,1,1,35.439052,949.663549,0.000000,NULL,NULL,NULL,NULL,NULL,0.149166,3.997218,174.570000
0,1,1,-176.210684,933.845050,0.000000,NULL,NULL,NULL,NULL,NULL,-0.741686,3.930636,174.570000
0,1,1,-240.585118,-349.020877,0.000000,NULL,NULL,NULL,NULL,NULL,-2.270171,-3.293376,174.570000
0,1,1,136.693978,-548.224345,0.000000,NULL,NULL,NULL,NULL,NULL,0.967730,-3.881172,174.570000
0,1,1,645.305389,-214.170958,0.000000,NULL,NULL,NULL,NULL,NULL,3.796373,-1.259981,174.570000
0,1,1,-579.114749,611.215384,0.000000,NULL,NULL,NULL,NULL,NULL,-2.751150,2.903648,174.570000
0,1,1,743.843170,50.606789,0.000000,NULL,NULL,NULL,NULL,NULL,3.990775,0.271509,174.570000
0,1,1,-738.808703,-100.126966,0.000000,NULL,NULL,NULL,NULL,NULL,-3.963764,-0.537189,174.570000
0,1,1,11.815453,950.251113,0.000000,NULL,NULL,NULL,NULL,NULL,0.049732,3.999691,174.570000
0,1,1,-152.936878,937.937681,0.000000,NULL,NULL,NULL,NULL,NULL,-0.643725,3.947863,174.570000
0,1,1,-2.777539,-565.002178,0.000000,NULL,NULL,NULL,NULL,NULL,-0.019664,-3.999952,174.570000
0,1,1,335.857204,858.266307,0.000000,NULL,NULL,NULL,NULL,NULL,1.457650,3.724951,174.570000
0,1,1,-11.815453,950.251113,0.000000,NULL,NULL,NULL,NULL,NULL,-0.049732,3.999691,174.570000
0,1,1,-520.953148,-336.672930,0.000000,NULL,NULL,NULL,NULL,NULL,-3.359499,-2.171121,174.570000
0,1,1,-129.568508,941.450362,0.000000,NULL,NULL,NULL,NULL,NULL,-0.545365,3.962648,174.570000
0,1,1,-459.705259,798.806729,0.000000,NULL,NULL,NULL,NULL,NULL,-1.995161,3.466891,174.570000
0,1,1,-35.439052,949.663549,0.000000,NULL,NULL,NULL,NULL,NULL,-0.149166,3.997218,174.570000
0,1,1,-106.120021,944.380921,0.000000,NULL,NULL,NULL,NULL,NULL,-0.446669,3.974983,174.570000
0,1,1,375.314183,-446.227012,0.000000,NULL,NULL,NULL,NULL,NULL,2.574712,-3.061185,174.570000
0,1,1,-82.605919,946.727545,0.000000,NULL,NULL,NULL,NULL,NULL,-0.347696,3.984860,174.570000
0,1,1,-59.040738,948.488784,0.000000,NULL,NULL,NULL,NULL,NULL,-0.248508,3.992273,174.570000
0,1,1,162.780710,-541.052323,0.000000,NULL,NULL,NULL,NULL,NULL,1.152411,-3.830398,174.570000
0,1,1,-29.820948,-564.221487,0.000000,NULL,NULL,NULL,NULL,NULL,-0.211118,-3.994425,174.570000
0,1,1,416.984388,791.455318,0.000000,NULL,NULL,NULL,NULL,NULL,1.864488,3.538882,174.570000
0,1,1,255.529344,544.133327,0.000000,NULL,NULL,NULL,NULL,NULL,1.700282,3.620641,174.570000
0,1,1,590.847904,-110.792951,0.000000,NULL,NULL,NULL,NULL,NULL,3.931478,-0.737212,174.570000
0,1,1,596.978387,-70.662082,0.000000,NULL,NULL,NULL,NULL,NULL,3.972270,-0.470183,174.570000
0,1,1,-608.784088,581.670073,0.000000,NULL,NULL,NULL,NULL,NULL,-2.892098,2.763290,174.570000
0,1,1,697.804859,-70.670911,0.000000,NULL,NULL,NULL,NULL,NULL,3.979643,-0.403042,174.570000
0,1,1,-60.852382,814.198020,0.000000,NULL,NULL,NULL,NULL,NULL,-0.298125,3.988875,174.570000
0,1,1,451.274284,740.911392,0.000000,NULL,NULL,NULL,NULL,NULL,2.080746,3.416211,174.570000
0,1,1,-529.999833,720.678622,0.000000,NULL,NULL,NULL,NULL,NULL,-2.369820,3.222414,174.570000
0,1,1,-556.395534,665.599113,0.000000,NULL,NULL,NULL,NULL,NULL,-2.565441,3.068959,174.570000
0,1,1,-594.133102,596.627183,0.000000,NULL,NULL,NULL,NULL,NULL,-2.822497,2.834345,174.570000
0,1,1,314.413248,866.351791,0.000000,NULL,NULL,NULL,NULL,NULL,1.364581,3.760042,174.570000
0,1,1,-258.779722,-522.505825,0.000000,NULL,NULL,NULL,NULL,NULL,-1.775268,-3.584470,174.570000
0,1,1,188.494212,-532.639754,0.000000,NULL,NULL,NULL,NULL,NULL,1.334451,-3.770841,174.570000
0,1,1,-56.795983,-562.147127,0.000000,NULL,NULL,NULL,NULL,NULL,-0.402089,-3.979739,174.570000
0,1,1,-439.701429,809.989981,0.000000,NULL,NULL,NULL,NULL,NULL,-1.908343,3.515427,174.570000
0,1,1,42.011952,-546.324422,0.000000,NULL,NULL,NULL,NULL,NULL,0.306692,-3.988225,174.570000
0,1,1,722.732499,-11.927020,0.000000,NULL,NULL,NULL,NULL,NULL,3.999455,-0.066002,174.570000
0,1,1,68.116281,-543.686997,0.000000,NULL,NULL,NULL,NULL,NULL,0.497256,-3.968972,174.570000
0,1,1,-576.935112,-319.840978,0.000000,NULL,NULL,NULL,NULL,NULL,-3.498374,-1.939427,174.570000
0,1,1,-788.287291,80.447814,0.000000,NULL,NULL,NULL,NULL,NULL,-3.979331,0.406106,174.570000
0,1,1,94.064429,-539.802984,0.000000,NULL,NULL,NULL,NULL,NULL,0.686680,-3.940618,174.570000
0,1,1,-669.305218,-209.658113,0.000000,NULL,NULL,NULL,NULL,NULL,-3.817107,-1.195699,174.570000
0,1,1,-768.189856,-12.677188,0.000000,NULL,NULL,NULL,NULL,NULL,-3.999455,-0.066002,174.570000
0,1,1,-589.000526,-339.656629,0.000000,NULL,NULL,NULL,NULL,NULL,-3.465128,-1.998222,174.570000
0,1,1,624.113002,-138.996980,0.000000,NULL,NULL,NULL,NULL,NULL,3.904343,-0.869541,174.570000
0,1,1,397.176553,801.578621,0.000000,NULL,NULL,NULL,NULL,NULL,1.775920,3.584147,174.570000
0,1,1,635.798234,-175.820879,0.000000,NULL,NULL,NULL,NULL,NULL,3.855304,-1.066129,174.570000
0,1,1,-574.199424,-281.304500,0.000000,NULL,NULL,NULL,NULL,NULL,-3.592093,-1.759793,174.570000
0,1,1,-705.545037,-157.132809,0.000000,NULL,NULL,NULL,NULL,NULL,-3.904343,-0.869541,174.570000
0,1,1,213.775526,-523.005928,0.000000,NULL,NULL,NULL,NULL,NULL,1.513431,-3.702638,174.570000
0,1,1,292.774882,873.901587,0.000000,NULL,NULL,NULL,NULL,NULL,1.270669,3.792809,174.570000
0,1,1,-419.425721,820.672395,0.000000,NULL,NULL,NULL,NULL,NULL,-1.820344,3.561790,174.570000
0,1,1,755.023927,142.180292,0.000000,NULL,NULL,NULL,NULL,NULL,3.930909,0.740239,174.570000
0,1,1,119.796902,-534.681289,0.000000,NULL,NULL,NULL,NULL,NULL,0.874530,-3.903229,174.570000
0,1,1,498.845117,678.315331,0.000000,NULL,NULL,NULL,NULL,NULL,2.369820,3.222414,174.570000
0,1,1,15.811298,-547.709212,0.000000,NULL,NULL,NULL,NULL,NULL,0.115424,-3.998334,174.570000
0,1,1,-511.916866,733.633848,0.000000,NULL,NULL,NULL,NULL,NULL,-2.288965,3.280341,174.570000
0,1,1,-255.529344,544.133327,0.000000,NULL,NULL,NULL,NULL,NULL,-1.700282,3.620641,174.570000
0,1,1,755.968773,237.444557,0.000000,NULL,NULL,NULL,NULL,NULL,3.816185,1.198637,174.570000
0,1,1,-83.640793,-558.783852,0.000000,NULL,NULL,NULL,NULL,NULL,-0.592138,-3.955929,174.570000
0,1,1,432.712583,751.902913,0.000000,NULL,NULL,NULL,NULL,NULL,1.995161,3.466891,174.570000
0,1,1,-539.673915,679.227676,0.000000,NULL,NULL,NULL,NULL,NULL,-2.488341,3.131798,174.570000
0,1,1,80.961510,595.669000,0.000000,NULL,NULL,NULL,NULL,NULL,0.538715,3.963557,174.570000
0,1,1,-15.811298,-547.709212,0.000000,NULL,NULL,NULL,NULL,NULL,-0.115424,-3.998334,174.570000
0,1,1,145.254701,-528.333654,0.000000,NULL,NULL,NULL,NULL,NULL,1.060374,-3.856891,174.570000
0,1,1,396.244754,-427.749199,0.000000,NULL,NULL,NULL,NULL,NULL,2.718299,-2.934425,174.570000
0,1,1,652.169085,-192.259535,0.000000,NULL,NULL,NULL,NULL,NULL,3.836752,-1.131075,174.570000
0,1,1,-493.517367,746.135449,0.000000,NULL,NULL,NULL,NULL,NULL,-2.206694,3.336241,174.570000
0,1,1,374.346202,-198.901214,0.000000,NULL,NULL,NULL,NULL,NULL,3.532346,-1.876840,174.570000
0,1,1,270.955486,880.911029,0.000000,NULL,NULL,NULL,NULL,NULL,1.175970,3.823231,174.570000
0,1,1,-398.890672,830.847367,0.000000,NULL,NULL,NULL,NULL,NULL,-1.731220,3.605950,174.570000
0,1,1,-42.011952,-546.324422,0.000000,NULL,NULL,NULL,NULL,NULL,-0.306692,-3.988225,174.570000
0,1,1,377.123134,811.206288,0.000000,NULL,NULL,NULL,NULL,NULL,1.686253,3.627196,174.570000
0,1,1,-741.768286,-75.123353,0.000000,NULL,NULL,NULL,NULL,NULL,-3.979643,-0.403042,174.570000
0,1,1,464.507182,702.275741,0.000000,NULL,NULL,NULL,NULL,NULL,2.206694,3.336241,174.570000
0,1,1,597.836993,-165.323242,0.000000,NULL,NULL,NULL,NULL,NULL,3.855304,-1.066129,174.570000
0,1,1,-283.495350,-509.519056,0.000000,NULL,NULL,NULL,NULL,NULL,-1.944821,-3.495378,174.570000
0,1,1,475.572533,-367.705167,0.000000,NULL,NULL,NULL,NULL,NULL,3.164440,-2.446695,174.570000
0,1,1,170.379453,-520.774635,0.000000,NULL,NULL,NULL,NULL,NULL,1.243788,-3.801709,174.570000
0,1,1,238.566687,-512.172931,0.000000,NULL,NULL,NULL,NULL,NULL,1.688941,-3.625945,174.570000
0,1,1,741.710227,75.694442,0.000000,NULL,NULL,NULL,NULL,NULL,3.979331,0.406106,174.570000
0,1,1,-423.208361,-24.319839,0.000000,NULL,NULL,NULL,NULL,NULL,-3.993412,-0.229483,174.570000
0,1,1,-790.506529,204.256839,0.000000,NULL,NULL,NULL,NULL,NULL,-3.872807,1.000684,174.570000
0,1,1,-586.669176,131.132000,0.000000,NULL,NULL,NULL,NULL,NULL,-3.903673,0.872547,174.570000
0,1,1,446.902035,713.608232,0.000000,NULL,NULL,NULL,NULL,NULL,2.123059,3.390077,174.570000
0,1,1,413.883325,762.429513,0.000000,NULL,NULL,NULL,NULL,NULL,1.908343,3.515427,174.570000
0,1,1,248.968551,887.375781,0.000000,NULL,NULL,NULL,NULL,NULL,1.080545,3.851288,174.570000
0,1,1,-110.293829,-554.139375,0.000000,NULL,NULL,NULL,NULL,NULL,-0.780829,-3.923048,174.570000
0,1,1,-522.618602,692.436255,0.000000,NULL,NULL,NULL,NULL,NULL,-2.409702,3.192701,174.570000
0,1,1,-378.108979,840.508606,0.000000,NULL,NULL,NULL,NULL,NULL,-1.641026,3.647881,174.570000
0,1,1,-768.179868,13.268638,0.000000,NULL,NULL,NULL,NULL,NULL,-3.999403,0.069081,174.570000
0,1,1,722.723102,12.483471,0.000000,NULL,NULL,NULL,NULL,NULL,3.999403,0.069081,174.570000
0,1,1,-587.405835,-300.177881,0.000000,NULL,NULL,NULL,NULL,NULL,-3.561866,-1.820195,174.570000
0,1,1,-68.116281,-543.686997,0.000000,NULL,NULL,NULL,NULL,NULL,-0.497256,-3.968972,174.570000
0,1,1,195.113553,-512.021562,0.000000,NULL,NULL,NULL,NULL,NULL,1.424349,-3.737811,174.570000
0,1,1,481.825112,690.509015,0.000000,NULL,NULL,NULL,NULL,NULL,2.288965,3.280341,174.570000
0,1,1,-474.812714,758.175696,0.000000,NULL,NULL,NULL,NULL,NULL,-2.123059,3.390077,174.570000
0,1,1,628.450468,-117.844003,0.000000,NULL,NULL,NULL,NULL,NULL,3.931478,-0.737212,174.570000
0,1,1,-563.738315,625.425656,0.000000,NULL,NULL,NULL,NULL,NULL,-2.678103,2.971156,174.570000
0,1,1,699.793214,-47.068626,0.000000,NULL,NULL,NULL,NULL,NULL,3.990983,-0.268437,174.570000
0,1,1,356.836531,820.332366,0.000000,NULL,NULL,NULL,NULL,NULL,1.595545,3.668002,174.570000
0,1,1,-583.370489,-261.755750,0.000000,NULL,NULL,NULL,NULL,NULL,-3.649465,-1.637499,174.570000
0,1,1,-710.448440,-133.219867,0.000000,NULL,NULL,NULL,NULL,NULL,-3.931478,-0.737212,174.570000
0,1,1,262.810852,-500.165604,0.000000,NULL,NULL,NULL,NULL,NULL,1.860578,-3.540939,174.570000
0,1,1,749.792550,167.593254,0.000000,NULL,NULL,NULL,NULL,NULL,3.903673,0.872547,174.570000
0,1,1,-600.133461,-319.574833,0.000000,NULL,NULL,NULL,NULL,NULL,-3.530624,-1.880079,174.570000
0,1,1,-542.488378,-300.744416,0.000000,NULL,NULL,NULL,NULL,NULL,-3.498374,-1.939427,174.570000
0,1,1,226.827674,893.291846,0.000000,NULL,NULL,NULL,NULL,NULL,0.984452,3.876965,174.570000
0,1,1,607.631963,-124.596313,0.000000,NULL,NULL,NULL,NULL,NULL,3.918469,-0.803491,174.570000
0,1,1,-357.093491,849.650136,0.000000,NULL,NULL,NULL,NULL,NULL,-1.549817,3.687556,174.570000
0,1,1,641.372427,-154.252342,0.000000,NULL,NULL,NULL,NULL,NULL,3.889104,-0.935343,174.570000
0,1,1,-676.002848,-186.938888,0.000000,NULL,NULL,NULL,NULL,NULL,-3.855304,-1.066129,174.570000
0,1,1,-785.121396,107.019145,0.000000,NULL,NULL,NULL,NULL,NULL,-3.963350,0.540240,174.570000
0,1,1,-743.185569,338.077858,0.000000,NULL,NULL,NULL,NULL,NULL,-3.640974,1.656293,174.570000
0,1,1,-136.693978,-548.224345,0.000000,NULL,NULL,NULL,NULL,NULL,-0.967730,-3.881172,174.570000
0,1,1,394.798154,772.484685,0.000000,NULL,NULL,NULL,NULL,NULL,1.820344,3.561790,174.570000
0,1,1,416.266799,-408.290624,0.000000,NULL,NULL,NULL,NULL,NULL,2.855654,-2.800936,174.570000
0,1,1,-505.240141,705.216683,0.000000,NULL,NULL,NULL,NULL,NULL,-2.329573,3.251629,174.570000
0,1,1,-94.064429,-539.802984,0.000000,NULL,NULL,NULL,NULL,NULL,-0.686680,-3.940618,174.570000
0,1,1,139.454422,400.311423,0.000000,NULL,NULL,NULL,NULL,NULL,1.315898,3.777355,174.570000
0,1,1,336.329286,828.951212,0.000000,NULL,NULL,NULL,NULL,NULL,1.503849,3.706540,174.570000
0,1,1,-455.814473,769.747144,0.000000,NULL,NULL,NULL,NULL,NULL,-2.038111,3.441817,174.570000
0,1,1,-376.224687,-468.861716,0.000000,NULL,NULL,NULL,NULL,NULL,-2.503384,-3.119787,174.570000
0,1,1,-335.857204,858.266307,0.000000,NULL,NULL,NULL,NULL,NULL,-1.457650,3.724951,174.570000
0,1,1,219.400288,-502.094505,0.000000,NULL,NULL,NULL,NULL,NULL,1.601645,-3.665342,174.570000
0,1,1,204.546542,898.655567,0.000000,NULL,NULL,NULL,NULL,NULL,0.887750,3.900244,174.570000
0,1,1,539.842905,-264.472990,0.000000,NULL,NULL,NULL,NULL,NULL,3.592093,-1.759793,174.570000
0,1,1,603.078371,-145.042485,0.000000,NULL,NULL,NULL,NULL,NULL,3.889104,-0.935343,174.570000
0,1,1,-307.560967,-495.364041,0.000000,NULL,NULL,NULL,NULL,NULL,-2.109915,-3.398273,174.570000
0,1,1,-515.556674,665.702226,0.000000,NULL,NULL,NULL,NULL,NULL,-2.449210,3.162494,174.570000
0,1,1,747.520176,262.835100,0.000000,NULL,NULL,NULL,NULL,NULL,3.773536,1.326811,174.570000
0,1,1,658.289009,-170.128848,0.000000,NULL,NULL,NULL,NULL,NULL,3.872756,-1.000879,174.570000
0,1,1,-80.961510,595.669000,0.000000,NULL,NULL,NULL,NULL,NULL,-0.538715,3.963557,174.570000
0,1,1,286.452434,-487.011477,0.000000,NULL,NULL,NULL,NULL,NULL,2.027950,-3.447814,174.570000
0,1,1,182.138935,903.463626,0.000000,NULL,NULL,NULL,NULL,NULL,0.790499,3.921111,174.570000
0,1,1,-314.413248,866.351791,0.000000,NULL,NULL,NULL,NULL,NULL,-1.364581,3.760042,174.570000
0,1,1,-436.534390,780.842638,0.000000,NULL,NULL,NULL,NULL,NULL,-1.951903,3.491429,174.570000
0,1,1,315.614081,837.057496,0.000000,NULL,NULL,NULL,NULL,NULL,1.411224,3.742786,174.570000
0,1,1,243.183973,-491.016225,0.000000,NULL,NULL,NULL,NULL,NULL,1.775268,-3.584470,174.570000
0,1,1,-743.881914,-50.034066,0.000000,NULL,NULL,NULL,NULL,NULL,-3.990983,-0.268437,174.570000
0,1,1,375.468868,782.062209,0.000000,NULL,NULL,NULL,NULL,NULL,1.731220,3.605950,174.570000
0,1,1,-487.549278,717.561058,0.000000,NULL,NULL,NULL,NULL,NULL,-2.248003,3.308547,174.570000
0,1,1,-531.949450,652.677502,0.000000,NULL,NULL,NULL,NULL,NULL,-2.527086,3.100619,174.570000
0,1,1,-162.780710,-541.052323,0.000000,NULL,NULL,NULL,NULL,NULL,-1.152411,-3.830398,174.570000
0,1,1,-292.774882,873.901587,0.000000,NULL,NULL,NULL,NULL,NULL,-1.270669,3.792809,174.570000
0,1,1,159.618707,907.713052,0.000000,NULL,NULL,NULL,NULL,NULL,0.692759,3.939554,174.570000
0,1,1,-548.013308,639.249211,0.000000,NULL,NULL,NULL,NULL,NULL,-2.603399,3.036826,174.570000
0,1,1,-597.206646,-280.172443,0.000000,NULL,NULL,NULL,NULL,NULL,-3.621295,-1.698888,174.570000
0,1,1,-591.876244,-241.908478,0.000000,NULL,NULL,NULL,NULL,NULL,-3.702676,-1.513338,174.570000
0,1,1,-552.333931,-282.255332,0.000000,NULL,NULL,NULL,NULL,NULL,-3.561866,-1.820195,174.570000
0,1,1,-119.796902,-534.681289,0.000000,NULL,NULL,NULL,NULL,NULL,-0.874530,-3.903229,174.570000
0,1,1,738.731393,100.695768,0.000000,NULL,NULL,NULL,NULL,NULL,3.963350,0.540240,174.570000
0,1,1,632.071212,-96.556629,0.000000,NULL,NULL,NULL,NULL,NULL,3.954129,-0.604042,174.570000
0,1,1,-561.549571,-263.444347,0.000000,NULL,NULL,NULL,NULL,NULL,-3.621295,-1.698888,174.570000
0,1,1,-270.955486,880.911029,0.000000,NULL,NULL,NULL,NULL,NULL,-1.175970,3.823231,174.570000
0,1,1,-469.556950,729.461747,0.000000,NULL,NULL,NULL,NULL,NULL,-2.165044,3.363419,174.570000
0,1,1,-767.293802,39.199332,0.000000,NULL,NULL,NULL,NULL,NULL,-3.994790,0.204085,174.570000
0,1,1,136.999782,911.401216,0.000000,NULL,NULL,NULL,NULL,NULL,0.594591,3.955561,174.570000
0,1,1,-610.581969,-299.128575,0.000000,NULL,NULL,NULL,NULL,NULL,-3.592093,-1.759793,174.570000
0,1,1,294.703724,844.646207,0.000000,NULL,NULL,NULL,NULL,NULL,1.317727,3.776718,174.570000
0,1,1,-416.984388,791.455318,0.000000,NULL,NULL,NULL,NULL,NULL,-1.864488,3.538882,174.570000
0,1,1,-568.882639,585.656872,0.000000,NULL,NULL,NULL,NULL,NULL,-2.787039,2.869218,174.570000
0,1,1,700.983485,-23.412661,0.000000,NULL,NULL,NULL,NULL,NULL,3.997771,-0.133524,174.570000
0,1,1,721.889468,36.879725,0.000000,NULL,NULL,NULL,NULL,NULL,3.994790,0.204085,174.570000
0,1,1,646.215162,-132.507886,0.000000,NULL,NULL,NULL,NULL,NULL,3.918469,-0.803491,174.570000
0,1,1,-714.541606,-109.154993,0.000000,NULL,NULL,NULL,NULL,NULL,-3.954129,-0.604042,174.570000
0,1,1,53.363827,-528.176829,0.000000,NULL,NULL,NULL,NULL,NULL,0.402089,-3.979739,174.570000
0,1,1,114.296147,914.525837,0.000000,NULL,NULL,NULL,NULL,NULL,0.496055,3.969122,174.570000
0,1,1,-248.968551,887.375781,0.000000,NULL,NULL,NULL,NULL,NULL,-1.080545,3.851288,174.570000
0,1,1,309.437227,-472.740710,0.000000,NULL,NULL,NULL,NULL,NULL,2.190671,-3.346784,174.570000
0,1,1,78.586418,-525.016796,0.000000,NULL,NULL,NULL,NULL,NULL,0.592138,-3.955929,174.570000
0,1,1,355.907421,791.156165,0.000000,NULL,NULL,NULL,NULL,NULL,1.641026,3.647881,174.570000
0,1,1,28.018882,-530.125837,0.000000,NULL,NULL,NULL,NULL,NULL,0.211118,-3.994425,174.570000
0,1,1,266.410076,-478.812124,0.000000,NULL,NULL,NULL,NULL,NULL,1.944821,-3.495378,174.570000
0,1,1,-681.929525,-164.006467,0.000000,NULL,NULL,NULL,NULL,NULL,-3.889104,-0.935343,174.570000
0,1,1,743.706064,192.815084,0.000000,NULL,NULL,NULL,NULL,NULL,3.871985,1.003860,174.570000
0,1,1,-781.060102,133.468424,0.000000,NULL,NULL,NULL,NULL,NULL,-3.942848,0.673758,174.570000
0,1,1,435.334411,-387.895905,0.000000,NULL,NULL,NULL,NULL,NULL,2.986460,-2.661025,174.570000
0,1,1,91.521840,917.084985,0.000000,NULL,NULL,NULL,NULL,NULL,0.397213,3.980229,174.570000
0,1,1,103.628823,-520.652982,0.000000,NULL,NULL,NULL,NULL,NULL,0.780829,-3.923048,174.570000
0,1,1,-226.827674,893.291846,0.000000,NULL,NULL,NULL,NULL,NULL,-0.984452,3.876965,174.570000
0,1,1,-145.254701,-528.333654,0.000000,NULL,NULL,NULL,NULL,NULL,-1.060374,-3.856891,174.570000
0,1,1,-188.494212,-532.639754,0.000000,NULL,NULL,NULL,NULL,NULL,-1.334451,-3.770841,174.570000
0,1,1,-766.315874,281.747066,0.000000,NULL,NULL,NULL,NULL,NULL,-3.754293,1.380320,174.570000
0,1,1,273.611144,851.712652,0.000000,NULL,NULL,NULL,NULL,NULL,1.223414,3.808314,174.570000
0,1,1,-451.274284,740.911392,0.000000,NULL,NULL,NULL,NULL,NULL,-2.080746,3.416211,174.570000
0,1,1,-397.176553,801.578621,0.000000,NULL,NULL,NULL,NULL,NULL,-1.775920,3.584147,174.570000
0,1,1,68.690942,919.077075,0.000000,NULL,NULL,NULL,NULL,NULL,0.298125,3.988875,174.570000
0,1,1,-330.921397,-480.073235,0.000000,NULL,NULL,NULL,NULL,NULL,-2.270171,-3.293376,174.570000
0,1,1,-204.546542,898.655567,0.000000,NULL,NULL,NULL,NULL,NULL,-0.887750,3.900244,174.570000
0,1,1,429.020558,724.499482,0.000000,NULL,NULL,NULL,NULL,NULL,2.038111,3.441817,174.570000
0,1,1,128.433623,-515.095395,0.000000,NULL,NULL,NULL,NULL,NULL,0.967730,-3.881172,174.570000
0,1,1,45.817571,920.500878,0.000000,NULL,NULL,NULL,NULL,NULL,0.198852,3.995054,174.570000
0,1,1,392.473002,744.931595,0.000000,NULL,NULL,NULL,NULL,NULL,1.864488,3.538882,174.570000
0,1,1,663.658182,-147.804136,0.000000,NULL,NULL,NULL,NULL,NULL,3.904343,-0.869541,174.570000
0,1,1,-182.138935,903.463626,0.000000,NULL,NULL,NULL,NULL,NULL,-0.790499,3.921111,174.570000
0,1,1,336.125907,799.760930,0.000000,NULL,NULL,NULL,NULL,NULL,1.549817,3.687556,174.570000
0,1,1,-28.018882,-530.125837,0.000000,NULL,NULL,NULL,NULL,NULL,-0.211118,-3.994425,174.570000
0,1,1,22.915870,921.355512,0.000000,NULL,NULL,NULL,NULL,NULL,0.099457,3.998763,174.570000
0,1,1,-159.618707,907.713052,0.000000,NULL,NULL,NULL,NULL,NULL,-0.692759,3.939554,174.570000
0,1,1,738.219063,287.925891,0.000000,NULL,NULL,NULL,NULL,NULL,3.726583,1.453471,174.570000
0,1,1,0.000000,921.640448,0.000000,NULL,NULL,NULL,NULL,NULL,0.000000,4.000000,174.570000
0,1,1,252.349383,858.252462,0.000000,NULL,NULL,NULL,NULL,NULL,1.128345,3.837556,174.570000
0,1,1,-599.706988,-221.785320,0.000000,NULL,NULL,NULL,NULL,NULL,-3.751664,-1.387451,174.570000
0,1,1,152.943945,-508.356775,0.000000,NULL,NULL,NULL,NULL,NULL,1.152411,-3.830398,174.570000
0,1,1,-136.999782,911.401216,0.000000,NULL,NULL,NULL,NULL,NULL,-0.594591,3.955561,174.570000
0,1,1,-22.915870,921.355512,0.000000,NULL,NULL,NULL,NULL,NULL,-0.099457,3.998763,174.570000
0,1,1,-377.123134,811.206288,0.000000,NULL,NULL,NULL,NULL,NULL,-1.686253,3.627196,174.570000
0,1,1,289.025343,-465.510182,0.000000,NULL,NULL,NULL,NULL,NULL,2.109915,-3.398273,174.570000
0,1,1,-606.326367,-259.847480,0.000000,NULL,NULL,NULL,NULL,NULL,-3.676595,-1.575643,174.570000
0,1,1,-114.296147,914.525837,0.000000,NULL,NULL,NULL,NULL,NULL,-0.496055,3.969122,174.570000
0,1,1,-45.817571,920.500878,0.000000,NULL,NULL,NULL,NULL,NULL,-0.198852,3.995054,174.570000
0,1,1,-2.609693,-530.859351,0.000000,NULL,NULL,NULL,NULL,NULL,-0.019664,-3.999952,174.570000
0,1,1,-68.690942,919.077075,0.000000,NULL,NULL,NULL,NULL,NULL,-0.298125,3.988875,174.570000
0,1,1,-91.521840,917.084985,0.000000,NULL,NULL,NULL,NULL,NULL,-0.397213,3.980229,174.570000
0,1,1,-432.712583,751.902913,0.000000,NULL,NULL,NULL,NULL,NULL,-1.995161,3.466891,174.570000
0,1,1,331.712529,-457.386023,0.000000,NULL,NULL,NULL,NULL,NULL,2.348370,-3.238080,174.570000
0,1,1,-745.147174,-24.887717,0.000000,NULL,NULL,NULL,NULL,NULL,-3.997771,-0.133524,174.570000
0,1,1,-53.363827,-528.176829,0.000000,NULL,NULL,NULL,NULL,NULL,-0.402089,-3.979739,174.570000
0,1,1,634.971105,-75.159137,0.000000,NULL,NULL,NULL,NULL,NULL,3.972270,-0.470183,174.570000
0,1,1,-170.379453,-520.774635,0.000000,NULL,NULL,NULL,NULL,NULL,-1.243788,-3.801709,174.570000
0,1,1,316.136558,807.871182,0.000000,NULL,NULL,NULL,NULL,NULL,1.457650,3.724951,174.570000
0,1,1,177.103591,-500.452574,0.000000,NULL,NULL,NULL,NULL,NULL,1.334451,-3.770841,174.570000
0,1,1,-213.775526,-523.005928,0.000000,NULL,NULL,NULL,NULL,NULL,-1.513431,-3.702638,174.570000
0,1,1,-776.108042,159.765489,0.000000,NULL,NULL,NULL,NULL,NULL,-3.917850,0.806508,174.570000
0,1,1,410.873807,734.942755,0.000000,NULL,NULL,NULL,NULL,NULL,1.951903,3.491429,174.570000
0,1,1,230.931588,864.261593,0.000000,NULL,NULL,NULL,NULL,NULL,1.032578,3.864425,174.570000
0,1,1,650.320915,-110.612310,0.000000,NULL,NULL,NULL,NULL,NULL,3.943366,-0.670722,174.570000
0,1,1,-620.334133,-278.341173,0.000000,NULL,NULL,NULL,NULL,NULL,-3.649465,-1.637499,174.570000
0,1,1,-356.836531,820.332366,0.000000,NULL,NULL,NULL,NULL,NULL,-1.595545,3.668002,174.570000
0,1,1,373.829522,754.459825,0.000000,NULL,NULL,NULL,NULL,NULL,1.775920,3.584147,174.570000
0,1,1,-570.124785,-244.332915,0.000000,NULL,NULL,NULL,NULL,NULL,-3.676595,-1.575643,174.570000
0,1,1,701.374312,0.270005,0.000000,NULL,NULL,NULL,NULL,NULL,4.000000,0.001540,174.570000
0,1,1,548.465230,-246.093915,0.000000,NULL,NULL,NULL,NULL,NULL,3.649465,-1.637499,174.570000
0,1,1,734.910067,125.582255,0.000000,NULL,NULL,NULL,NULL,NULL,3.942848,0.673758,174.570000
0,1,1,92.679737,-413.651106,0.000000,NULL,NULL,NULL,NULL,NULL,0.874530,-3.903229,174.570000
0,1,1,-765.532669,65.085320,0.000000,NULL,NULL,NULL,NULL,NULL,-3.985621,0.338856,174.570000
0,1,1,-413.883325,762.429513,0.000000,NULL,NULL,NULL,NULL,NULL,-1.908343,3.515427,174.570000
0,1,1,611.492576,-104.008044,0.000000,NULL,NULL,NULL,NULL,NULL,3.943366,-0.670722,174.570000
0,1,1,491.861602,651.685194,0.000000,NULL,NULL,NULL,NULL,NULL,2.409702,3.192701,174.570000
0,1,1,-92.679737,-413.651106,0.000000,NULL,NULL,NULL,NULL,NULL,-0.874530,-3.903229,174.570000
0,1,1,-336.329286,828.951212,0.000000,NULL,NULL,NULL,NULL,NULL,-1.503849,3.706540,174.570000
0,1,1,-464.507182,702.275741,0.000000,NULL,NULL,NULL,NULL,NULL,-2.206694,3.336241,174.570000
0,1,1,-717.819866,-84.965632,0.000000,NULL,NULL,NULL,NULL,NULL,-3.972270,-0.470183,174.570000
0,1,1,-78.586418,-525.016796,0.000000,NULL,NULL,NULL,NULL,NULL,-0.592138,-3.955929,174.570000
0,1,1,-139.454422,400.311423,0.000000,NULL,NULL,NULL,NULL,NULL,-1.315898,3.777355,174.570000
0,1,1,-498.845117,678.315331,0.000000,NULL,NULL,NULL,NULL,NULL,-2.369820,3.222414,174.570000
0,1,1,209.371003,869.736330,0.000000,NULL,NULL,NULL,NULL,NULL,0.936173,3.888905,174.570000
0,1,1,453.403870,-366.611801,0.000000,NULL,NULL,NULL,NULL,NULL,3.110420,-2.515013,174.570000
0,1,1,720.232550,61.233920,0.000000,NULL,NULL,NULL,NULL,NULL,3.985621,0.338856,174.570000
0,1,1,295.951734,815.481907,0.000000,NULL,NULL,NULL,NULL,NULL,1.364581,3.760042,174.570000
0,1,1,-687.078489,-140.887004,0.000000,NULL,NULL,NULL,NULL,NULL,-3.918469,-0.803491,174.570000
0,1,1,200.857167,-491.400915,0.000000,NULL,NULL,NULL,NULL,NULL,1.513431,-3.702638,174.570000
0,1,1,-353.523076,-463.681698,0.000000,NULL,NULL,NULL,NULL,NULL,-2.425222,-3.180927,174.570000
0,1,1,728.076041,312.688315,0.000000,NULL,NULL,NULL,NULL,NULL,3.675381,1.578473,174.570000
0,1,1,310.977921,-451.140899,0.000000,NULL,NULL,NULL,NULL,NULL,2.270171,-3.293376,174.570000
0,1,1,-446.902035,713.608232,0.000000,NULL,NULL,NULL,NULL,NULL,-2.123059,3.390077,174.570000
0,1,1,736.771412,217.817016,0.000000,NULL,NULL,NULL,NULL,NULL,3.835880,1.134029,174.570000
0,1,1,-315.614081,837.057496,0.000000,NULL,NULL,NULL,NULL,NULL,-1.411224,3.742786,174.570000
0,1,1,-195.113553,-512.021562,0.000000,NULL,NULL,NULL,NULL,NULL,-1.424349,-3.737811,174.570000
0,1,1,668.270479,-125.310859,0.000000,NULL,NULL,NULL,NULL,NULL,3.931478,-0.737212,174.570000
0,1,1,-394.798154,772.484685,0.000000,NULL,NULL,NULL,NULL,NULL,-1.820344,3.561790,174.570000
0,1,1,187.680958,874.673286,0.000000,NULL,NULL,NULL,NULL,NULL,0.839189,3.910980,174.570000
0,1,1,353.227266,-440.982623,0.000000,NULL,NULL,NULL,NULL,NULL,2.500684,-3.121951,174.570000
0,1,1,-606.853791,-201.409225,0.000000,NULL,NULL,NULL,NULL,NULL,-3.796373,-1.259981,174.570000
0,1,1,275.583916,822.588400,0.000000,NULL,NULL,NULL,NULL,NULL,1.270669,3.792809,174.570000
0,1,1,-614.754597,-239.226171,0.000000,NULL,NULL,NULL,NULL,NULL,-3.727701,-1.450601,174.570000
0,1,1,-294.703724,844.646207,0.000000,NULL,NULL,NULL,NULL,NULL,-1.317727,3.776718,174.570000
0,1,1,705.939957,410.207515,0.000000,NULL,NULL,NULL,NULL,NULL,3.458503,2.009666,174.570000
0,1,1,165.874866,879.069411,0.000000,NULL,NULL,NULL,NULL,NULL,0.741686,3.930636,174.570000
0,1,1,-745.562624,0.287016,0.000000,NULL,NULL,NULL,NULL,NULL,-4.000000,0.001540,174.570000
0,1,1,-238.566687,-512.172931,0.000000,NULL,NULL,NULL,NULL,NULL,-1.688941,-3.625945,174.570000
0,1,1,224.150209,-481.222552,0.000000,NULL,NULL,NULL,NULL,NULL,1.688941,-3.625945,174.570000
0,1,1,-421.717713,-428.404592,0.000000,NULL,NULL,NULL,NULL,NULL,-2.806093,-2.850587,174.570000
0,1,1,-103.628823,-520.652982,0.000000,NULL,NULL,NULL,NULL,NULL,-0.780829,-3.923048,174.570000
0,1,1,-481.825112,690.509015,0.000000,NULL,NULL,NULL,NULL,NULL,-2.288965,3.280341,174.570000
0,1,1,-375.468868,782.062209,0.000000,NULL,NULL,NULL,NULL,NULL,-1.731220,3.605950,174.570000
0,1,1,637.146839,-53.675928,0.000000,NULL,NULL,NULL,NULL,NULL,3.985881,-0.335787,174.570000
0,1,1,-273.611144,851.712652,0.000000,NULL,NULL,NULL,NULL,NULL,-1.223414,3.808314,174.570000
0,1,1,143.966209,882.921984,0.000000,NULL,NULL,NULL,NULL,NULL,0.643725,3.947863,174.570000
0,1,1,730.250606,150.325520,0.000000,NULL,NULL,NULL,NULL,NULL,3.917850,0.806508,174.570000
0,1,1,-629.378831,-257.236334,0.000000,NULL,NULL,NULL,NULL,NULL,-3.702676,-1.513338,174.570000
0,1,1,255.045697,829.186265,0.000000,NULL,NULL,NULL,NULL,NULL,1.175970,3.823231,174.570000
0,1,1,653.685003,-88.590586,0.000000,NULL,NULL,NULL,NULL,NULL,3.963764,-0.537189,174.570000
0,1,1,121.968534,886.228626,0.000000,NULL,NULL,NULL,NULL,NULL,0.545365,3.962648,174.570000
0,1,1,614.655807,-83.301158,0.000000,NULL,NULL,NULL,NULL,NULL,3.963764,-0.537189,174.570000
0,1,1,332.217476,-435.737223,0.000000,NULL,NULL,NULL,NULL,NULL,2.425222,-3.180927,174.570000
0,1,1,-770.270861,185.880347,0.000000,NULL,NULL,NULL,NULL,NULL,-3.888383,0.938337,174.570000
0,1,1,-252.349383,858.252462,0.000000,NULL,NULL,NULL,NULL,NULL,-1.128345,3.837556,174.570000
0,1,1,-578.049796,-224.942831,0.000000,NULL,NULL,NULL,NULL,NULL,-3.727701,-1.450601,174.570000
0,1,1,510.324748,-317.718391,0.000000,NULL,NULL,NULL,NULL,NULL,3.395680,-2.114085,174.570000
0,1,1,-355.907421,791.156165,0.000000,NULL,NULL,NULL,NULL,NULL,-1.641026,3.647881,174.570000
0,1,1,316.559010,780.223386,0.000000,NULL,NULL,NULL,NULL,NULL,1.503849,3.706540,174.570000
0,1,1,-691.443869,-117.606865,0.000000,NULL,NULL,NULL,NULL,NULL,-3.943366,-0.670722,174.570000
0,1,1,246.929311,-469.940822,0.000000,NULL,NULL,NULL,NULL,NULL,1.860578,-3.540939,174.570000
0,1,1,373.932110,-423.568120,0.000000,NULL,NULL,NULL,NULL,NULL,2.647265,-2.998665,174.570000
0,1,1,-219.400288,-502.094505,0.000000,NULL,NULL,NULL,NULL,NULL,-1.601645,-3.665342,174.570000
0,1,1,700.965251,23.952363,0.000000,NULL,NULL,NULL,NULL,NULL,3.997667,0.136602,174.570000
0,1,1,-375.314183,-446.227012,0.000000,NULL,NULL,NULL,NULL,NULL,-2.574712,-3.061185,174.570000
0,1,1,99.895443,888.987289,0.000000,NULL,NULL,NULL,NULL,NULL,0.446669,3.974983,174.570000
0,1,1,-128.433623,-515.095395,0.000000,NULL,NULL,NULL,NULL,NULL,-0.967730,-3.881172,174.570000
0,1,1,-762.898478,90.897081,0.000000,NULL,NULL,NULL,NULL,NULL,-3.971907,0.473241,174.570000
0,1,1,-230.931588,864.261593,0.000000,NULL,NULL,NULL,NULL,NULL,-1.032578,3.864425,174.570000
0,1,1,234.349777,835.271424,0.000000,NULL,NULL,NULL,NULL,NULL,1.080545,3.851288,174.570000
0,1,1,470.433746,-344.487115,0.000000,NULL,NULL,NULL,NULL,NULL,3.227247,-2.363234,174.570000
0,1,1,-720.279482,-60.679372,0.000000,NULL,NULL,NULL,NULL,NULL,-3.985881,-0.335787,174.570000
0,1,1,-374.346202,-198.901214,0.000000,NULL,NULL,NULL,NULL,NULL,-3.532346,-1.876840,174.570000
0,1,1,77.760584,891.196270,0.000000,NULL,NULL,NULL,NULL,NULL,0.347696,3.984860,174.570000
0,1,1,-262.810852,-500.165604,0.000000,NULL,NULL,NULL,NULL,NULL,-1.860578,-3.540939,174.570000
0,1,1,354.954893,763.521553,0.000000,NULL,NULL,NULL,NULL,NULL,1.686253,3.627196,174.570000
0,1,1,-209.371003,869.736330,0.000000,NULL,NULL,NULL,NULL,NULL,-0.936173,3.888905,174.570000
0,1,1,-613.308503,-180.803430,0.000000,NULL,NULL,NULL,NULL,NULL,-3.836752,-1.131075,174.570000
0,1,1,-336.125907,799.760930,0.000000,NULL,NULL,NULL,NULL,NULL,-1.549817,3.687556,174.570000
0,1,1,717.102678,337.094130,0.000000,NULL,NULL,NULL,NULL,NULL,3.619986,1.701676,174.570000
0,1,1,272.859380,-324.414134,0.000000,NULL,NULL,NULL,NULL,NULL,2.574712,-3.061185,174.570000
0,1,1,717.754236,85.518279,0.000000,NULL,NULL,NULL,NULL,NULL,3.971907,0.473241,174.570000
0,1,1,-591.913806,-185.415455,0.000000,NULL,NULL,NULL,NULL,NULL,-3.817107,-1.195699,174.570000
0,1,1,55.577643,892.854202,0.000000,NULL,NULL,NULL,NULL,NULL,0.248508,3.992273,174.570000
0,1,1,-187.680958,874.673286,0.000000,NULL,NULL,NULL,NULL,NULL,-0.839189,3.910980,174.570000
0,1,1,672.120641,-102.674671,0.000000,NULL,NULL,NULL,NULL,NULL,3.954129,-0.604042,174.570000
0,1,1,728.996503,242.570536,0.000000,NULL,NULL,NULL,NULL,NULL,3.795402,1.262904,174.570000
0,1,1,213.508953,840.840114,0.000000,NULL,NULL,NULL,NULL,NULL,0.984452,3.876965,174.570000
0,1,1,-165.874866,879.069411,0.000000,NULL,NULL,NULL,NULL,NULL,-0.741686,3.930636,174.570000
0,1,1,33.360338,893.960059,0.000000,NULL,NULL,NULL,NULL,NULL,0.149166,3.997218,174.570000
0,1,1,-622.481725,-218.332035,0.000000,NULL,NULL,NULL,NULL,NULL,-3.774556,-1.323905,174.570000
0,1,1,617.118048,-62.499271,0.000000,NULL,NULL,NULL,NULL,NULL,3.979643,-0.403042,174.570000
0,1,1,-392.473002,744.931595,0.000000,NULL,NULL,NULL,NULL,NULL,-1.864488,3.538882,174.570000
0,1,1,-316.136558,807.871182,0.000000,NULL,NULL,NULL,NULL,NULL,-1.457650,3.724951,174.570000
0,1,1,11.122405,894.513159,0.000000,NULL,NULL,NULL,NULL,NULL,0.049732,3.999691,174.570000
0,1,1,-143.966209,882.921984,0.000000,NULL,NULL,NULL,NULL,NULL,-0.643725,3.947863,174.570000
0,1,1,269.142243,-457.581593,0.000000,NULL,NULL,NULL,NULL,NULL,2.027950,-3.447814,174.570000
0,1,1,352.695309,-419.334470,0.000000,NULL,NULL,NULL,NULL,NULL,2.574712,-3.061185,174.570000
0,1,1,-121.968534,886.228626,0.000000,NULL,NULL,NULL,NULL,NULL,-0.545365,3.962648,174.570000
0,1,1,-11.122405,894.513159,0.000000,NULL,NULL,NULL,NULL,NULL,-0.049732,3.999691,174.570000
0,1,1,-99.895443,888.987289,0.000000,NULL,NULL,NULL,NULL,NULL,-0.446669,3.974983,174.570000
0,1,1,-152.943945,-508.356775,0.000000,NULL,NULL,NULL,NULL,NULL,-1.152411,-3.830398,174.570000
0,1,1,-33.360338,893.960059,0.000000,NULL,NULL,NULL,NULL,NULL,-0.149166,3.997218,174.570000
0,1,1,335.860787,772.111178,0.000000,NULL,NULL,NULL,NULL,NULL,1.595545,3.668002,174.570000
0,1,1,-77.760584,891.196270,0.000000,NULL,NULL,NULL,NULL,NULL,-0.347696,3.984860,174.570000
0,1,1,-55.577643,892.854202,0.000000,NULL,NULL,NULL,NULL,NULL,-0.248508,3.992273,174.570000
0,1,1,-585.315565,-205.296209,0.000000,NULL,NULL,NULL,NULL,NULL,-3.774556,-1.323905,174.570000
0,1,1,-745.127791,25.461421,0.000000,NULL,NULL,NULL,NULL,NULL,-3.997667,0.136602,174.570000
0,1,1,192.536111,845.888891,0.000000,NULL,NULL,NULL,NULL,NULL,0.887750,3.900244,174.570000
0,1,1,638.595933,-32.131505,0.000000,NULL,NULL,NULL,NULL,NULL,3.994946,-0.201009,174.570000
0,1,1,297.061496,787.853163,0.000000,NULL,NULL,NULL,NULL,NULL,1.411224,3.742786,174.570000
0,1,1,-243.183973,-491.016225,0.000000,NULL,NULL,NULL,NULL,NULL,-1.775268,-3.584470,174.570000
0,1,1,-596.978387,-70.662082,0.000000,NULL,NULL,NULL,NULL,NULL,-3.972270,-0.470183,174.570000
0,1,1,-295.951734,815.481907,0.000000,NULL,NULL,NULL,NULL,NULL,-1.364581,3.760042,174.570000
0,1,1,-429.020558,724.499482,0.000000,NULL,NULL,NULL,NULL,NULL,-2.038111,3.441817,174.570000
0,1,1,-637.705749,-235.838128,0.000000,NULL,NULL,NULL,NULL,NULL,-3.751664,-1.387451,174.570000
0,1,1,393.779587,-405.182443,0.000000,NULL,NULL,NULL,NULL,NULL,2.787776,-2.868503,174.570000
0,1,1,171.444219,850.414634,0.000000,NULL,NULL,NULL,NULL,NULL,0.790499,3.921111,174.570000
0,1,1,656.303591,-66.467827,0.000000,NULL,NULL,NULL,NULL,NULL,3.979643,-0.403042,174.570000
0,1,1,724.758324,174.897346,0.000000,NULL,NULL,NULL,NULL,NULL,3.888383,0.938337,174.570000
0,1,1,-763.555219,211.783217,0.000000,NULL,NULL,NULL,NULL,NULL,-3.854482,1.069097,174.570000
0,1,1,618.876491,-41.626106,0.000000,NULL,NULL,NULL,NULL,NULL,3.990983,-0.268437,174.570000
0,1,1,-275.583916,822.588400,0.000000,NULL,NULL,NULL,NULL,NULL,-1.270669,3.792809,174.570000
0,1,1,-286.452434,-487.011477,0.000000,NULL,NULL,NULL,NULL,NULL,-2.027950,-3.447814,174.570000
0,1,1,-396.244754,-427.749199,0.000000,NULL,NULL,NULL,NULL,NULL,-2.718299,-2.934425,174.570000
0,1,1,-373.829522,754.459825,0.000000,NULL,NULL,NULL,NULL,NULL,-1.775920,3.584147,174.570000
0,1,1,237.515655,807.802236,0.000000,NULL,NULL,NULL,NULL,NULL,1.128345,3.837556,174.570000
0,1,1,290.738075,-444.173202,0.000000,NULL,NULL,NULL,NULL,NULL,2.190671,-3.346784,174.570000
0,1,1,-695.020685,-94.192599,0.000000,NULL,NULL,NULL,NULL,NULL,-3.963764,-0.537189,174.570000
0,1,1,150.246319,854.414545,0.000000,NULL,NULL,NULL,NULL,NULL,0.692759,3.939554,174.570000
0,1,1,-177.103591,-500.452574,0.000000,NULL,NULL,NULL,NULL,NULL,-1.334451,-3.770841,174.570000
0,1,1,-410.873807,734.942755,0.000000,NULL,NULL,NULL,NULL,NULL,-1.951903,3.491429,174.570000
0,1,1,-619.063761,-159.991437,0.000000,NULL,NULL,NULL,NULL,NULL,-3.872756,-1.000879,174.570000
0,1,1,-255.045697,829.186265,0.000000,NULL,NULL,NULL,NULL,NULL,-1.175970,3.823231,174.570000
0,1,1,-759.394231,116.605178,0.000000,NULL,NULL,NULL,NULL,NULL,-3.953662,0.607086,174.570000
0,1,1,699.756767,47.607405,0.000000,NULL,NULL,NULL,NULL,NULL,3.990775,0.271509,174.570000
0,1,1,486.384993,-321.572575,0.000000,NULL,NULL,NULL,NULL,NULL,3.336675,-2.206037,174.570000
0,1,1,63.988226,-510.737907,0.000000,NULL,NULL,NULL,NULL,NULL,0.497256,-3.968972,174.570000
0,1,1,372.364468,-401.970249,0.000000,NULL,NULL,NULL,NULL,NULL,2.718299,-2.934425,174.570000
0,1,1,39.465900,-513.215496,0.000000,NULL,NULL,NULL,NULL,NULL,0.306692,-3.988225,174.570000
0,1,1,-721.917649,-36.323909,0.000000,NULL,NULL,NULL,NULL,NULL,-3.994946,-0.201009,174.570000
0,1,1,128.955517,857.886149,0.000000,NULL,NULL,NULL,NULL,NULL,0.594591,3.955561,174.570000
0,1,1,88.363838,-507.089277,0.000000,NULL,NULL,NULL,NULL,NULL,0.686680,-3.940618,174.570000
0,1,1,-629.498938,-197.188900,0.000000,NULL,NULL,NULL,NULL,NULL,-3.817107,-1.195699,174.570000
0,1,1,-590.847904,-110.792951,0.000000,NULL,NULL,NULL,NULL,NULL,-3.931478,-0.737212,174.570000
0,1,1,705.311489,361.115503,0.000000,NULL,NULL,NULL,NULL,NULL,3.560463,1.822937,174.570000
0,1,1,-234.349777,835.271424,0.000000,NULL,NULL,NULL,NULL,NULL,-1.080545,3.851288,174.570000
0,1,1,-266.410076,-478.812124,0.000000,NULL,NULL,NULL,NULL,NULL,-1.944821,-3.495378,174.570000
0,1,1,107.584980,860.827301,0.000000,NULL,NULL,NULL,NULL,NULL,0.496055,3.969122,174.570000
0,1,1,714.457352,109.705109,0.000000,NULL,NULL,NULL,NULL,NULL,3.953662,0.607086,174.570000
0,1,1,675.204278,-79.921386,0.000000,NULL,NULL,NULL,NULL,NULL,3.972270,-0.470183,174.570000
0,1,1,720.390203,267.047415,0.000000,NULL,NULL,NULL,NULL,NULL,3.750594,1.390339,174.570000
0,1,1,112.536845,-502.277972,0.000000,NULL,NULL,NULL,NULL,NULL,0.874530,-3.903229,174.570000
0,1,1,-213.508953,840.840114,0.000000,NULL,NULL,NULL,NULL,NULL,-0.984452,3.876965,174.570000
0,1,1,-316.559010,780.223386,0.000000,NULL,NULL,NULL,NULL,NULL,-1.503849,3.706540,174.570000
0,1,1,86.147919,863.236182,0.000000,NULL,NULL,NULL,NULL,NULL,0.397213,3.980229,174.570000
0,1,1,-14.853085,-514.516363,0.000000,NULL,NULL,NULL,NULL,NULL,-0.115424,-3.998334,174.570000
0,1,1,50.119962,-496.070170,0.000000,NULL,NULL,NULL,NULL,NULL,0.402089,-3.979739,174.570000
0,1,1,136.451823,-496.315023,0.000000,NULL,NULL,NULL,NULL,NULL,1.060374,-3.856891,174.570000
0,1,1,-192.536111,845.888891,0.000000,NULL,NULL,NULL,NULL,NULL,-0.887750,3.900244,174.570000
0,1,1,639.316735,-10.550437,0.000000,NULL,NULL,NULL,NULL,NULL,3.999455,-0.066002,174.570000
0,1,1,73.809330,-493.102227,0.000000,NULL,NULL,NULL,NULL,NULL,0.592138,-3.955929,174.570000
0,1,1,311.667290,-429.746392,0.000000,NULL,NULL,NULL,NULL,NULL,2.348370,-3.238080,174.570000
0,1,1,277.380302,794.995791,0.000000,NULL,NULL,NULL,NULL,NULL,1.317727,3.776718,174.570000
0,1,1,26.315678,-497.900702,0.000000,NULL,NULL,NULL,NULL,NULL,0.211118,-3.994425,174.570000
0,1,1,64.657592,865.111303,0.000000,NULL,NULL,NULL,NULL,NULL,0.298125,3.988875,174.570000
0,1,1,-645.305389,-214.170958,0.000000,NULL,NULL,NULL,NULL,NULL,-3.796373,-1.259981,174.570000
0,1,1,-743.843170,50.606789,0.000000,NULL,NULL,NULL,NULL,NULL,-3.990775,0.271509,174.570000
0,1,1,412.724190,-385.867747,0.000000,NULL,NULL,NULL,NULL,NULL,2.921895,-2.731764,174.570000
0,1,1,-200.857167,-491.400915,0.000000,NULL,NULL,NULL,NULL,NULL,-1.513431,-3.702638,174.570000
0,1,1,-171.444219,850.414634,0.000000,NULL,NULL,NULL,NULL,NULL,-0.790499,3.921111,174.570000
0,1,1,487.446504,351.812776,0.000000,NULL,NULL,NULL,NULL,NULL,3.243449,2.340948,174.570000
0,1,1,-39.465900,-513.215496,0.000000,NULL,NULL,NULL,NULL,NULL,-0.306692,-3.988225,174.570000
0,1,1,-309.437227,-472.740710,0.000000,NULL,NULL,NULL,NULL,NULL,-2.190671,-3.346784,174.570000
0,1,1,257.527596,801.646852,0.000000,NULL,NULL,NULL,NULL,NULL,1.223414,3.808314,174.570000
0,1,1,97.329464,-489.003680,0.000000,NULL,NULL,NULL,NULL,NULL,0.780829,-3.923048,174.570000
0,1,1,43.127285,866.451503,0.000000,NULL,NULL,NULL,NULL,NULL,0.198852,3.995054,174.570000
0,1,1,14.853085,-514.516363,0.000000,NULL,NULL,NULL,NULL,NULL,0.115424,-3.998334,174.570000
0,1,1,-150.246319,854.414545,0.000000,NULL,NULL,NULL,NULL,NULL,-0.692759,3.939554,174.570000
0,1,1,160.053939,-489.214103,0.000000,NULL,NULL,NULL,NULL,NULL,1.243788,-3.801709,174.570000
0,1,1,658.173691,-44.269265,0.000000,NULL,NULL,NULL,NULL,NULL,3.990983,-0.268437,174.570000
0,1,1,21.570311,867.255955,0.000000,NULL,NULL,NULL,NULL,NULL,0.099457,3.998763,174.570000
0,1,1,-475.572533,-367.705167,0.000000,NULL,NULL,NULL,NULL,NULL,-3.164440,-2.446695,174.570000
0,1,1,-128.955517,857.886149,0.000000,NULL,NULL,NULL,NULL,NULL,-0.594591,3.955561,174.570000
0,1,1,0.000000,867.524161,0.000000,NULL,NULL,NULL,NULL,NULL,0.000000,4.000000,174.570000
0,1,1,-755.968773,237.444557,0.000000,NULL,NULL,NULL,NULL,NULL,-3.816185,1.198637,174.570000
0,1,1,-107.584980,860.827301,0.000000,NULL,NULL,NULL,NULL,NULL,-0.496055,3.969122,174.570000
0,1,1,120.626437,-483.783925,0.000000,NULL,NULL,NULL,NULL,NULL,0.967730,-3.881172,174.570000
0,1,1,-624.113002,-138.996980,0.000000,NULL,NULL,NULL,NULL,NULL,-3.904343,-0.869541,174.570000
0,1,1,-21.570311,867.255955,0.000000,NULL,NULL,NULL,NULL,NULL,-0.099457,3.998763,174.570000
0,1,1,156.124326,827.395512,0.000000,NULL,NULL,NULL,NULL,NULL,0.741686,3.930636,174.570000
0,1,1,-86.147919,863.236182,0.000000,NULL,NULL,NULL,NULL,NULL,-0.397213,3.980229,174.570000
0,1,1,718.439484,199.269708,0.000000,NULL,NULL,NULL,NULL,NULL,3.854482,1.069097,174.570000
0,1,1,661.715737,478.282042,0.000000,NULL,NULL,NULL,NULL,NULL,3.241842,2.343173,174.570000
0,1,1,-43.127285,866.451503,0.000000,NULL,NULL,NULL,NULL,NULL,-0.198852,3.995054,174.570000
0,1,1,-64.657592,865.111303,0.000000,NULL,NULL,NULL,NULL,NULL,-0.298125,3.988875,174.570000
0,1,1,-416.266799,-408.290624,0.000000,NULL,NULL,NULL,NULL,NULL,-2.855654,-2.800936,174.570000
0,1,1,391.179854,-383.684375,0.000000,NULL,NULL,NULL,NULL,NULL,2.855654,-2.800936,174.570000
0,1,1,-63.988226,-510.737907,0.000000,NULL,NULL,NULL,NULL,NULL,-0.497256,-3.968972,174.570000
0,1,1,-26.315678,-497.900702,0.000000,NULL,NULL,NULL,NULL,NULL,-0.211118,-3.994425,174.570000
0,1,1,-697.804859,-70.670911,0.000000,NULL,NULL,NULL,NULL,NULL,-3.979643,-0.403042,174.570000
0,1,1,143.646833,-477.454931,0.000000,NULL,NULL,NULL,NULL,NULL,1.152411,-3.830398,174.570000
0,1,1,183.289076,-480.991494,0.000000,NULL,NULL,NULL,NULL,NULL,1.424349,-3.737811,174.570000
0,1,1,-354.954893,763.521553,0.000000,NULL,NULL,NULL,NULL,NULL,-1.686253,3.627196,174.570000
0,1,1,-289.025343,-465.510182,0.000000,NULL,NULL,NULL,NULL,NULL,-2.109915,-3.398273,174.570000
0,1,1,-237.515655,807.802236,0.000000,NULL,NULL,NULL,NULL,NULL,-1.128345,3.837556,174.570000
0,1,1,-755.023927,142.180292,0.000000,NULL,NULL,NULL,NULL,NULL,-3.930909,0.740239,174.570000
0,1,1,217.356852,813.458135,0.000000,NULL,NULL,NULL,NULL,NULL,1.032578,3.864425,174.570000
0,1,1,-635.798234,-175.820879,0.000000,NULL,NULL,NULL,NULL,NULL,-3.855304,-1.066129,174.570000
0,1,1,-50.119962,-496.070170,0.000000,NULL,NULL,NULL,NULL,NULL,-0.402089,-3.979739,174.570000
0,1,1,501.221035,-297.920720,0.000000,NULL,NULL,NULL,NULL,NULL,3.438453,-2.043782,174.570000
0,1,1,331.881902,-414.334242,0.000000,NULL,NULL,NULL,NULL,NULL,2.500684,-3.121951,174.570000
0,1,1,-722.732499,-11.927020,0.000000,NULL,NULL,NULL,NULL,NULL,-3.999455,-0.066002,174.570000
0,1,1,-297.061496,787.853163,0.000000,NULL,NULL,NULL,NULL,NULL,-1.411224,3.742786,174.570000
0,1,1,-491.861602,651.685194,0.000000,NULL,NULL,NULL,NULL,NULL,-2.409702,3.192701,174.570000
0,1,1,697.750240,71.208152,0.000000,NULL,NULL,NULL,NULL,NULL,3.979331,0.406106,174.570000
0,1,1,-597.836993,-165.323242,0.000000,NULL,NULL,NULL,NULL,NULL,-3.855304,-1.066129,174.570000
0,1,1,692.715921,384.725039,0.000000,NULL,NULL,NULL,NULL,NULL,3.496880,1.942120,174.570000
0,1,1,166.337870,-470.031208,0.000000,NULL,NULL,NULL,NULL,NULL,1.334451,-3.770841,174.570000
0,1,1,-335.860787,772.111178,0.000000,NULL,NULL,NULL,NULL,NULL,-1.595545,3.668002,174.570000
0,1,1,-88.363838,-507.089277,0.000000,NULL,NULL,NULL,NULL,NULL,-0.686680,-3.940618,174.570000
0,1,1,-224.150209,-481.222552,0.000000,NULL,NULL,NULL,NULL,NULL,-1.688941,-3.625945,174.570000
0,1,1,677.517871,-57.076954,0.000000,NULL,NULL,NULL,NULL,NULL,3.985881,-0.335787,174.570000
0,1,1,710.345659,133.766824,0.000000,NULL,NULL,NULL,NULL,NULL,3.930909,0.740239,174.570000
0,1,1,206.103961,-471.666047,0.000000,NULL,NULL,NULL,NULL,NULL,1.601645,-3.665342,174.570000
0,1,1,639.308423,11.042664,0.000000,NULL,NULL,NULL,NULL,NULL,3.999403,0.069081,174.570000
0,1,1,619.929131,-20.705467,0.000000,NULL,NULL,NULL,NULL,NULL,3.997771,-0.133524,174.570000
0,1,1,710.962328,291.219737,0.000000,NULL,NULL,NULL,NULL,NULL,3.701510,1.516188,174.570000
0,1,1,-73.809330,-493.102227,0.000000,NULL,NULL,NULL,NULL,NULL,-0.592138,-3.955929,174.570000
0,1,1,430.722483,-365.668318,0.000000,NULL,NULL,NULL,NULL,NULL,3.049314,-2.588761,174.570000
0,1,1,-652.169085,-192.259535,0.000000,NULL,NULL,NULL,NULL,NULL,-3.836752,-1.131075,174.570000
0,1,1,-607.631963,-124.596313,0.000000,NULL,NULL,NULL,NULL,NULL,-3.918469,-0.803491,174.570000
0,1,1,188.647520,-461.529779,0.000000,NULL,NULL,NULL,NULL,NULL,1.513431,-3.702638,174.570000
0,1,1,176.648602,823.257803,0.000000,NULL,NULL,NULL,NULL,NULL,0.839189,3.910980,174.570000
0,1,1,-331.712529,-457.386023,0.000000,NULL,NULL,NULL,NULL,NULL,-2.348370,-3.238080,174.570000
0,1,1,-2.451056,-498.589627,0.000000,NULL,NULL,NULL,NULL,NULL,-0.019664,-3.999952,174.570000
0,1,1,-628.450468,-117.844003,0.000000,NULL,NULL,NULL,NULL,NULL,-3.931478,-0.737212,174.570000
0,1,1,-539.842905,-264.472990,0.000000,NULL,NULL,NULL,NULL,NULL,-3.592093,-1.759793,174.570000
0,1,1,-741.710227,75.694442,0.000000,NULL,NULL,NULL,NULL,NULL,-3.979331,0.406106,174.570000
0,1,1,-156.124326,827.395512,0.000000,NULL,NULL,NULL,NULL,NULL,-0.741686,3.930636,174.570000
0,1,1,-272.859380,-324.414134,0.000000,NULL,NULL,NULL,NULL,NULL,-2.574712,-3.061185,174.570000
0,1,1,-749.792550,167.593254,0.000000,NULL,NULL,NULL,NULL,NULL,-3.903673,0.872547,174.570000
0,1,1,197.063652,818.611053,0.000000,NULL,NULL,NULL,NULL,NULL,0.936173,3.888905,174.570000
0,1,1,228.446282,-461.259145,0.000000,NULL,NULL,NULL,NULL,NULL,1.775268,-3.584470,174.570000
0,1,1,659.293171,-22.020216,0.000000,NULL,NULL,NULL,NULL,NULL,3.997771,-0.133524,174.570000
0,1,1,-747.520176,262.835100,0.000000,NULL,NULL,NULL,NULL,NULL,-3.773536,1.326811,174.570000
0,1,1,73.189622,838.809524,0.000000,NULL,NULL,NULL,NULL,NULL,0.347696,3.984860,174.570000
0,1,1,351.335561,-397.972090,0.000000,NULL,NULL,NULL,NULL,NULL,2.647265,-2.998665,174.570000
0,1,1,-112.536845,-502.277972,0.000000,NULL,NULL,NULL,NULL,NULL,-0.874530,-3.903229,174.570000
0,1,1,409.098327,-364.518774,0.000000,NULL,NULL,NULL,NULL,NULL,2.986460,-2.661025,174.570000
0,1,1,210.524632,-451.970135,0.000000,NULL,NULL,NULL,NULL,NULL,1.688941,-3.625945,174.570000
0,1,1,-310.977921,-451.140899,0.000000,NULL,NULL,NULL,NULL,NULL,-2.270171,-3.293376,174.570000
0,1,1,-722.723102,12.483471,0.000000,NULL,NULL,NULL,NULL,NULL,-3.999403,0.069081,174.570000
0,1,1,-603.078371,-145.042485,0.000000,NULL,NULL,NULL,NULL,NULL,-3.889104,-0.935343,174.570000
0,1,1,423.887374,-4.033020,0.000000,NULL,NULL,NULL,NULL,NULL,3.999819,-0.038056,174.570000
0,1,1,711.301294,223.414811,0.000000,NULL,NULL,NULL,NULL,NULL,3.816185,1.198637,174.570000
0,1,1,-257.527596,801.646852,0.000000,NULL,NULL,NULL,NULL,NULL,-1.223414,3.808314,174.570000
0,1,1,-97.329464,-489.003680,0.000000,NULL,NULL,NULL,NULL,NULL,-0.780829,-3.923048,174.570000
0,1,1,-246.929311,-469.940822,0.000000,NULL,NULL,NULL,NULL,NULL,-1.860578,-3.540939,174.570000
0,1,1,-277.380302,794.995791,0.000000,NULL,NULL,NULL,NULL,NULL,-1.317727,3.776718,174.570000
0,1,1,-641.372427,-154.252342,0.000000,NULL,NULL,NULL,NULL,NULL,-3.889104,-0.935343,174.570000
0,1,1,-699.793214,-47.068626,0.000000,NULL,NULL,NULL,NULL,NULL,-3.990983,-0.268437,174.570000
0,1,1,-435.334411,-387.895905,0.000000,NULL,NULL,NULL,NULL,NULL,-2.986460,-2.661025,174.570000
0,1,1,620.274768,0.238785,0.000000,NULL,NULL,NULL,NULL,NULL,4.000000,0.001540,174.570000
0,1,1,619.913006,21.182764,0.000000,NULL,NULL,NULL,NULL,NULL,3.997667,0.136602,174.570000
0,1,1,60.085950,-479.590922,0.000000,NULL,NULL,NULL,NULL,NULL,0.497256,-3.968972,174.570000
0,1,1,94.023339,836.730393,0.000000,NULL,NULL,NULL,NULL,NULL,0.446669,3.974983,174.570000
0,1,1,82.975032,-476.164801,0.000000,NULL,NULL,NULL,NULL,NULL,0.686680,-3.940618,174.570000
0,1,1,37.059100,-481.917417,0.000000,NULL,NULL,NULL,NULL,NULL,0.306692,-3.988225,174.570000
0,1,1,700.723629,315.059935,0.000000,NULL,NULL,NULL,NULL,NULL,3.648204,1.640308,174.570000
0,1,1,679.330340,407.895812,0.000000,NULL,NULL,NULL,NULL,NULL,3.429309,2.059088,174.570000
0,1,1,-217.356852,813.458135,0.000000,NULL,NULL,NULL,NULL,NULL,-1.032578,3.864425,174.570000
0,1,1,250.264813,-449.794649,0.000000,NULL,NULL,NULL,NULL,NULL,1.944821,-3.495378,174.570000
0,1,1,705.423846,157.675984,0.000000,NULL,NULL,NULL,NULL,NULL,3.903673,0.872547,174.570000
0,1,1,135.503515,831.021622,0.000000,NULL,NULL,NULL,NULL,NULL,0.643725,3.947863,174.570000
0,1,1,-73.189622,838.809524,0.000000,NULL,NULL,NULL,NULL,NULL,-0.347696,3.984860,174.570000
0,1,1,-136.451823,-496.315023,0.000000,NULL,NULL,NULL,NULL,NULL,-1.060374,-3.856891,174.570000
0,1,1,694.947957,94.727690,0.000000,NULL,NULL,NULL,NULL,NULL,3.963350,0.540240,174.570000
0,1,1,514.907858,-273.585781,0.000000,NULL,NULL,NULL,NULL,NULL,3.532346,-1.876840,174.570000
0,1,1,105.673866,-471.646910,0.000000,NULL,NULL,NULL,NULL,NULL,0.874530,-3.903229,174.570000
0,1,1,-10.468602,841.931439,0.000000,NULL,NULL,NULL,NULL,NULL,-0.049732,3.999691,174.570000
0,1,1,231.919044,-441.374196,0.000000,NULL,NULL,NULL,NULL,NULL,1.860578,-3.540939,174.570000
0,1,1,10.468602,841.931439,0.000000,NULL,NULL,NULL,NULL,NULL,0.049732,3.999691,174.570000
0,1,1,638.571005,32.623171,0.000000,NULL,NULL,NULL,NULL,NULL,3.994790,0.204085,174.570000
0,1,1,679.058784,-34.167428,0.000000,NULL,NULL,NULL,NULL,NULL,3.994946,-0.201009,174.570000
0,1,1,-120.626437,-483.783925,0.000000,NULL,NULL,NULL,NULL,NULL,-0.967730,-3.881172,174.570000
0,1,1,-176.648602,823.257803,0.000000,NULL,NULL,NULL,NULL,NULL,-0.839189,3.910980,174.570000
0,1,1,-353.227266,-440.982623,0.000000,NULL,NULL,NULL,NULL,NULL,-2.500684,-3.121951,174.570000
0,1,1,447.733197,-344.630469,0.000000,NULL,NULL,NULL,NULL,NULL,3.169742,-2.439823,174.570000
0,1,1,-632.071212,-96.556629,0.000000,NULL,NULL,NULL,NULL,NULL,-3.954129,-0.604042,174.570000
0,1,1,-13.947280,-483.138952,0.000000,NULL,NULL,NULL,NULL,NULL,-0.115424,-3.998334,174.570000
0,1,1,128.130406,-466.047608,0.000000,NULL,NULL,NULL,NULL,NULL,1.060374,-3.856891,174.570000
0,1,1,-658.289009,-170.128848,0.000000,NULL,NULL,NULL,NULL,NULL,-3.872756,-1.000879,174.570000
0,1,1,-94.023339,836.730393,0.000000,NULL,NULL,NULL,NULL,NULL,-0.446669,3.974983,174.570000
0,1,1,369.983664,-380.697451,0.000000,NULL,NULL,NULL,NULL,NULL,2.787776,-2.868503,174.570000
0,1,1,114.798918,834.133890,0.000000,NULL,NULL,NULL,NULL,NULL,0.545365,3.962648,174.570000
0,1,1,150.293164,-459.379733,0.000000,NULL,NULL,NULL,NULL,NULL,1.243788,-3.801709,174.570000
0,1,1,-37.059100,-481.917417,0.000000,NULL,NULL,NULL,NULL,NULL,-0.306692,-3.988225,174.570000
0,1,1,-738.731393,100.695768,0.000000,NULL,NULL,NULL,NULL,NULL,-3.963350,0.540240,174.570000
0,1,1,659.660754,0.253947,0.000000,NULL,NULL,NULL,NULL,NULL,4.000000,0.001540,174.570000
0,1,1,271.509525,-437.298845,0.000000,NULL,NULL,NULL,NULL,NULL,2.109915,-3.398273,174.570000
0,1,1,-269.142243,-457.581593,0.000000,NULL,NULL,NULL,NULL,NULL,-2.027950,-3.447814,174.570000
0,1,1,-743.706064,192.815084,0.000000,NULL,NULL,NULL,NULL,NULL,-3.871985,1.003860,174.570000
0,1,1,-197.063652,818.611053,0.000000,NULL,NULL,NULL,NULL,NULL,-0.936173,3.888905,174.570000
0,1,1,-738.219063,287.925891,0.000000,NULL,NULL,NULL,NULL,NULL,-3.726583,1.453471,174.570000
0,1,1,-160.053939,-489.214103,0.000000,NULL,NULL,NULL,NULL,NULL,-1.243788,-3.801709,174.570000
0,1,1,426.078803,-344.517389,0.000000,NULL,NULL,NULL,NULL,NULL,3.110420,-2.515013,174.570000
0,1,1,-332.217476,-435.737223,0.000000,NULL,NULL,NULL,NULL,NULL,-2.425222,-3.180927,174.570000
0,1,1,252.781702,-429.766256,0.000000,NULL,NULL,NULL,NULL,NULL,2.027950,-3.447814,174.570000
0,1,1,-143.646833,-477.454931,0.000000,NULL,NULL,NULL,NULL,NULL,-1.152411,-3.830398,174.570000
0,1,1,-60.085950,-479.590922,0.000000,NULL,NULL,NULL,NULL,NULL,-0.497256,-3.968972,174.570000
0,1,1,-646.215162,-132.507886,0.000000,NULL,NULL,NULL,NULL,NULL,-3.918469,-0.803491,174.570000
0,1,1,172.111323,-451.658573,0.000000,NULL,NULL,NULL,NULL,NULL,1.424349,-3.737811,174.570000
0,1,1,-135.503515,831.021622,0.000000,NULL,NULL,NULL,NULL,NULL,-0.643725,3.947863,174.570000
0,1,1,52.310650,840.369999,0.000000,NULL,NULL,NULL,NULL,NULL,0.248508,3.992273,174.570000
0,1,1,-721.889468,36.879725,0.000000,NULL,NULL,NULL,NULL,NULL,-3.994790,0.204085,174.570000
0,1,1,240.035821,780.387233,0.000000,NULL,NULL,NULL,NULL,NULL,1.175970,3.823231,174.570000
0,1,1,703.351894,247.305119,0.000000,NULL,NULL,NULL,NULL,NULL,3.773536,1.326811,174.570000
0,1,1,-700.983485,-23.412661,0.000000,NULL,NULL,NULL,NULL,NULL,-3.997771,-0.133524,174.570000
0,1,1,31.399334,841.410851,0.000000,NULL,NULL,NULL,NULL,NULL,0.149166,3.997218,174.570000
0,1,1,-453.403870,-366.611801,0.000000,NULL,NULL,NULL,NULL,NULL,-3.110420,-2.515013,174.570000
0,1,1,13.947280,-483.138952,0.000000,NULL,NULL,NULL,NULL,NULL,0.115424,-3.998334,174.570000
0,1,1,-114.798918,834.133890,0.000000,NULL,NULL,NULL,NULL,NULL,-0.545365,3.962648,174.570000
0,1,1,665.170009,430.601396,0.000000,NULL,NULL,NULL,NULL,NULL,3.357826,2.173707,174.570000
0,1,1,689.685783,338.540820,0.000000,NULL,NULL,NULL,NULL,NULL,3.590737,1.762558,174.570000
0,1,1,-705.939957,410.207515,0.000000,NULL,NULL,NULL,NULL,NULL,-3.458503,2.009666,174.570000
0,1,1,-82.975032,-476.164801,0.000000,NULL,NULL,NULL,NULL,NULL,-0.686680,-3.940618,174.570000
0,1,1,-31.399334,841.410851,0.000000,NULL,NULL,NULL,NULL,NULL,-0.149166,3.997218,174.570000
0,1,1,-52.310650,840.369999,0.000000,NULL,NULL,NULL,NULL,NULL,-0.248508,3.992273,174.570000
0,1,1,-373.932110,-423.568120,0.000000,NULL,NULL,NULL,NULL,NULL,-2.647265,-2.998665,174.570000
0,1,1,193.534859,-442.901831,0.000000,NULL,NULL,NULL,NULL,NULL,1.601645,-3.665342,174.570000
0,1,1,292.131710,-423.800385,0.000000,NULL,NULL,NULL,NULL,NULL,2.270171,-3.293376,174.570000
0,1,1,273.064773,-417.172930,0.000000,NULL,NULL,NULL,NULL,NULL,2.190671,-3.346784,174.570000
0,1,1,699.697526,181.405321,0.000000,NULL,NULL,NULL,NULL,NULL,3.871985,1.003860,174.570000
0,1,1,-183.289076,-480.991494,0.000000,NULL,NULL,NULL,NULL,NULL,-1.424349,-3.737811,174.570000
0,1,1,-728.076041,312.688315,0.000000,NULL,NULL,NULL,NULL,NULL,-3.675381,1.578473,174.570000
0,1,1,691.353115,118.139194,0.000000,NULL,NULL,NULL,NULL,NULL,3.942848,0.673758,174.570000
0,1,1,637.105323,54.166472,0.000000,NULL,NULL,NULL,NULL,NULL,3.985621,0.338856,174.570000
0,1,1,-634.971105,-75.159137,0.000000,NULL,NULL,NULL,NULL,NULL,-3.972270,-0.470183,174.570000
0,1,1,-166.337870,-470.031208,0.000000,NULL,NULL,NULL,NULL,NULL,-1.334451,-3.770841,174.570000
0,1,1,610.950089,541.628486,0.000000,NULL,NULL,NULL,NULL,NULL,2.993134,2.653517,174.570000
0,1,1,679.825257,-11.218936,0.000000,NULL,NULL,NULL,NULL,NULL,3.999455,-0.066002,174.570000
0,1,1,463.717330,-322.802438,0.000000,NULL,NULL,NULL,NULL,NULL,3.282902,-2.285291,174.570000
0,1,1,-548.465230,-246.093915,0.000000,NULL,NULL,NULL,NULL,NULL,-3.649465,-1.637499,174.570000
0,1,1,527.414079,-248.623553,0.000000,NULL,NULL,NULL,NULL,NULL,3.618141,-1.705595,174.570000
0,1,1,-663.658182,-147.804136,0.000000,NULL,NULL,NULL,NULL,NULL,-3.904343,-0.869541,174.570000
0,1,1,-290.738075,-444.173202,0.000000,NULL,NULL,NULL,NULL,NULL,-2.190671,-3.346784,174.570000
0,1,1,387.783454,-362.549933,0.000000,NULL,NULL,NULL,NULL,NULL,2.921895,-2.731764,174.570000
0,1,1,-611.492576,-104.008044,0.000000,NULL,NULL,NULL,NULL,NULL,-3.943366,-0.670722,174.570000
0,1,1,386.808204,173.424868,0.000000,NULL,NULL,NULL,NULL,NULL,3.649938,1.636444,174.570000
0,1,1,-352.695309,-419.334470,0.000000,NULL,NULL,NULL,NULL,NULL,-2.574712,-3.061185,174.570000
0,1,1,214.514650,-433.129587,0.000000,NULL,NULL,NULL,NULL,NULL,1.775268,-3.584470,174.570000
0,1,1,554.144860,599.620632,0.000000,NULL,NULL,NULL,NULL,NULL,2.714836,2.937629,174.570000
0,1,1,-240.035821,780.387233,0.000000,NULL,NULL,NULL,NULL,NULL,-1.175970,3.823231,174.570000
0,1,1,-734.910067,125.582255,0.000000,NULL,NULL,NULL,NULL,NULL,-3.942848,0.673758,174.570000
0,1,1,659.276022,22.527820,0.000000,NULL,NULL,NULL,NULL,NULL,3.997667,0.136602,174.570000
0,1,1,-650.320915,-110.612310,0.000000,NULL,NULL,NULL,NULL,NULL,-3.943366,-0.670722,174.570000
0,1,1,-105.673866,-471.646910,0.000000,NULL,NULL,NULL,NULL,NULL,-0.874530,-3.903229,174.570000
0,1,1,-736.771412,217.817016,0.000000,NULL,NULL,NULL,NULL,NULL,-3.835880,1.134029,174.570000
0,1,1,442.082348,-323.726081,0.000000,NULL,NULL,NULL,NULL,NULL,3.227247,-2.363234,174.570000
0,1,1,507.913181,639.253963,0.000000,NULL,NULL,NULL,NULL,NULL,2.488341,3.131798,174.570000
0,1,1,650.251080,452.815897,0.000000,NULL,NULL,NULL,NULL,NULL,3.282515,2.285847,174.570000
0,1,1,312.084083,-409.330218,0.000000,NULL,NULL,NULL,NULL,NULL,2.425222,-3.180927,174.570000
0,1,1,-701.374312,0.270005,0.000000,NULL,NULL,NULL,NULL,NULL,-4.000000,0.001540,174.570000
0,1,1,292.721749,-403.623093,0.000000,NULL,NULL,NULL,NULL,NULL,2.348370,-3.238080,174.570000
0,1,1,-188.647520,-461.529779,0.000000,NULL,NULL,NULL,NULL,NULL,-1.513431,-3.702638,174.570000
0,1,1,-206.103961,-471.666047,0.000000,NULL,NULL,NULL,NULL,NULL,-1.601645,-3.665342,174.570000
0,1,1,235.002593,-422.364245,0.000000,NULL,NULL,NULL,NULL,NULL,1.944821,-3.495378,174.570000
0,1,1,-720.232550,61.233920,0.000000,NULL,NULL,NULL,NULL,NULL,-3.985621,0.338856,174.570000
0,1,1,694.600351,270.913385,0.000000,NULL,NULL,NULL,NULL,NULL,3.726583,1.453471,174.570000
0,1,1,570.543438,-189.358150,0.000000,NULL,NULL,NULL,NULL,NULL,3.796373,-1.259981,174.570000
0,1,1,47.052943,-465.713861,0.000000,NULL,NULL,NULL,NULL,NULL,0.402089,-3.979739,174.570000
0,1,1,618.844259,42.102586,0.000000,NULL,NULL,NULL,NULL,NULL,3.990775,0.271509,174.570000
0,1,1,69.292673,-462.927538,0.000000,NULL,NULL,NULL,NULL,NULL,0.592138,-3.955929,174.570000
0,1,1,91.373526,-459.079796,0.000000,NULL,NULL,NULL,NULL,NULL,0.780829,-3.923048,174.570000
0,1,1,141.404065,804.130785,0.000000,NULL,NULL,NULL,NULL,NULL,0.692759,3.939554,174.570000
0,1,1,-128.130406,-466.047608,0.000000,NULL,NULL,NULL,NULL,NULL,-1.060374,-3.856891,174.570000
0,1,1,-393.779587,-405.182443,0.000000,NULL,NULL,NULL,NULL,NULL,-2.787776,-2.868503,174.570000
0,1,1,677.861380,361.635613,0.000000,NULL,NULL,NULL,NULL,NULL,3.529175,1.882797,174.570000
0,1,1,24.705328,-467.432377,0.000000,NULL,NULL,NULL,NULL,NULL,0.211118,-3.994425,174.570000
0,1,1,-470.433746,-344.487115,0.000000,NULL,NULL,NULL,NULL,NULL,-3.227247,-2.363234,174.570000
0,1,1,686.969812,141.415965,0.000000,NULL,NULL,NULL,NULL,NULL,3.917850,0.806508,174.570000
0,1,1,-717.102678,337.094130,0.000000,NULL,NULL,NULL,NULL,NULL,-3.619986,1.701676,174.570000
0,1,1,-637.146839,-53.675928,0.000000,NULL,NULL,NULL,NULL,NULL,-3.985881,-0.335787,174.570000
0,1,1,634.913049,75.647999,0.000000,NULL,NULL,NULL,NULL,NULL,3.971907,0.473241,174.570000
0,1,1,-614.655807,-83.301158,0.000000,NULL,NULL,NULL,NULL,NULL,-3.963764,-0.537189,174.570000
0,1,1,-668.270479,-125.310859,0.000000,NULL,NULL,NULL,NULL,NULL,-3.931478,-0.737212,174.570000
0,1,1,693.173230,204.927772,0.000000,NULL,NULL,NULL,NULL,NULL,3.835880,1.134029,174.570000
0,1,1,-311.667290,-429.746392,0.000000,NULL,NULL,NULL,NULL,NULL,-2.348370,-3.238080,174.570000
0,1,1,-730.250606,150.325520,0.000000,NULL,NULL,NULL,NULL,NULL,-3.917850,0.806508,174.570000
0,1,1,404.694117,-343.571146,0.000000,NULL,NULL,NULL,NULL,NULL,3.049314,-2.588761,174.570000
0,1,1,-510.324748,-317.718391,0.000000,NULL,NULL,NULL,NULL,NULL,-3.395680,-2.114085,174.570000
0,1,1,679.816418,11.742351,0.000000,NULL,NULL,NULL,NULL,NULL,3.999403,0.069081,174.570000
0,1,1,254.951712,-410.630489,0.000000,NULL,NULL,NULL,NULL,NULL,2.109915,-3.398273,174.570000
0,1,1,-487.446504,351.812776,0.000000,NULL,NULL,NULL,NULL,NULL,-3.243449,2.340948,174.570000
0,1,1,113.244874,-454.179456,0.000000,NULL,NULL,NULL,NULL,NULL,0.967730,-3.881172,174.570000
0,1,1,-372.364468,-401.970249,0.000000,NULL,NULL,NULL,NULL,NULL,-2.718299,-2.934425,174.570000
0,1,1,478.638233,-300.234272,0.000000,NULL,NULL,NULL,NULL,NULL,3.388535,-2.125518,174.570000
0,1,1,331.320897,-393.921522,0.000000,NULL,NULL,NULL,NULL,NULL,2.574712,-3.061185,174.570000
0,1,1,311.707561,-389.147813,0.000000,NULL,NULL,NULL,NULL,NULL,2.500684,-3.121951,174.570000
0,1,1,134.856569,-448.237756,0.000000,NULL,NULL,NULL,NULL,NULL,1.152411,-3.830398,174.570000
0,1,1,-24.705328,-467.432377,0.000000,NULL,NULL,NULL,NULL,NULL,-0.211118,-3.994425,174.570000
0,1,1,-150.293164,-459.379733,0.000000,NULL,NULL,NULL,NULL,NULL,-1.243788,-3.801709,174.570000
0,1,1,-228.446282,-461.259145,0.000000,NULL,NULL,NULL,NULL,NULL,-1.775268,-3.584470,174.570000
0,1,1,-210.524632,-451.970135,0.000000,NULL,NULL,NULL,NULL,NULL,-1.688941,-3.625945,174.570000
0,1,1,538.711024,-223.091270,0.000000,NULL,NULL,NULL,NULL,NULL,3.695640,-1.530440,174.570000
0,1,1,-653.685003,-88.590586,0.000000,NULL,NULL,NULL,NULL,NULL,-3.963764,-0.537189,174.570000
0,1,1,-728.996503,242.570536,0.000000,NULL,NULL,NULL,NULL,NULL,-3.795402,1.262904,174.570000
0,1,1,658.139412,44.776001,0.000000,NULL,NULL,NULL,NULL,NULL,3.990775,0.271509,174.570000
0,1,1,-47.052943,-465.713861,0.000000,NULL,NULL,NULL,NULL,NULL,-0.402089,-3.979739,174.570000
0,1,1,634.590566,474.513980,0.000000,NULL,NULL,NULL,NULL,NULL,3.203459,2.395381,174.570000
0,1,1,156.159060,-441.268317,0.000000,NULL,NULL,NULL,NULL,NULL,1.334451,-3.770841,174.570000
0,1,1,457.072269,-302.192520,0.000000,NULL,NULL,NULL,NULL,NULL,3.336675,-2.206037,174.570000
0,1,1,-617.118048,-62.499271,0.000000,NULL,NULL,NULL,NULL,NULL,-3.979643,-0.403042,174.570000
0,1,1,685.056643,294.212686,0.000000,NULL,NULL,NULL,NULL,NULL,3.675381,1.578473,174.570000
0,1,1,-700.965251,23.952363,0.000000,NULL,NULL,NULL,NULL,NULL,-3.997667,0.136602,174.570000
0,1,1,617.069745,62.974391,0.000000,NULL,NULL,NULL,NULL,NULL,3.979331,0.406106,174.570000
0,1,1,177.103503,-433.287121,0.000000,NULL,NULL,NULL,NULL,NULL,1.513431,-3.702638,174.570000
0,1,1,274.316268,-397.955223,0.000000,NULL,NULL,NULL,NULL,NULL,2.270171,-3.293376,174.570000
0,1,1,-717.754236,85.518279,0.000000,NULL,NULL,NULL,NULL,NULL,-3.971907,0.473241,174.570000
0,1,1,-423.887374,-4.033020,0.000000,NULL,NULL,NULL,NULL,NULL,-3.999819,-0.038056,174.570000
0,1,1,-69.292673,-462.927538,0.000000,NULL,NULL,NULL,NULL,NULL,-0.592138,-3.955929,174.570000
0,1,1,614.591489,83.774377,0.000000,NULL,NULL,NULL,NULL,NULL,3.963350,0.540240,174.570000
0,1,1,-705.311489,361.115503,0.000000,NULL,NULL,NULL,NULL,NULL,-3.560463,1.822937,174.570000
0,1,1,-638.595933,-32.131505,0.000000,NULL,NULL,NULL,NULL,NULL,-3.994946,-0.201009,174.570000
0,1,1,665.263903,384.317975,0.000000,NULL,NULL,NULL,NULL,NULL,3.463588,2.000889,174.570000
0,1,1,-172.111323,-451.658573,0.000000,NULL,NULL,NULL,NULL,NULL,-1.424349,-3.737811,174.570000
0,1,1,-661.715737,478.282042,0.000000,NULL,NULL,NULL,NULL,NULL,-3.241842,2.343173,174.570000
0,1,1,349.798045,-377.609626,0.000000,NULL,NULL,NULL,NULL,NULL,2.718299,-2.934425,174.570000
0,1,1,-331.881902,-414.334242,0.000000,NULL,NULL,NULL,NULL,NULL,-2.500684,-3.121951,174.570000
0,1,1,329.978677,-373.780278,0.000000,NULL,NULL,NULL,NULL,NULL,2.647265,-2.998665,174.570000
0,1,1,-618.876491,-41.626106,0.000000,NULL,NULL,NULL,NULL,NULL,-3.990983,-0.268437,174.570000
0,1,1,-231.919044,-441.374196,0.000000,NULL,NULL,NULL,NULL,NULL,-1.860578,-3.540939,174.570000
0,1,1,631.996683,97.043252,0.000000,NULL,NULL,NULL,NULL,NULL,3.953662,0.607086,174.570000
0,1,1,681.803049,164.531458,0.000000,NULL,NULL,NULL,NULL,NULL,3.888383,0.938337,174.570000
0,1,1,-412.724190,-385.867747,0.000000,NULL,NULL,NULL,NULL,NULL,-2.921895,-2.731764,174.570000
0,1,1,-672.120641,-102.674671,0.000000,NULL,NULL,NULL,NULL,NULL,-3.954129,-0.604042,174.570000
0,1,1,-250.264813,-449.794649,0.000000,NULL,NULL,NULL,NULL,NULL,-1.944821,-3.495378,174.570000
0,1,1,-60.691083,419.539466,0.000000,NULL,NULL,NULL,NULL,NULL,-0.572684,3.958792,174.570000
0,1,1,197.641876,-424.312466,0.000000,NULL,NULL,NULL,NULL,NULL,1.688941,-3.625945,174.570000
0,1,1,420.676881,-323.804605,0.000000,NULL,NULL,NULL,NULL,NULL,3.169742,-2.439823,174.570000
0,1,1,-141.404065,804.130785,0.000000,NULL,NULL,NULL,NULL,NULL,-0.692759,3.939554,174.570000
0,1,1,-724.758324,174.897346,0.000000,NULL,NULL,NULL,NULL,NULL,-3.888383,0.938337,174.570000
0,1,1,-91.373526,-459.079796,0.000000,NULL,NULL,NULL,NULL,NULL,-0.780829,-3.923048,174.570000
0,1,1,-486.384993,-321.572575,0.000000,NULL,NULL,NULL,NULL,NULL,-3.336675,-2.206037,174.570000
0,1,1,685.858398,228.216512,0.000000,NULL,NULL,NULL,NULL,NULL,3.795402,1.262904,174.570000
0,1,1,679.032276,34.690247,0.000000,NULL,NULL,NULL,NULL,NULL,3.994790,0.204085,174.570000
0,1,1,-391.179854,-383.684375,0.000000,NULL,NULL,NULL,NULL,NULL,-2.855654,-2.800936,174.570000
0,1,1,492.461695,-276.977716,0.000000,NULL,NULL,NULL,NULL,NULL,3.486399,-1.960873,174.570000
0,1,1,-656.303591,-66.467827,0.000000,NULL,NULL,NULL,NULL,NULL,-3.979643,-0.403042,174.570000
0,1,1,293.051860,-384.367508,0.000000,NULL,NULL,NULL,NULL,NULL,2.425222,-3.180927,174.570000
0,1,1,-720.390203,267.047415,0.000000,NULL,NULL,NULL,NULL,NULL,-3.750594,1.390339,174.570000
0,1,1,618.206327,495.670899,0.000000,NULL,NULL,NULL,NULL,NULL,3.120750,2.502183,174.570000
0,1,1,217.727088,-414.364930,0.000000,NULL,NULL,NULL,NULL,NULL,1.860578,-3.540939,174.570000
0,1,1,-193.534859,-442.901831,0.000000,NULL,NULL,NULL,NULL,NULL,-1.601645,-3.665342,174.570000
0,1,1,656.252221,66.973117,0.000000,NULL,NULL,NULL,NULL,NULL,3.979331,0.406106,174.570000
0,1,1,60.691083,419.539466,0.000000,NULL,NULL,NULL,NULL,NULL,0.572684,3.958792,174.570000
0,1,1,674.731657,317.176449,0.000000,NULL,NULL,NULL,NULL,NULL,3.619986,1.701676,174.570000
0,1,1,471.014195,-279.966080,0.000000,NULL,NULL,NULL,NULL,NULL,3.438453,-2.043782,174.570000
0,1,1,548.772790,-197.047475,0.000000,NULL,NULL,NULL,NULL,NULL,3.764665,-1.351776,174.570000
0,1,1,391.651482,-162.190901,0.000000,NULL,NULL,NULL,NULL,NULL,3.695640,-1.530440,174.570000
0,1,1,-2.301067,-468.079144,0.000000,NULL,NULL,NULL,NULL,NULL,-0.019664,-3.999952,174.570000
0,1,1,347.493205,-357.555725,0.000000,NULL,NULL,NULL,NULL,NULL,2.787776,-2.868503,174.570000
0,1,1,-113.244874,-454.179456,0.000000,NULL,NULL,NULL,NULL,NULL,-0.967730,-3.881172,174.570000
0,1,1,-699.756767,47.607405,0.000000,NULL,NULL,NULL,NULL,NULL,-3.990775,0.271509,174.570000
0,1,1,77.878999,-446.920442,0.000000,NULL,NULL,NULL,NULL,NULL,0.686680,-3.940618,174.570000
0,1,1,56.395684,-450.136143,0.000000,NULL,NULL,NULL,NULL,NULL,0.497256,-3.968972,174.570000
0,1,1,-692.715921,384.725039,0.000000,NULL,NULL,NULL,NULL,NULL,-3.496880,1.942120,174.570000
0,1,1,367.473162,-360.431932,0.000000,NULL,NULL,NULL,NULL,NULL,2.855654,-2.800936,174.570000
0,1,1,34.783061,-452.319753,0.000000,NULL,NULL,NULL,NULL,NULL,0.306692,-3.988225,174.570000
0,1,1,-252.781702,-429.766256,0.000000,NULL,NULL,NULL,NULL,NULL,-2.027950,-3.447814,174.570000
0,1,1,99.183751,-442.680024,0.000000,NULL,NULL,NULL,NULL,NULL,0.874530,-3.903229,174.570000
0,1,1,-639.316735,-10.550437,0.000000,NULL,NULL,NULL,NULL,NULL,-3.999455,-0.066002,174.570000
0,1,1,-271.509525,-437.298845,0.000000,NULL,NULL,NULL,NULL,NULL,-2.109915,-3.398273,174.570000
0,1,1,-351.335561,-397.972090,0.000000,NULL,NULL,NULL,NULL,NULL,-2.647265,-2.998665,174.570000
0,1,1,-714.457352,109.705109,0.000000,NULL,NULL,NULL,NULL,NULL,-3.953662,0.607086,174.570000
0,1,1,237.313086,-403.467321,0.000000,NULL,NULL,NULL,NULL,NULL,2.027950,-3.447814,174.570000
0,1,1,120.261090,-437.424611,0.000000,NULL,NULL,NULL,NULL,NULL,1.060374,-3.856891,174.570000
0,1,1,651.907720,406.562039,0.000000,NULL,NULL,NULL,NULL,NULL,3.394051,2.116699,174.570000
0,1,1,311.115530,-369.898501,0.000000,NULL,NULL,NULL,NULL,NULL,2.574712,-3.061185,174.570000
0,1,1,141.062689,-431.166253,0.000000,NULL,NULL,NULL,NULL,NULL,1.243788,-3.801709,174.570000
0,1,1,628.359550,118.327832,0.000000,NULL,NULL,NULL,NULL,NULL,3.930909,0.740239,174.570000
0,1,1,-13.090687,-453.466266,0.000000,NULL,NULL,NULL,NULL,NULL,-0.115424,-3.998334,174.570000
0,1,1,-134.856569,-448.237756,0.000000,NULL,NULL,NULL,NULL,NULL,-1.152411,-3.830398,174.570000
0,1,1,435.695101,-303.295632,0.000000,NULL,NULL,NULL,NULL,NULL,3.282902,-2.285291,174.570000
0,1,1,-675.204278,-79.921386,0.000000,NULL,NULL,NULL,NULL,NULL,-3.972270,-0.470183,174.570000
0,1,1,-214.514650,-433.129587,0.000000,NULL,NULL,NULL,NULL,NULL,-1.775268,-3.584470,174.570000
0,1,1,675.858718,187.459309,0.000000,NULL,NULL,NULL,NULL,NULL,3.854482,1.069097,174.570000
0,1,1,-718.439484,199.269708,0.000000,NULL,NULL,NULL,NULL,NULL,-3.854482,1.069097,174.570000
0,1,1,-430.722483,-365.668318,0.000000,NULL,NULL,NULL,NULL,NULL,-3.049314,-2.588761,174.570000
0,1,1,421.387746,428.729159,0.000000,NULL,NULL,NULL,NULL,NULL,2.803897,2.852746,174.570000
0,1,1,-507.913181,639.253963,0.000000,NULL,NULL,NULL,NULL,NULL,-2.488341,3.131798,174.570000
0,1,1,677.761373,251.244980,0.000000,NULL,NULL,NULL,NULL,NULL,3.750594,1.390339,174.570000
0,1,1,161.540854,-423.919300,0.000000,NULL,NULL,NULL,NULL,NULL,1.424349,-3.737811,174.570000
0,1,1,-34.783061,-452.319753,0.000000,NULL,NULL,NULL,NULL,NULL,-0.306692,-3.988225,174.570000
0,1,1,601.117050,516.262526,0.000000,NULL,NULL,NULL,NULL,NULL,3.034482,2.606131,174.570000
0,1,1,-658.173691,-44.269265,0.000000,NULL,NULL,NULL,NULL,NULL,-3.990983,-0.268437,174.570000
0,1,1,256.354963,-391.644626,0.000000,NULL,NULL,NULL,NULL,NULL,2.190671,-3.346784,174.570000
0,1,1,677.473725,57.598579,0.000000,NULL,NULL,NULL,NULL,NULL,3.985621,0.338856,174.570000
0,1,1,-710.962328,291.219737,0.000000,NULL,NULL,NULL,NULL,NULL,-3.701510,1.516188,174.570000
0,1,1,-501.221035,-297.920720,0.000000,NULL,NULL,NULL,NULL,NULL,-3.438453,-2.043782,174.570000
0,1,1,-409.098327,-364.518774,0.000000,NULL,NULL,NULL,NULL,NULL,-2.986460,-2.661025,174.570000
0,1,1,505.156020,-253.086095,0.000000,NULL,NULL,NULL,NULL,NULL,3.576269,-1.791731,174.570000
0,1,1,-273.064773,-417.172930,0.000000,NULL,NULL,NULL,NULL,NULL,-2.190671,-3.346784,174.570000
0,1,1,611.412316,104.478821,0.000000,NULL,NULL,NULL,NULL,NULL,3.942848,0.673758,174.570000
0,1,1,-56.395684,-450.136143,0.000000,NULL,NULL,NULL,NULL,NULL,-0.497256,-3.968972,174.570000
0,1,1,653.616601,89.093852,0.000000,NULL,NULL,NULL,NULL,NULL,3.963350,0.540240,174.570000
0,1,1,181.648632,-415.700367,0.000000,NULL,NULL,NULL,NULL,NULL,1.601645,-3.665342,174.570000
0,1,1,663.637167,339.778486,0.000000,NULL,NULL,NULL,NULL,NULL,3.560463,1.822937,174.570000
0,1,1,-156.159060,-441.268317,0.000000,NULL,NULL,NULL,NULL,NULL,-1.334451,-3.770841,174.570000
0,1,1,-619.929131,-20.705467,0.000000,NULL,NULL,NULL,NULL,NULL,-3.997771,-0.133524,174.570000
0,1,1,328.465863,-354.581374,0.000000,NULL,NULL,NULL,NULL,NULL,2.718299,-2.934425,174.570000
0,1,1,-679.330340,407.895812,0.000000,NULL,NULL,NULL,NULL,NULL,-3.429309,2.059088,174.570000
0,1,1,637.808063,428.342435,0.000000,NULL,NULL,NULL,NULL,NULL,3.320644,2.230095,174.570000
0,1,1,364.210986,-340.511353,0.000000,NULL,NULL,NULL,NULL,NULL,2.921895,-2.731764,174.570000
0,1,1,-639.308423,11.042664,0.000000,NULL,NULL,NULL,NULL,NULL,-3.999403,0.069081,174.570000
0,1,1,384.305721,-342.427825,0.000000,NULL,NULL,NULL,NULL,NULL,2.986460,-2.661025,174.570000
0,1,1,483.876161,-257.097722,0.000000,NULL,NULL,NULL,NULL,NULL,3.532346,-1.876840,174.570000
0,1,1,-292.131710,-423.800385,0.000000,NULL,NULL,NULL,NULL,NULL,-2.270171,-3.293376,174.570000
0,1,1,586.769965,-130.680266,0.000000,NULL,NULL,NULL,NULL,NULL,3.904343,-0.869541,174.570000
0,1,1,-369.983664,-380.697451,0.000000,NULL,NULL,NULL,NULL,NULL,-2.787776,-2.868503,174.570000
0,1,1,-697.750240,71.208152,0.000000,NULL,NULL,NULL,NULL,NULL,-3.979331,0.406106,174.570000
0,1,1,-77.878999,-446.920442,0.000000,NULL,NULL,NULL,NULL,NULL,-0.686680,-3.940618,174.570000
0,1,1,-235.002593,-422.364245,0.000000,NULL,NULL,NULL,NULL,NULL,-1.944821,-3.495378,174.570000
0,1,1,-710.345659,133.766824,0.000000,NULL,NULL,NULL,NULL,NULL,-3.930909,0.740239,174.570000
0,1,1,201.339918,-406.528299,0.000000,NULL,NULL,NULL,NULL,NULL,1.775268,-3.584470,174.570000
0,1,1,557.576307,-170.551881,0.000000,NULL,NULL,NULL,NULL,NULL,3.825058,-1.170012,174.570000
0,1,1,274.809058,-378.923952,0.000000,NULL,NULL,NULL,NULL,NULL,2.348370,-3.238080,174.570000
0,1,1,-386.808204,173.424868,0.000000,NULL,NULL,NULL,NULL,NULL,-3.649938,1.636444,174.570000
0,1,1,-700.723629,315.059935,0.000000,NULL,NULL,NULL,NULL,NULL,-3.648204,1.640308,174.570000
0,1,1,-554.144860,599.620632,0.000000,NULL,NULL,NULL,NULL,NULL,-2.714836,2.937629,174.570000
0,1,1,624.005799,139.477463,0.000000,NULL,NULL,NULL,NULL,NULL,3.903673,0.872547,174.570000
0,1,1,-610.950089,541.628486,0.000000,NULL,NULL,NULL,NULL,NULL,-2.993134,2.653517,174.570000
0,1,1,-619.913006,21.182764,0.000000,NULL,NULL,NULL,NULL,NULL,-3.997667,0.136602,174.570000
0,1,1,-177.103503,-433.287121,0.000000,NULL,NULL,NULL,NULL,NULL,-1.513431,-3.702638,174.570000
0,1,1,-711.301294,223.414811,0.000000,NULL,NULL,NULL,NULL,NULL,-3.816185,1.198637,174.570000
0,1,1,-677.517871,-57.076954,0.000000,NULL,NULL,NULL,NULL,NULL,-3.985881,-0.335787,174.570000
0,1,1,-620.274768,0.238785,0.000000,NULL,NULL,NULL,NULL,NULL,-4.000000,0.001540,174.570000
0,1,1,449.714340,-282.091250,0.000000,NULL,NULL,NULL,NULL,NULL,3.388535,-2.125518,174.570000
0,1,1,583.342223,536.265377,0.000000,NULL,NULL,NULL,NULL,NULL,2.944754,2.707106,174.570000
0,1,1,-99.183751,-442.680024,0.000000,NULL,NULL,NULL,NULL,NULL,-0.874530,-3.903229,174.570000
0,1,1,669.143597,210.173370,0.000000,NULL,NULL,NULL,NULL,NULL,3.816185,1.198637,174.570000
0,1,1,220.569564,-396.424126,0.000000,NULL,NULL,NULL,NULL,NULL,1.944821,-3.495378,174.570000
0,1,1,-447.733197,-344.630469,0.000000,NULL,NULL,NULL,NULL,NULL,-3.169742,-2.439823,174.570000
0,1,1,-659.293171,-22.020216,0.000000,NULL,NULL,NULL,NULL,NULL,-3.997771,-0.133524,174.570000
0,1,1,668.891389,273.986914,0.000000,NULL,NULL,NULL,NULL,NULL,3.701510,1.516188,174.570000
0,1,1,675.142544,80.441223,0.000000,NULL,NULL,NULL,NULL,NULL,3.971907,0.473241,174.570000
0,1,1,345.063075,-338.451249,0.000000,NULL,NULL,NULL,NULL,NULL,2.855654,-2.800936,174.570000
0,1,1,292.633061,-365.334466,0.000000,NULL,NULL,NULL,NULL,NULL,2.500684,-3.121951,174.570000
0,1,1,-292.721749,-403.623093,0.000000,NULL,NULL,NULL,NULL,NULL,-2.348370,-3.238080,174.570000
0,1,1,-665.170009,430.601396,0.000000,NULL,NULL,NULL,NULL,NULL,-3.357826,2.173707,174.570000
0,1,1,-426.078803,-344.517389,0.000000,NULL,NULL,NULL,NULL,NULL,-3.110420,-2.515013,174.570000
0,1,1,-254.951712,-410.630489,0.000000,NULL,NULL,NULL,NULL,NULL,-2.109915,-3.398273,174.570000
0,1,1,380.093689,-322.686243,0.000000,NULL,NULL,NULL,NULL,NULL,3.049314,-2.588761,174.570000
0,1,1,13.090687,-453.466266,0.000000,NULL,NULL,NULL,NULL,NULL,0.115424,-3.998334,174.570000
0,1,1,-638.571005,32.623171,0.000000,NULL,NULL,NULL,NULL,NULL,-3.994790,0.204085,174.570000
0,1,1,622.981012,449.634324,0.000000,NULL,NULL,NULL,NULL,NULL,3.243449,2.340948,174.570000
0,1,1,-120.261090,-437.424611,0.000000,NULL,NULL,NULL,NULL,NULL,-1.060374,-3.856891,174.570000
0,1,1,651.785826,361.993019,0.000000,NULL,NULL,NULL,NULL,NULL,3.496880,1.942120,174.570000
0,1,1,607.535853,125.064111,0.000000,NULL,NULL,NULL,NULL,NULL,3.917850,0.806508,174.570000
0,1,1,-312.084083,-409.330218,0.000000,NULL,NULL,NULL,NULL,NULL,-2.425222,-3.180927,174.570000
0,1,1,650.235558,111.112980,0.000000,NULL,NULL,NULL,NULL,NULL,3.942848,0.673758,174.570000
0,1,1,-514.907858,-273.585781,0.000000,NULL,NULL,NULL,NULL,NULL,-3.532346,-1.876840,174.570000
0,1,1,-705.423846,157.675984,0.000000,NULL,NULL,NULL,NULL,NULL,-3.903673,0.872547,174.570000
0,1,1,239.293479,-385.411016,0.000000,NULL,NULL,NULL,NULL,NULL,2.109915,-3.398273,174.570000
0,1,1,378.062929,191.742518,0.000000,NULL,NULL,NULL,NULL,NULL,3.567418,1.809290,174.570000
0,1,1,400.257128,-323.638585,0.000000,NULL,NULL,NULL,NULL,NULL,3.110420,-2.515013,174.570000
0,1,1,-197.641876,-424.312466,0.000000,NULL,NULL,NULL,NULL,NULL,-1.688941,-3.625945,174.570000
0,1,1,516.692103,-228.614187,0.000000,NULL,NULL,NULL,NULL,NULL,3.657939,-1.618482,174.570000
0,1,1,-694.947957,94.727690,0.000000,NULL,NULL,NULL,NULL,NULL,-3.963350,0.540240,174.570000
0,1,1,-689.685783,338.540820,0.000000,NULL,NULL,NULL,NULL,NULL,-3.590737,1.762558,174.570000
0,1,1,495.628676,-233.639880,0.000000,NULL,NULL,NULL,NULL,NULL,3.618141,-1.705595,174.570000
0,1,1,-387.783454,-362.549933,0.000000,NULL,NULL,NULL,NULL,NULL,-2.921895,-2.731764,174.570000
0,1,1,-650.251080,452.815897,0.000000,NULL,NULL,NULL,NULL,NULL,-3.282515,2.285847,174.570000
0,1,1,-141.062689,-431.166253,0.000000,NULL,NULL,NULL,NULL,NULL,-1.243788,-3.801709,174.570000
0,1,1,618.940395,160.468026,0.000000,NULL,NULL,NULL,NULL,NULL,3.871985,1.003860,174.570000
0,1,1,-421.387746,428.729159,0.000000,NULL,NULL,NULL,NULL,NULL,-2.803897,2.852746,174.570000
0,1,1,564.902118,555.656639,0.000000,NULL,NULL,NULL,NULL,NULL,2.851667,2.804995,174.570000
0,1,1,309.786102,-350.907326,0.000000,NULL,NULL,NULL,NULL,NULL,2.647265,-2.998665,174.570000
0,1,1,659.258561,296.416377,0.000000,NULL,NULL,NULL,NULL,NULL,3.648204,1.640308,174.570000
0,1,1,602.966520,145.506771,0.000000,NULL,NULL,NULL,NULL,NULL,3.888383,0.938337,174.570000
0,1,1,-703.351894,247.305119,0.000000,NULL,NULL,NULL,NULL,NULL,-3.773536,1.326811,174.570000
0,1,1,257.468732,-373.514220,0.000000,NULL,NULL,NULL,NULL,NULL,2.270171,-3.293376,174.570000
0,1,1,-679.058784,-34.167428,0.000000,NULL,NULL,NULL,NULL,NULL,-3.994946,-0.201009,174.570000
0,1,1,-659.660754,0.253947,0.000000,NULL,NULL,NULL,NULL,NULL,-4.000000,0.001540,174.570000
0,1,1,565.101390,-143.665239,0.000000,NULL,NULL,NULL,NULL,NULL,3.876682,-0.985565,174.570000
0,1,1,-311.707561,-389.147813,0.000000,NULL,NULL,NULL,NULL,NULL,-2.500684,-3.121951,174.570000
0,1,1,661.665345,232.647737,0.000000,NULL,NULL,NULL,NULL,NULL,3.773536,1.326811,174.570000
0,1,1,462.702456,-260.240077,0.000000,NULL,NULL,NULL,NULL,NULL,3.486399,-1.960873,174.570000
0,1,1,360.869113,-321.545110,0.000000,NULL,NULL,NULL,NULL,NULL,2.986460,-2.661025,174.570000
0,1,1,-217.727088,-414.364930,0.000000,NULL,NULL,NULL,NULL,NULL,-1.860578,-3.540939,174.570000
0,1,1,-274.316268,-397.955223,0.000000,NULL,NULL,NULL,NULL,NULL,-2.270171,-3.293376,174.570000
0,1,1,-331.320897,-393.921522,0.000000,NULL,NULL,NULL,NULL,NULL,-2.574712,-3.061185,174.570000
0,1,1,395.104897,-304.121265,0.000000,NULL,NULL,NULL,NULL,NULL,3.169742,-2.439823,174.570000
0,1,1,-463.717330,-322.802438,0.000000,NULL,NULL,NULL,NULL,NULL,-3.282902,-2.285291,174.570000
0,1,1,-161.540854,-423.919300,0.000000,NULL,NULL,NULL,NULL,NULL,-1.424349,-3.737811,174.570000
0,1,1,672.041390,103.192127,0.000000,NULL,NULL,NULL,NULL,NULL,3.953662,0.607086,174.570000
0,1,1,607.443477,470.413424,0.000000,NULL,NULL,NULL,NULL,NULL,3.162556,2.449131,174.570000
0,1,1,-637.105323,54.166472,0.000000,NULL,NULL,NULL,NULL,NULL,-3.985621,0.338856,174.570000
0,1,1,639.191150,383.794714,0.000000,NULL,NULL,NULL,NULL,NULL,3.429309,2.059088,174.570000
0,1,1,646.112948,133.005388,0.000000,NULL,NULL,NULL,NULL,NULL,3.917850,0.806508,174.570000
0,1,1,415.290810,-304.107293,0.000000,NULL,NULL,NULL,NULL,NULL,3.227247,-2.363234,174.570000
0,1,1,-442.082348,-323.726081,0.000000,NULL,NULL,NULL,NULL,NULL,-3.227247,-2.363234,174.570000
0,1,1,-699.697526,181.405321,0.000000,NULL,NULL,NULL,NULL,NULL,-3.871985,1.003860,174.570000
0,1,1,275.053650,-360.761015,0.000000,NULL,NULL,NULL,NULL,NULL,2.425222,-3.180927,174.570000
0,1,1,188.136973,-379.870045,0.000000,NULL,NULL,NULL,NULL,NULL,1.775268,-3.584470,174.570000
0,1,1,545.817766,574.414197,0.000000,NULL,NULL,NULL,NULL,NULL,2.755328,2.899684,174.570000
0,1,1,-634.590566,474.513980,0.000000,NULL,NULL,NULL,NULL,NULL,-3.203459,2.395381,174.570000
0,1,1,-677.861380,361.635613,0.000000,NULL,NULL,NULL,NULL,NULL,-3.529175,1.882797,174.570000
0,1,1,44.151946,-437.000794,0.000000,NULL,NULL,NULL,NULL,NULL,0.402089,-3.979739,174.570000
0,1,1,65.020510,-434.386259,0.000000,NULL,NULL,NULL,NULL,NULL,0.592138,-3.955929,174.570000
0,1,1,326.228853,-335.675611,0.000000,NULL,NULL,NULL,NULL,NULL,2.787776,-2.868503,174.570000
0,1,1,597.709528,165.783487,0.000000,NULL,NULL,NULL,NULL,NULL,3.854482,1.069097,174.570000
0,1,1,23.182148,-438.613357,0.000000,NULL,NULL,NULL,NULL,NULL,0.211118,-3.994425,174.570000
0,1,1,85.739993,-430.775745,0.000000,NULL,NULL,NULL,NULL,NULL,0.780829,-3.923048,174.570000
0,1,1,-691.353115,118.139194,0.000000,NULL,NULL,NULL,NULL,NULL,-3.942848,0.673758,174.570000
0,1,1,556.286780,227.862551,0.000000,NULL,NULL,NULL,NULL,NULL,3.701510,1.516188,174.570000
0,1,1,106.262888,-426.177530,0.000000,NULL,NULL,NULL,NULL,NULL,0.967730,-3.881172,174.570000
0,1,1,-527.414079,-248.623553,0.000000,NULL,NULL,NULL,NULL,NULL,-3.618141,-1.705595,174.570000
0,1,1,527.043493,-203.618103,0.000000,NULL,NULL,NULL,NULL,NULL,3.731222,-1.441521,174.570000
0,1,1,-237.313086,-403.467321,0.000000,NULL,NULL,NULL,NULL,NULL,-2.027950,-3.447814,174.570000
0,1,1,613.169115,181.275582,0.000000,NULL,NULL,NULL,NULL,NULL,3.835880,1.134029,174.570000
0,1,1,-404.694117,-343.571146,0.000000,NULL,NULL,NULL,NULL,NULL,-3.049314,-2.588761,174.570000
0,1,1,126.542138,-420.602158,0.000000,NULL,NULL,NULL,NULL,NULL,1.152411,-3.830398,174.570000
0,1,1,-181.648632,-415.700367,0.000000,NULL,NULL,NULL,NULL,NULL,-1.601645,-3.665342,174.570000
0,1,1,150.947749,-396.120624,0.000000,NULL,NULL,NULL,NULL,NULL,1.424349,-3.737811,174.570000
0,1,1,-694.600351,270.913385,0.000000,NULL,NULL,NULL,NULL,NULL,-3.726583,1.453471,174.570000
0,1,1,648.873876,318.507789,0.000000,NULL,NULL,NULL,NULL,NULL,3.590737,1.762558,174.570000
0,1,1,-329.978677,-373.780278,0.000000,NULL,NULL,NULL,NULL,NULL,-2.647265,-2.998665,174.570000
0,1,1,375.847735,-303.901718,0.000000,NULL,NULL,NULL,NULL,NULL,3.110420,-2.515013,174.570000
0,1,1,506.244793,-209.646339,0.000000,NULL,NULL,NULL,NULL,NULL,3.695640,-1.530440,174.570000
0,1,1,-293.051860,-384.367508,0.000000,NULL,NULL,NULL,NULL,NULL,-2.425222,-3.180927,174.570000
0,1,1,-659.276022,22.527820,0.000000,NULL,NULL,NULL,NULL,NULL,-3.997667,0.136602,174.570000
0,1,1,-618.844259,42.102586,0.000000,NULL,NULL,NULL,NULL,NULL,-3.990775,0.271509,174.570000
0,1,1,-679.825257,-11.218936,0.000000,NULL,NULL,NULL,NULL,NULL,-3.999455,-0.066002,174.570000
0,1,1,-23.182148,-438.613357,0.000000,NULL,NULL,NULL,NULL,NULL,-0.211118,-3.994425,174.570000
0,1,1,146.531248,-414.062413,0.000000,NULL,NULL,NULL,NULL,NULL,1.334451,-3.770841,174.570000
0,1,1,292.007914,-347.180642,0.000000,NULL,NULL,NULL,NULL,NULL,2.574712,-3.061185,174.570000
0,1,1,441.922719,686.531674,0.000000,NULL,NULL,NULL,NULL,NULL,2.165044,3.363419,174.570000
0,1,1,-349.798045,-377.609626,0.000000,NULL,NULL,NULL,NULL,NULL,-2.718299,-2.934425,174.570000
0,1,1,653.432491,254.856779,0.000000,NULL,NULL,NULL,NULL,NULL,3.726583,1.453471,174.570000
0,1,1,591.213177,490.656036,0.000000,NULL,NULL,NULL,NULL,NULL,3.078055,2.554521,174.570000
0,1,1,409.210193,-284.858985,0.000000,NULL,NULL,NULL,NULL,NULL,3.282902,-2.285291,174.570000
0,1,1,166.184385,-406.573288,0.000000,NULL,NULL,NULL,NULL,NULL,1.513431,-3.702638,174.570000
0,1,1,-634.913049,75.647999,0.000000,NULL,NULL,NULL,NULL,NULL,-3.971907,0.473241,174.570000
0,1,1,-44.151946,-437.000794,0.000000,NULL,NULL,NULL,NULL,NULL,-0.402089,-3.979739,174.570000
0,1,1,474.629669,-237.792216,0.000000,NULL,NULL,NULL,NULL,NULL,3.576269,-1.791731,174.570000
0,1,1,247.182389,344.380078,0.000000,NULL,NULL,NULL,NULL,NULL,2.332423,3.249585,174.570000
0,1,1,625.867503,405.158706,0.000000,NULL,NULL,NULL,NULL,NULL,3.357826,2.173707,174.570000
0,1,1,526.110931,592.516660,0.000000,NULL,NULL,NULL,NULL,NULL,2.655846,2.991067,174.570000
0,1,1,-618.206327,495.670899,0.000000,NULL,NULL,NULL,NULL,NULL,-3.120750,2.502183,174.570000
0,1,1,668.173800,125.825345,0.000000,NULL,NULL,NULL,NULL,NULL,3.930909,0.740239,174.570000
0,1,1,641.253473,154.746109,0.000000,NULL,NULL,NULL,NULL,NULL,3.888383,0.938337,174.570000
0,1,1,-201.339918,-406.528299,0.000000,NULL,NULL,NULL,NULL,NULL,-1.775268,-3.584470,174.570000
0,1,1,571.330786,-116.449195,0.000000,NULL,NULL,NULL,NULL,NULL,3.919416,-0.798859,174.570000
0,1,1,-693.173230,204.927772,0.000000,NULL,NULL,NULL,NULL,NULL,-3.835880,1.134029,174.570000
0,1,1,-256.354963,-391.644626,0.000000,NULL,NULL,NULL,NULL,NULL,-2.190671,-3.346784,174.570000
0,1,1,-665.263903,384.317975,0.000000,NULL,NULL,NULL,NULL,NULL,-3.463588,2.000889,174.570000
0,1,1,-478.638233,-300.234272,0.000000,NULL,NULL,NULL,NULL,NULL,-3.388535,-2.125518,174.570000
0,1,1,-686.969812,141.415965,0.000000,NULL,NULL,NULL,NULL,NULL,-3.917850,0.806508,174.570000
0,1,1,341.923613,-319.674245,0.000000,NULL,NULL,NULL,NULL,NULL,2.921895,-2.731764,174.570000
0,1,1,429.372295,-283.878732,0.000000,NULL,NULL,NULL,NULL,NULL,3.336675,-2.206037,174.570000
0,1,1,-65.020510,-434.386259,0.000000,NULL,NULL,NULL,NULL,NULL,-0.592138,-3.955929,174.570000
0,1,1,-685.056643,294.212686,0.000000,NULL,NULL,NULL,NULL,NULL,-3.675381,1.578473,174.570000
0,1,1,185.456488,-398.151956,0.000000,NULL,NULL,NULL,NULL,NULL,1.688941,-3.625945,174.570000
0,1,1,-391.651482,-162.190901,0.000000,NULL,NULL,NULL,NULL,NULL,-3.695640,-1.530440,174.570000
0,1,1,-570.543438,-189.358150,0.000000,NULL,NULL,NULL,NULL,NULL,-3.796373,-1.259981,174.570000
0,1,1,-378.062929,191.742518,0.000000,NULL,NULL,NULL,NULL,NULL,-3.567418,1.809290,174.570000
0,1,1,-457.072269,-302.192520,0.000000,NULL,NULL,NULL,NULL,NULL,-3.336675,-2.206037,174.570000
0,1,1,308.292650,-332.804240,0.000000,NULL,NULL,NULL,NULL,NULL,2.718299,-2.934425,174.570000
0,1,1,-311.115530,-369.898501,0.000000,NULL,NULL,NULL,NULL,NULL,-2.574712,-3.061185,174.570000
0,1,1,606.698540,201.876401,0.000000,NULL,NULL,NULL,NULL,NULL,3.795402,1.262904,174.570000
0,1,1,-614.591489,83.774377,0.000000,NULL,NULL,NULL,NULL,NULL,-3.963350,0.540240,174.570000
0,1,1,-85.739993,-430.775745,0.000000,NULL,NULL,NULL,NULL,NULL,-0.780829,-3.923048,174.570000
0,1,1,204.303368,-388.817724,0.000000,NULL,NULL,NULL,NULL,NULL,1.860578,-3.540939,174.570000
0,1,1,-617.069745,62.974391,0.000000,NULL,NULL,NULL,NULL,NULL,-3.979331,0.406106,174.570000
0,1,1,389.964598,-285.561528,0.000000,NULL,NULL,NULL,NULL,NULL,3.227247,-2.363234,174.570000
0,1,1,-347.493205,-357.555725,0.000000,NULL,NULL,NULL,NULL,NULL,-2.787776,-2.868503,174.570000
0,1,1,599.023939,-50.464295,0.000000,NULL,NULL,NULL,NULL,NULL,3.985881,-0.335787,174.570000
0,1,1,637.749177,340.235956,0.000000,NULL,NULL,NULL,NULL,NULL,3.529175,1.882797,174.570000
0,1,1,-679.816418,11.742351,0.000000,NULL,NULL,NULL,NULL,NULL,-3.999403,0.069081,174.570000
0,1,1,644.454425,276.775167,0.000000,NULL,NULL,NULL,NULL,NULL,3.675381,1.578473,174.570000
0,1,1,-420.676881,-323.804605,0.000000,NULL,NULL,NULL,NULL,NULL,-3.169742,-2.439823,174.570000
0,1,1,-658.139412,44.776001,0.000000,NULL,NULL,NULL,NULL,NULL,-3.990775,0.271509,174.570000
0,1,1,-220.569564,-396.424126,0.000000,NULL,NULL,NULL,NULL,NULL,-1.944821,-3.495378,174.570000
0,1,1,536.186456,-178.155156,0.000000,NULL,NULL,NULL,NULL,NULL,3.795950,-1.261255,174.570000
0,1,1,-538.711024,-223.091270,0.000000,NULL,NULL,NULL,NULL,NULL,-3.695640,-1.530440,174.570000
0,1,1,574.308623,510.339076,0.000000,NULL,NULL,NULL,NULL,NULL,2.990044,2.656997,174.570000
0,1,1,611.830080,426.060632,0.000000,NULL,NULL,NULL,NULL,NULL,3.282515,2.285847,174.570000
0,1,1,505.804088,609.943381,0.000000,NULL,NULL,NULL,NULL,NULL,2.553336,3.079038,174.570000
0,1,1,-601.117050,516.262526,0.000000,NULL,NULL,NULL,NULL,NULL,-3.034482,2.606131,174.570000
0,1,1,-106.262888,-426.177530,0.000000,NULL,NULL,NULL,NULL,NULL,-0.967730,-3.881172,174.570000
0,1,1,515.700172,-185.172112,0.000000,NULL,NULL,NULL,NULL,NULL,3.764665,-1.351776,174.570000
0,1,1,-247.182389,344.380078,0.000000,NULL,NULL,NULL,NULL,NULL,-2.332423,3.249585,174.570000
0,1,1,-367.473162,-360.431932,0.000000,NULL,NULL,NULL,NULL,NULL,-2.855654,-2.800936,174.570000
0,1,1,-631.996683,97.043252,0.000000,NULL,NULL,NULL,NULL,NULL,-3.953662,0.607086,174.570000
0,1,1,222.681813,-378.591995,0.000000,NULL,NULL,NULL,NULL,NULL,2.027950,-3.447814,174.570000
0,1,1,356.834396,-302.939918,0.000000,NULL,NULL,NULL,NULL,NULL,3.049314,-2.588761,174.570000
0,1,1,539.639119,264.888553,0.000000,NULL,NULL,NULL,NULL,NULL,3.590737,1.762558,174.570000
0,1,1,422.377236,-264.943569,0.000000,NULL,NULL,NULL,NULL,NULL,3.388535,-2.125518,174.570000
0,1,1,-651.907720,406.562039,0.000000,NULL,NULL,NULL,NULL,NULL,-3.394051,2.116699,174.570000
0,1,1,591.770873,185.871133,0.000000,NULL,NULL,NULL,NULL,NULL,3.816185,1.198637,174.570000
0,1,1,-274.809058,-378.923952,0.000000,NULL,NULL,NULL,NULL,NULL,-2.348370,-3.238080,174.570000
0,1,1,663.544186,148.315063,0.000000,NULL,NULL,NULL,NULL,NULL,3.903673,0.872547,174.570000
0,1,1,323.870521,-317.664770,0.000000,NULL,NULL,NULL,NULL,NULL,2.855654,-2.800936,174.570000
0,1,1,-685.858398,228.216512,0.000000,NULL,NULL,NULL,NULL,NULL,-3.795402,1.262904,174.570000
0,1,1,635.662675,176.310348,0.000000,NULL,NULL,NULL,NULL,NULL,3.854482,1.069097,174.570000
0,1,1,485.468632,-214.799135,0.000000,NULL,NULL,NULL,NULL,NULL,3.657939,-1.618482,174.570000
0,1,1,-674.731657,317.176449,0.000000,NULL,NULL,NULL,NULL,NULL,-3.619986,1.701676,174.570000
0,1,1,-126.542138,-420.602158,0.000000,NULL,NULL,NULL,NULL,NULL,-1.152411,-3.830398,174.570000
0,1,1,-681.803049,164.531458,0.000000,NULL,NULL,NULL,NULL,NULL,-3.888383,0.938337,174.570000
0,1,1,596.923805,71.121693,0.000000,NULL,NULL,NULL,NULL,NULL,3.971907,0.473241,174.570000
0,1,1,-150.947749,-396.120624,0.000000,NULL,NULL,NULL,NULL,NULL,-1.424349,-3.737811,174.570000
0,1,1,442.469299,-262.999282,0.000000,NULL,NULL,NULL,NULL,NULL,3.438453,-2.043782,174.570000
0,1,1,-2.159197,-439.220248,0.000000,NULL,NULL,NULL,NULL,NULL,-0.019664,-3.999952,174.570000
0,1,1,371.563606,727.022637,0.000000,NULL,NULL,NULL,NULL,NULL,1.820344,3.561790,174.570000
0,1,1,-328.465863,-354.581374,0.000000,NULL,NULL,NULL,NULL,NULL,-2.718299,-2.934425,174.570000
0,1,1,240.549684,-367.498215,0.000000,NULL,NULL,NULL,NULL,NULL,2.190671,-3.346784,174.570000
0,1,1,-239.293479,-385.411016,0.000000,NULL,NULL,NULL,NULL,NULL,-2.109915,-3.398273,174.570000
0,1,1,70.579730,-288.751314,0.000000,NULL,NULL,NULL,NULL,NULL,0.949763,-3.885608,174.570000
0,1,1,218.221355,560.139058,0.000000,NULL,NULL,NULL,NULL,NULL,1.452036,3.727143,174.570000
0,1,1,-492.461695,-276.977716,0.000000,NULL,NULL,NULL,NULL,NULL,-3.486399,-1.960873,174.570000
0,1,1,599.536051,222.246987,0.000000,NULL,NULL,NULL,NULL,NULL,3.750594,1.390339,174.570000
0,1,1,220.557891,786.114270,0.000000,NULL,NULL,NULL,NULL,NULL,1.080545,3.851288,174.570000
0,1,1,576.250211,-88.966152,0.000000,NULL,NULL,NULL,NULL,NULL,3.953164,-0.610321,174.570000
0,1,1,484.920396,626.674488,0.000000,NULL,NULL,NULL,NULL,NULL,2.447913,3.163498,174.570000
0,1,1,-583.342223,536.265377,0.000000,NULL,NULL,NULL,NULL,NULL,-2.944754,2.707106,174.570000
0,1,1,-471.014195,-279.966080,0.000000,NULL,NULL,NULL,NULL,NULL,-3.438453,-2.043782,174.570000
0,1,1,403.187334,-266.566591,0.000000,NULL,NULL,NULL,NULL,NULL,3.336675,-2.206037,174.570000
0,1,1,-637.808063,428.342435,0.000000,NULL,NULL,NULL,NULL,NULL,-3.320644,2.230095,174.570000
0,1,1,-146.531248,-414.062413,0.000000,NULL,NULL,NULL,NULL,NULL,-1.334451,-3.770841,174.570000
0,1,1,625.897152,361.576098,0.000000,NULL,NULL,NULL,NULL,NULL,3.463588,2.000889,174.570000
0,1,1,634.741384,298.377905,0.000000,NULL,NULL,NULL,NULL,NULL,3.619986,1.701676,174.570000
0,1,1,556.749093,529.440094,0.000000,NULL,NULL,NULL,NULL,NULL,2.898624,2.756444,174.570000
0,1,1,-656.252221,66.973117,0.000000,NULL,NULL,NULL,NULL,NULL,-3.979331,0.406106,174.570000
0,1,1,-679.032276,34.690247,0.000000,NULL,NULL,NULL,NULL,NULL,-3.994790,0.204085,174.570000
0,1,1,597.094889,446.476654,0.000000,NULL,NULL,NULL,NULL,NULL,3.203459,2.395381,174.570000
0,1,1,-364.210986,-340.511353,0.000000,NULL,NULL,NULL,NULL,NULL,-2.921895,-2.731764,174.570000
0,1,1,161.354433,800.366276,0.000000,NULL,NULL,NULL,NULL,NULL,0.790499,3.921111,174.570000
0,1,1,-292.633061,-365.334466,0.000000,NULL,NULL,NULL,NULL,NULL,-2.500684,-3.121951,174.570000
0,1,1,257.866013,-355.561820,0.000000,NULL,NULL,NULL,NULL,NULL,2.348370,-3.238080,174.570000
0,1,1,338.705807,-301.796946,0.000000,NULL,NULL,NULL,NULL,NULL,2.986460,-2.661025,174.570000
0,1,1,-435.695101,-303.295632,0.000000,NULL,NULL,NULL,NULL,NULL,-3.282902,-2.285291,174.570000
0,1,1,370.927015,-285.510997,0.000000,NULL,NULL,NULL,NULL,NULL,3.169742,-2.439823,174.570000
0,1,1,-628.359550,118.327832,0.000000,NULL,NULL,NULL,NULL,NULL,-3.930909,0.740239,174.570000
0,1,1,585.157328,205.746801,0.000000,NULL,NULL,NULL,NULL,NULL,3.773536,1.326811,174.570000
0,1,1,577.876434,225.387823,0.000000,NULL,NULL,NULL,NULL,NULL,3.726583,1.453471,174.570000
0,1,1,-384.305721,-342.427825,0.000000,NULL,NULL,NULL,NULL,NULL,-2.986460,-2.661025,174.570000
0,1,1,-548.772790,-197.047475,0.000000,NULL,NULL,NULL,NULL,NULL,-3.764665,-1.351776,174.570000
0,1,1,544.100030,-152.283727,0.000000,NULL,NULL,NULL,NULL,NULL,3.851974,-1.078098,174.570000
0,1,1,-70.579730,-288.751314,0.000000,NULL,NULL,NULL,NULL,NULL,-0.949763,-3.885608,174.570000
0,1,1,-663.637167,339.778486,0.000000,NULL,NULL,NULL,NULL,NULL,-3.560463,1.822937,174.570000
0,1,1,-166.184385,-406.573288,0.000000,NULL,NULL,NULL,NULL,NULL,-1.513431,-3.702638,174.570000
0,1,1,-677.761373,251.244980,0.000000,NULL,NULL,NULL,NULL,NULL,-3.750594,1.390339,174.570000
0,1,1,434.575834,-244.420679,0.000000,NULL,NULL,NULL,NULL,NULL,3.486399,-1.960873,174.570000
0,1,1,523.973132,-160.273315,0.000000,NULL,NULL,NULL,NULL,NULL,3.825058,-1.170012,174.570000
0,1,1,658.157827,170.635635,0.000000,NULL,NULL,NULL,NULL,NULL,3.871985,1.003860,174.570000
0,1,1,-188.136973,-379.870045,0.000000,NULL,NULL,NULL,NULL,NULL,-1.775268,-3.584470,174.570000
0,1,1,-257.468732,-373.514220,0.000000,NULL,NULL,NULL,NULL,NULL,-2.270171,-3.293376,174.570000
0,1,1,-611.412316,104.478821,0.000000,NULL,NULL,NULL,NULL,NULL,-3.942848,0.673758,174.570000
0,1,1,629.346930,197.673512,0.000000,NULL,NULL,NULL,NULL,NULL,3.816185,1.198637,174.570000
0,1,1,-675.858718,187.459309,0.000000,NULL,NULL,NULL,NULL,NULL,-3.854482,1.069097,174.570000
0,1,1,463.483672,642.690897,0.000000,NULL,NULL,NULL,NULL,NULL,2.339699,3.244350,174.570000
0,1,1,274.591097,-342.810178,0.000000,NULL,NULL,NULL,NULL,NULL,2.500684,-3.121951,174.570000
0,1,1,-564.902118,555.656639,0.000000,NULL,NULL,NULL,NULL,NULL,-2.851667,2.804995,174.570000
0,1,1,-161.354433,800.366276,0.000000,NULL,NULL,NULL,NULL,NULL,-0.790499,3.921111,174.570000
0,1,1,-441.922719,686.531674,0.000000,NULL,NULL,NULL,NULL,NULL,-2.165044,3.363419,174.570000
0,1,1,495.194492,-191.313553,0.000000,NULL,NULL,NULL,NULL,NULL,3.731222,-1.441521,174.570000
0,1,1,-345.063075,-338.451249,0.000000,NULL,NULL,NULL,NULL,NULL,-2.855654,-2.800936,174.570000
0,1,1,538.554614,547.937308,0.000000,NULL,NULL,NULL,NULL,NULL,2.803897,2.852746,174.570000
0,1,1,342.012815,-250.447611,0.000000,NULL,NULL,NULL,NULL,NULL,3.227247,-2.363234,174.570000
0,1,1,-622.981012,449.634324,0.000000,NULL,NULL,NULL,NULL,NULL,-3.243449,2.340948,174.570000
0,1,1,454.551790,-241.516816,0.000000,NULL,NULL,NULL,NULL,NULL,3.532346,-1.876840,174.570000
0,1,1,591.689815,242.364111,0.000000,NULL,NULL,NULL,NULL,NULL,3.701510,1.516188,174.570000
0,1,1,352.764496,-285.237149,0.000000,NULL,NULL,NULL,NULL,NULL,3.110420,-2.515013,174.570000
0,1,1,-309.786102,-350.907326,0.000000,NULL,NULL,NULL,NULL,NULL,-2.647265,-2.998665,174.570000
0,1,1,613.331316,382.503877,0.000000,NULL,NULL,NULL,NULL,NULL,3.394051,2.116699,174.570000
0,1,1,415.485626,-246.960459,0.000000,NULL,NULL,NULL,NULL,NULL,3.438453,-2.043782,174.570000
0,1,1,581.678737,466.383486,0.000000,NULL,NULL,NULL,NULL,NULL,3.120750,2.502183,174.570000
0,1,1,-653.616601,89.093852,0.000000,NULL,NULL,NULL,NULL,NULL,-3.963350,0.540240,174.570000
0,1,1,624.304447,319.640355,0.000000,NULL,NULL,NULL,NULL,NULL,3.560463,1.822937,174.570000
0,1,1,-505.156020,-253.086095,0.000000,NULL,NULL,NULL,NULL,NULL,-3.576269,-1.791731,174.570000
0,1,1,384.169158,-267.427445,0.000000,NULL,NULL,NULL,NULL,NULL,3.282902,-2.285291,174.570000
0,1,1,-624.005799,139.477463,0.000000,NULL,NULL,NULL,NULL,NULL,-3.903673,0.872547,174.570000
0,1,1,290.686586,-329.272527,0.000000,NULL,NULL,NULL,NULL,NULL,2.647265,-2.998665,174.570000
0,1,1,-677.473725,57.598579,0.000000,NULL,NULL,NULL,NULL,NULL,-3.985621,0.338856,174.570000
0,1,1,-545.817766,574.414197,0.000000,NULL,NULL,NULL,NULL,NULL,-2.755328,2.899684,174.570000
0,1,1,-185.456488,-398.151956,0.000000,NULL,NULL,NULL,NULL,NULL,-1.688941,-3.625945,174.570000
0,1,1,297.531380,760.326579,0.000000,NULL,NULL,NULL,NULL,NULL,1.457650,3.724951,174.570000
0,1,1,-380.093689,-322.686243,0.000000,NULL,NULL,NULL,NULL,NULL,-3.049314,-2.588761,174.570000
0,1,1,-483.876161,-257.097722,0.000000,NULL,NULL,NULL,NULL,NULL,-3.532346,-1.876840,174.570000
0,1,1,441.518364,657.974344,0.000000,NULL,NULL,NULL,NULL,NULL,2.228817,3.321502,174.570000
0,1,1,-275.053650,-360.761015,0.000000,NULL,NULL,NULL,NULL,NULL,-2.425222,-3.180927,174.570000
0,1,1,-651.785826,361.993019,0.000000,NULL,NULL,NULL,NULL,NULL,-3.496880,1.942120,174.570000
0,1,1,579.848386,-61.279124,0.000000,NULL,NULL,NULL,NULL,NULL,3.977848,-0.420384,174.570000
0,1,1,-220.557891,786.114270,0.000000,NULL,NULL,NULL,NULL,NULL,-1.080545,3.851288,174.570000
0,1,1,-668.891389,273.986914,0.000000,NULL,NULL,NULL,NULL,NULL,-3.701510,1.516188,174.570000
0,1,1,-449.714340,-282.091250,0.000000,NULL,NULL,NULL,NULL,NULL,-3.388535,-2.125518,174.570000
0,1,1,-400.257128,-323.638585,0.000000,NULL,NULL,NULL,NULL,NULL,-3.110420,-2.515013,174.570000
0,1,1,-607.535853,125.064111,0.000000,NULL,NULL,NULL,NULL,NULL,-3.917850,0.806508,174.570000
0,1,1,519.745936,565.809622,0.000000,NULL,NULL,NULL,NULL,NULL,2.705973,2.945796,174.570000
0,1,1,-669.143597,210.173370,0.000000,NULL,NULL,NULL,NULL,NULL,-3.816185,1.198637,174.570000
0,1,1,-607.443477,470.413424,0.000000,NULL,NULL,NULL,NULL,NULL,-3.162556,2.449131,174.570000
0,1,1,652.020865,192.761604,0.000000,NULL,NULL,NULL,NULL,NULL,3.835880,1.134029,174.570000
0,1,1,-218.221355,560.139058,0.000000,NULL,NULL,NULL,NULL,NULL,-1.452036,3.727143,174.570000
0,1,1,622.313440,218.811238,0.000000,NULL,NULL,NULL,NULL,NULL,3.773536,1.326811,174.570000
0,1,1,366.014351,-268.023348,0.000000,NULL,NULL,NULL,NULL,NULL,3.227247,-2.363234,174.570000
0,1,1,445.778019,-223.337372,0.000000,NULL,NULL,NULL,NULL,NULL,3.576269,-1.791731,174.570000
0,1,1,-586.769965,-130.680266,0.000000,NULL,NULL,NULL,NULL,NULL,-3.904343,-0.869541,174.570000
0,1,1,306.115578,-314.979907,0.000000,NULL,NULL,NULL,NULL,NULL,2.787776,-2.868503,174.570000
0,1,1,-204.303368,-388.817724,0.000000,NULL,NULL,NULL,NULL,NULL,-1.860578,-3.540939,174.570000
0,1,1,583.168782,262.204828,0.000000,NULL,NULL,NULL,NULL,NULL,3.648204,1.640308,174.570000
0,1,1,594.181936,91.236788,0.000000,NULL,NULL,NULL,NULL,NULL,3.953662,0.607086,174.570000
0,1,1,-557.576307,-170.551881,0.000000,NULL,NULL,NULL,NULL,NULL,-3.825058,-1.170012,174.570000
0,1,1,550.766068,-126.063136,0.000000,NULL,NULL,NULL,NULL,NULL,3.899167,-0.892468,174.570000
0,1,1,-526.110931,592.516660,0.000000,NULL,NULL,NULL,NULL,NULL,-2.655846,2.991067,174.570000
0,1,1,600.066001,402.995426,0.000000,NULL,NULL,NULL,NULL,NULL,3.320644,2.230095,174.570000
0,1,1,-360.869113,-321.545110,0.000000,NULL,NULL,NULL,NULL,NULL,-2.986460,-2.661025,174.570000
0,1,1,531.044704,-135.007037,0.000000,NULL,NULL,NULL,NULL,NULL,3.876682,-0.985565,174.570000
0,1,1,419.049522,672.507399,0.000000,NULL,NULL,NULL,NULL,NULL,2.115392,3.394866,174.570000
0,1,1,-371.563606,727.022637,0.000000,NULL,NULL,NULL,NULL,NULL,-1.820344,3.561790,174.570000
0,1,1,-326.228853,-335.675611,0.000000,NULL,NULL,NULL,NULL,NULL,-2.787776,-2.868503,174.570000
0,1,1,565.599203,485.758428,0.000000,NULL,NULL,NULL,NULL,NULL,3.034482,2.606131,174.570000
0,1,1,-602.966520,145.506771,0.000000,NULL,NULL,NULL,NULL,NULL,-3.888383,0.938337,174.570000
0,1,1,465.592067,-219.480591,0.000000,NULL,NULL,NULL,NULL,NULL,3.618141,-1.705595,174.570000
0,1,1,503.784951,-167.389320,0.000000,NULL,NULL,NULL,NULL,NULL,3.795950,-1.261255,174.570000
0,1,1,-618.940395,160.468026,0.000000,NULL,NULL,NULL,NULL,NULL,-3.871985,1.003860,174.570000
0,1,1,12.232260,-423.730036,0.000000,NULL,NULL,NULL,NULL,NULL,0.115424,-3.998334,174.570000
0,1,1,-650.235558,111.112980,0.000000,NULL,NULL,NULL,NULL,NULL,-3.942848,0.673758,174.570000
0,1,1,-292.007914,-347.180642,0.000000,NULL,NULL,NULL,NULL,NULL,-2.574712,-3.061185,174.570000
0,1,1,613.155516,340.538268,0.000000,NULL,NULL,NULL,NULL,NULL,3.496880,1.942120,174.570000
0,1,1,-12.232260,-423.730036,0.000000,NULL,NULL,NULL,NULL,NULL,-0.115424,-3.998334,174.570000
0,1,1,316.495040,-282.006491,0.000000,NULL,NULL,NULL,NULL,NULL,2.986460,-2.661025,174.570000
0,1,1,426.831276,-226.788086,0.000000,NULL,NULL,NULL,NULL,NULL,3.532346,-1.876840,174.570000
0,1,1,396.530462,-248.730724,0.000000,NULL,NULL,NULL,NULL,NULL,3.388535,-2.125518,174.570000
0,1,1,-659.258561,296.416377,0.000000,NULL,NULL,NULL,NULL,NULL,-3.648204,1.640308,174.570000
0,1,1,72.772053,-417.613457,0.000000,NULL,NULL,NULL,NULL,NULL,0.686680,-3.940618,174.570000
0,1,1,131.812448,-402.892356,0.000000,NULL,NULL,NULL,NULL,NULL,1.243788,-3.801709,174.570000
0,1,1,-675.142544,80.441223,0.000000,NULL,NULL,NULL,NULL,NULL,-3.971907,0.473241,174.570000
0,1,1,-639.191150,383.794714,0.000000,NULL,NULL,NULL,NULL,NULL,-3.429309,2.059088,174.570000
0,1,1,-222.681813,-378.591995,0.000000,NULL,NULL,NULL,NULL,NULL,-2.027950,-3.447814,174.570000
0,1,1,-395.104897,-304.121265,0.000000,NULL,NULL,NULL,NULL,NULL,-3.169742,-2.439823,174.570000
0,1,1,569.936497,244.771800,0.000000,NULL,NULL,NULL,NULL,NULL,3.675381,1.578473,174.570000
0,1,1,-591.213177,490.656036,0.000000,NULL,NULL,NULL,NULL,NULL,-3.078055,2.554521,174.570000
0,1,1,500.344509,583.036653,0.000000,NULL,NULL,NULL,NULL,NULL,2.604962,3.035485,174.570000
0,1,1,320.842695,-299.965087,0.000000,NULL,NULL,NULL,NULL,NULL,2.921895,-2.731764,174.570000
0,1,1,-505.804088,609.943381,0.000000,NULL,NULL,NULL,NULL,NULL,-2.553336,3.079038,174.570000
0,1,1,-516.692103,-228.614187,0.000000,NULL,NULL,NULL,NULL,NULL,-3.657939,-1.618482,174.570000
0,1,1,396.102772,686.273486,0.000000,NULL,NULL,NULL,NULL,NULL,1.999555,3.464358,174.570000
0,1,1,-556.286780,227.862551,0.000000,NULL,NULL,NULL,NULL,NULL,-3.701510,1.516188,174.570000
0,1,1,28.183423,-407.614392,0.000000,NULL,NULL,NULL,NULL,NULL,0.275911,-3.990473,174.570000
0,1,1,-495.628676,-233.639880,0.000000,NULL,NULL,NULL,NULL,NULL,-3.618141,-1.705595,174.570000
0,1,1,55.927682,-404.741760,0.000000,NULL,NULL,NULL,NULL,NULL,0.547522,-3.962350,174.570000
0,1,1,378.424993,-250.195013,0.000000,NULL,NULL,NULL,NULL,NULL,3.336675,-2.206037,174.570000
0,1,1,-661.665345,232.647737,0.000000,NULL,NULL,NULL,NULL,NULL,-3.773536,1.326811,174.570000
0,1,1,-120.980519,588.846362,0.000000,NULL,NULL,NULL,NULL,NULL,-0.804999,3.918160,174.570000
0,1,1,-597.709528,165.783487,0.000000,NULL,NULL,NULL,NULL,NULL,-3.854482,1.069097,174.570000
0,1,1,83.411306,-399.982939,0.000000,NULL,NULL,NULL,NULL,NULL,0.816582,-3.915762,174.570000
0,1,1,-415.290810,-304.107293,0.000000,NULL,NULL,NULL,NULL,NULL,-3.227247,-2.363234,174.570000
0,1,1,614.570227,239.699419,0.000000,NULL,NULL,NULL,NULL,NULL,3.726583,1.453471,174.570000
0,1,1,195.485413,-223.929170,0.000000,NULL,NULL,NULL,NULL,NULL,2.630567,-3.013323,174.570000
0,1,1,645.140301,214.667736,0.000000,NULL,NULL,NULL,NULL,NULL,3.795402,1.262904,174.570000
0,1,1,573.982668,281.746511,0.000000,NULL,NULL,NULL,NULL,NULL,3.590737,1.762558,174.570000
0,1,1,120.980519,588.846362,0.000000,NULL,NULL,NULL,NULL,NULL,0.804999,3.918160,174.570000
0,1,1,-462.702456,-260.240077,0.000000,NULL,NULL,NULL,NULL,NULL,-3.486399,-1.960873,174.570000
0,1,1,-0.307823,-408.587448,0.000000,NULL,NULL,NULL,NULL,NULL,-0.003014,-3.999999,174.570000
0,1,1,586.116335,423.027375,0.000000,NULL,NULL,NULL,NULL,NULL,3.243449,2.340948,174.570000
0,1,1,582.117061,-33.451592,0.000000,NULL,NULL,NULL,NULL,NULL,3.993412,-0.229483,174.570000
0,1,1,455.958106,-201.741987,0.000000,NULL,NULL,NULL,NULL,NULL,3.657939,-1.618482,174.570000
0,1,1,548.874627,504.579382,0.000000,NULL,NULL,NULL,NULL,NULL,2.944754,2.707106,174.570000
0,1,1,-375.847735,-303.901718,0.000000,NULL,NULL,NULL,NULL,NULL,-3.110420,-2.515013,174.570000
0,1,1,-539.639119,264.888553,0.000000,NULL,NULL,NULL,NULL,NULL,-3.590737,1.762558,174.570000
0,1,1,-308.292650,-332.804240,0.000000,NULL,NULL,NULL,NULL,NULL,-2.718299,-2.934425,174.570000
0,1,1,-240.549684,-367.498215,0.000000,NULL,NULL,NULL,NULL,NULL,-2.190671,-3.346784,174.570000
0,1,1,110.506213,-393.360108,0.000000,NULL,NULL,NULL,NULL,NULL,1.081836,-3.850926,174.570000
0,1,1,-613.169115,181.275582,0.000000,NULL,NULL,NULL,NULL,NULL,-3.835880,1.134029,174.570000
0,1,1,-646.112948,133.005388,0.000000,NULL,NULL,NULL,NULL,NULL,-3.917850,0.806508,174.570000
0,1,1,-28.183423,-407.614392,0.000000,NULL,NULL,NULL,NULL,NULL,-0.275911,-3.990473,174.570000
0,1,1,-484.920396,626.674488,0.000000,NULL,NULL,NULL,NULL,NULL,-2.447913,3.163498,174.570000
0,1,1,-297.531380,760.326579,0.000000,NULL,NULL,NULL,NULL,NULL,-1.457650,3.724951,174.570000
0,1,1,-341.923613,-319.674245,0.000000,NULL,NULL,NULL,NULL,NULL,-2.921895,-2.731764,174.570000
0,1,1,372.704283,699.256906,0.000000,NULL,NULL,NULL,NULL,NULL,1.881438,3.529899,174.570000
0,1,1,601.056186,10.381939,0.000000,NULL,NULL,NULL,NULL,NULL,3.999403,0.069081,174.570000
0,1,1,334.834171,-284.262496,0.000000,NULL,NULL,NULL,NULL,NULL,3.049314,-2.588761,174.570000
0,1,1,-648.873876,318.507789,0.000000,NULL,NULL,NULL,NULL,NULL,-3.590737,1.762558,174.570000
0,1,1,601.307307,361.047811,0.000000,NULL,NULL,NULL,NULL,NULL,3.429309,2.059088,174.570000
0,1,1,-625.867503,405.158706,0.000000,NULL,NULL,NULL,NULL,NULL,-3.357826,2.173707,174.570000
0,1,1,480.372459,599.598755,0.000000,NULL,NULL,NULL,NULL,NULL,2.500981,3.121713,174.570000
0,1,1,-565.101390,-143.665239,0.000000,NULL,NULL,NULL,NULL,NULL,-3.876682,-0.985565,174.570000
0,1,1,407.982584,-229.463704,0.000000,NULL,NULL,NULL,NULL,NULL,3.486399,-1.960873,174.570000
0,1,1,-574.308623,510.339076,0.000000,NULL,NULL,NULL,NULL,NULL,-2.990044,2.656997,174.570000
0,1,1,-672.041390,103.192127,0.000000,NULL,NULL,NULL,NULL,NULL,-3.953662,0.607086,174.570000
0,1,1,475.564815,-196.941131,0.000000,NULL,NULL,NULL,NULL,NULL,3.695640,-1.530440,174.570000
0,1,1,556.169287,-99.553502,0.000000,NULL,NULL,NULL,NULL,NULL,3.937419,-0.704792,174.570000
0,1,1,536.898676,-109.431209,0.000000,NULL,NULL,NULL,NULL,NULL,3.919416,-0.798859,174.570000
0,1,1,437.198269,-206.095724,0.000000,NULL,NULL,NULL,NULL,NULL,3.618141,-1.705595,174.570000
0,1,1,-72.772053,-417.613457,0.000000,NULL,NULL,NULL,NULL,NULL,-0.686680,-3.940618,174.570000
0,1,1,137.086137,-384.904129,0.000000,NULL,NULL,NULL,NULL,NULL,1.342049,-3.768143,174.570000
0,1,1,511.220310,-143.081290,0.000000,NULL,NULL,NULL,NULL,NULL,3.851974,-1.078098,174.570000
0,1,1,561.346570,263.876624,0.000000,NULL,NULL,NULL,NULL,NULL,3.619986,1.701676,174.570000
0,1,1,-55.927682,-404.741760,0.000000,NULL,NULL,NULL,NULL,NULL,-0.547522,-3.962350,174.570000
0,1,1,206.105628,-370.428457,0.000000,NULL,NULL,NULL,NULL,NULL,1.944821,-3.495378,174.570000
0,1,1,389.967968,-231.793021,0.000000,NULL,NULL,NULL,NULL,NULL,3.438453,-2.043782,174.570000
0,1,1,-409.210193,-284.858985,0.000000,NULL,NULL,NULL,NULL,NULL,-3.282902,-2.285291,174.570000
0,1,1,552.116450,282.680508,0.000000,NULL,NULL,NULL,NULL,NULL,3.560463,1.822937,174.570000
0,1,1,-463.483672,642.690897,0.000000,NULL,NULL,NULL,NULL,NULL,-2.339699,3.244350,174.570000
0,1,1,-257.866013,-355.561820,0.000000,NULL,NULL,NULL,NULL,NULL,-2.348370,-3.238080,174.570000
0,1,1,-653.432491,254.856779,0.000000,NULL,NULL,NULL,NULL,NULL,-3.726583,1.453471,174.570000
0,1,1,606.126122,260.314232,0.000000,NULL,NULL,NULL,NULL,NULL,3.675381,1.578473,174.570000
0,1,1,348.880740,711.442853,0.000000,NULL,NULL,NULL,NULL,NULL,1.761175,3.591415,174.570000
0,1,1,-611.830080,426.060632,0.000000,NULL,NULL,NULL,NULL,NULL,-3.282515,2.285847,174.570000
0,1,1,564.141951,300.966873,0.000000,NULL,NULL,NULL,NULL,NULL,3.529175,1.882797,174.570000
0,1,1,571.498228,442.576879,0.000000,NULL,NULL,NULL,NULL,NULL,3.162556,2.449131,174.570000
0,1,1,531.524082,522.824884,0.000000,NULL,NULL,NULL,NULL,NULL,2.851667,2.804995,174.570000
0,1,1,163.027208,-374.654410,0.000000,NULL,NULL,NULL,NULL,NULL,1.596008,-3.667800,174.570000
0,1,1,637.523981,236.329048,0.000000,NULL,NULL,NULL,NULL,NULL,3.750594,1.390339,174.570000
0,1,1,-527.043493,-203.618103,0.000000,NULL,NULL,NULL,NULL,NULL,-3.731222,-1.441521,174.570000
0,1,1,348.057925,-267.908136,0.000000,NULL,NULL,NULL,NULL,NULL,3.169742,-2.439823,174.570000
0,1,1,-323.870521,-317.664770,0.000000,NULL,NULL,NULL,NULL,NULL,-2.855654,-2.800936,174.570000
0,1,1,81.077967,812.433254,0.000000,NULL,NULL,NULL,NULL,NULL,0.397213,3.980229,174.570000
0,1,1,459.852564,615.477039,0.000000,NULL,NULL,NULL,NULL,NULL,2.394148,3.204381,174.570000
0,1,1,-606.698540,201.876401,0.000000,NULL,NULL,NULL,NULL,NULL,-3.795402,1.262904,174.570000
0,1,1,-506.244793,-209.646339,0.000000,NULL,NULL,NULL,NULL,NULL,-3.695640,-1.530440,174.570000
0,1,1,-556.749093,529.440094,0.000000,NULL,NULL,NULL,NULL,NULL,-2.898624,2.756444,174.570000
0,1,1,-83.411306,-399.982939,0.000000,NULL,NULL,NULL,NULL,NULL,-0.816582,-3.915762,174.570000
0,1,1,-429.372295,-283.878732,0.000000,NULL,NULL,NULL,NULL,NULL,-3.336675,-2.206037,174.570000
0,1,1,-641.253473,154.746109,0.000000,NULL,NULL,NULL,NULL,NULL,-3.888383,0.938337,174.570000
0,1,1,-389.964598,-285.561528,0.000000,NULL,NULL,NULL,NULL,NULL,-3.227247,-2.363234,174.570000
0,1,1,-637.749177,340.235956,0.000000,NULL,NULL,NULL,NULL,NULL,-3.529175,1.882797,174.570000
0,1,1,-356.834396,-302.939918,0.000000,NULL,NULL,NULL,NULL,NULL,-3.049314,-2.588761,174.570000
0,1,1,-474.629669,-237.792216,0.000000,NULL,NULL,NULL,NULL,NULL,-3.576269,-1.791731,174.570000
0,1,1,0.000000,816.468878,0.000000,NULL,NULL,NULL,NULL,NULL,0.000000,4.000000,174.570000
0,1,1,-441.518364,657.974344,0.000000,NULL,NULL,NULL,NULL,NULL,-2.228817,3.321502,174.570000
0,1,1,465.092753,-179.684041,0.000000,NULL,NULL,NULL,NULL,NULL,3.731222,-1.441521,174.570000
0,1,1,588.773331,381.145594,0.000000,NULL,NULL,NULL,NULL,NULL,3.357826,2.173707,174.570000
0,1,1,324.659312,722.817428,0.000000,NULL,NULL,NULL,NULL,NULL,1.638904,3.648835,174.570000
0,1,1,-131.812448,-402.892356,0.000000,NULL,NULL,NULL,NULL,NULL,-1.243788,-3.801709,174.570000
0,1,1,418.499267,-209.670559,0.000000,NULL,NULL,NULL,NULL,NULL,3.576269,-1.791731,174.570000
0,1,1,-274.591097,-342.810178,0.000000,NULL,NULL,NULL,NULL,NULL,-2.500684,-3.121951,174.570000
0,1,1,-668.173800,125.825345,0.000000,NULL,NULL,NULL,NULL,NULL,-3.930909,0.740239,174.570000
0,1,1,188.208536,-362.658717,0.000000,NULL,NULL,NULL,NULL,NULL,1.842528,-3.550365,174.570000
0,1,1,-81.077967,812.433254,0.000000,NULL,NULL,NULL,NULL,NULL,-0.397213,3.980229,174.570000
0,1,1,-644.454425,276.775167,0.000000,NULL,NULL,NULL,NULL,NULL,-3.675381,1.578473,174.570000
0,1,1,583.051035,-5.547361,0.000000,NULL,NULL,NULL,NULL,NULL,3.999819,-0.038056,174.570000
0,1,1,-591.770873,185.871133,0.000000,NULL,NULL,NULL,NULL,NULL,-3.816185,1.198637,174.570000
0,1,1,400.616807,-212.859564,0.000000,NULL,NULL,NULL,NULL,NULL,3.532346,-1.876840,174.570000
0,1,1,-538.554614,547.937308,0.000000,NULL,NULL,NULL,NULL,NULL,-2.803897,2.852746,174.570000
0,1,1,-597.094889,446.476654,0.000000,NULL,NULL,NULL,NULL,NULL,-3.203459,2.395381,174.570000
0,1,1,-419.049522,672.507399,0.000000,NULL,NULL,NULL,NULL,NULL,-2.115392,3.394866,174.570000
0,1,1,513.567355,540.474126,0.000000,NULL,NULL,NULL,NULL,NULL,2.755328,2.899684,174.570000
0,1,1,446.562836,-184.930818,0.000000,NULL,NULL,NULL,NULL,NULL,3.695640,-1.530440,174.570000
0,1,1,484.447168,-173.950117,0.000000,NULL,NULL,NULL,NULL,NULL,3.764665,-1.351776,174.570000
0,1,1,-195.485413,-223.929170,0.000000,NULL,NULL,NULL,NULL,NULL,-2.630567,-3.013323,174.570000
0,1,1,360.483638,-250.939505,0.000000,NULL,NULL,NULL,NULL,NULL,3.282902,-2.285291,174.570000
0,1,1,438.808226,630.653397,0.000000,NULL,NULL,NULL,NULL,NULL,2.284584,3.283394,174.570000
0,1,1,-571.330786,-116.449195,0.000000,NULL,NULL,NULL,NULL,NULL,-3.919416,-0.798859,174.570000
0,1,1,596.990755,280.632168,0.000000,NULL,NULL,NULL,NULL,NULL,3.619986,1.701676,174.570000
0,1,1,-110.506213,-393.360108,0.000000,NULL,NULL,NULL,NULL,NULL,-1.081836,-3.850926,174.570000
0,1,1,300.067624,733.367660,0.000000,NULL,NULL,NULL,NULL,NULL,1.514763,3.702093,174.570000
0,1,1,556.228351,461.621642,0.000000,NULL,NULL,NULL,NULL,NULL,3.078055,2.554521,174.570000
0,1,1,553.657853,319.843996,0.000000,NULL,NULL,NULL,NULL,NULL,3.463588,2.000889,174.570000
0,1,1,517.483523,-118.445197,0.000000,NULL,NULL,NULL,NULL,NULL,3.899167,-0.892468,174.570000
0,1,1,560.297299,-72.815608,0.000000,NULL,NULL,NULL,NULL,NULL,3.966643,-0.515501,174.570000
0,1,1,541.521625,-83.604473,0.000000,NULL,NULL,NULL,NULL,NULL,3.953164,-0.610321,174.570000
0,1,1,-596.923805,71.121693,0.000000,NULL,NULL,NULL,NULL,NULL,-3.971907,0.473241,174.570000
0,1,1,-338.705807,-301.796946,0.000000,NULL,NULL,NULL,NULL,NULL,-2.986460,-2.661025,174.570000
0,1,1,-422.377236,-264.943569,0.000000,NULL,NULL,NULL,NULL,NULL,-3.388535,-2.125518,174.570000
0,1,1,40.757698,-393.643228,0.000000,NULL,NULL,NULL,NULL,NULL,0.411956,-3.978730,174.570000
0,1,1,212.512769,-348.972951,0.000000,NULL,NULL,NULL,NULL,NULL,2.080462,-3.416383,174.570000
0,1,1,-599.536051,222.246987,0.000000,NULL,NULL,NULL,NULL,NULL,-3.750594,1.390339,174.570000
0,1,1,629.180590,257.720837,0.000000,NULL,NULL,NULL,NULL,NULL,3.701510,1.516188,174.570000
0,1,1,-625.897152,361.576098,0.000000,NULL,NULL,NULL,NULL,NULL,-3.463588,2.000889,174.570000
0,1,1,67.519460,-389.945256,0.000000,NULL,NULL,NULL,NULL,NULL,0.682450,-3.941353,174.570000
0,1,1,575.567883,400.808696,0.000000,NULL,NULL,NULL,NULL,NULL,3.282515,2.285847,174.570000
0,1,1,13.805997,-395.506732,0.000000,NULL,NULL,NULL,NULL,NULL,0.139543,-3.997565,174.570000
0,1,1,-396.102772,686.273486,0.000000,NULL,NULL,NULL,NULL,NULL,-1.999555,3.464358,174.570000
0,1,1,-290.686586,-329.272527,0.000000,NULL,NULL,NULL,NULL,NULL,-2.647265,-2.998665,174.570000
0,1,1,-635.662675,176.310348,0.000000,NULL,NULL,NULL,NULL,NULL,-3.854482,1.069097,174.570000
0,1,1,93.966566,-384.430052,0.000000,NULL,NULL,NULL,NULL,NULL,0.949763,-3.885608,174.570000
0,1,1,542.256665,301.162006,0.000000,NULL,NULL,NULL,NULL,NULL,3.496880,1.942120,174.570000
0,1,1,-577.876434,225.387823,0.000000,NULL,NULL,NULL,NULL,NULL,-3.726583,1.453471,174.570000
0,1,1,-370.927015,-285.510997,0.000000,NULL,NULL,NULL,NULL,NULL,-3.169742,-2.439823,174.570000
0,1,1,275.133721,743.081516,0.000000,NULL,NULL,NULL,NULL,NULL,1.388895,3.751129,174.570000
0,1,1,-342.012815,-250.447611,0.000000,NULL,NULL,NULL,NULL,NULL,-3.227247,-2.363234,174.570000
0,1,1,-519.745936,565.809622,0.000000,NULL,NULL,NULL,NULL,NULL,-2.705973,2.945796,174.570000
0,1,1,-585.157328,205.746801,0.000000,NULL,NULL,NULL,NULL,NULL,-3.773536,1.326811,174.570000
0,1,1,-13.805997,-395.506732,0.000000,NULL,NULL,NULL,NULL,NULL,-0.139543,-3.997565,174.570000
0,1,1,-599.023939,-50.464295,0.000000,NULL,NULL,NULL,NULL,NULL,-3.985881,-0.335787,174.570000
0,1,1,-536.186456,-178.155156,0.000000,NULL,NULL,NULL,NULL,NULL,-3.795950,-1.261255,174.570000
0,1,1,-663.544186,148.315063,0.000000,NULL,NULL,NULL,NULL,NULL,-3.903673,0.872547,174.570000
0,1,1,-442.469299,-262.999282,0.000000,NULL,NULL,NULL,NULL,NULL,-3.438453,-2.043782,174.570000
0,1,1,-515.700172,-185.172112,0.000000,NULL,NULL,NULL,NULL,NULL,-3.764665,-1.351776,174.570000
0,1,1,-403.187334,-266.566591,0.000000,NULL,NULL,NULL,NULL,NULL,-3.336675,-2.206037,174.570000
0,1,1,417.263446,645.110520,0.000000,NULL,NULL,NULL,NULL,NULL,2.172414,3.358663,174.570000
0,1,1,428.056398,-189.396673,0.000000,NULL,NULL,NULL,NULL,NULL,3.657939,-1.618482,174.570000
0,1,1,-634.741384,298.377905,0.000000,NULL,NULL,NULL,NULL,NULL,-3.619986,1.701676,174.570000
0,1,1,-581.678737,466.383486,0.000000,NULL,NULL,NULL,NULL,NULL,-3.120750,2.502183,174.570000
0,1,1,495.024926,557.506979,0.000000,NULL,NULL,NULL,NULL,NULL,2.655846,2.991067,174.570000
0,1,1,-137.086137,-384.904129,0.000000,NULL,NULL,NULL,NULL,NULL,-1.342049,-3.768143,174.570000
0,1,1,473.161017,-157.214107,0.000000,NULL,NULL,NULL,NULL,NULL,3.795950,-1.261255,174.570000
0,1,1,-485.468632,-214.799135,0.000000,NULL,NULL,NULL,NULL,NULL,-3.657939,-1.618482,174.570000
0,1,1,-372.704283,699.256906,0.000000,NULL,NULL,NULL,NULL,NULL,-1.881438,3.529899,174.570000
0,1,1,410.347097,-193.438054,0.000000,NULL,NULL,NULL,NULL,NULL,3.618141,-1.705595,174.570000
0,1,1,372.082820,-233.395510,0.000000,NULL,NULL,NULL,NULL,NULL,3.388535,-2.125518,174.570000
0,1,1,263.384451,332.152679,0.000000,NULL,NULL,NULL,NULL,NULL,2.485307,3.134207,174.570000
0,1,1,119.975766,-377.123317,0.000000,NULL,NULL,NULL,NULL,NULL,1.212649,-3.811756,174.570000
0,1,1,-40.757698,-393.643228,0.000000,NULL,NULL,NULL,NULL,NULL,-0.411956,-3.978730,174.570000
0,1,1,249.886040,751.947918,0.000000,NULL,NULL,NULL,NULL,NULL,1.261443,3.795888,174.570000
0,1,1,145.849647,-259.011004,0.000000,NULL,NULL,NULL,NULL,NULL,1.962639,-3.485405,174.570000
0,1,1,257.016898,-337.103968,0.000000,NULL,NULL,NULL,NULL,NULL,2.425222,-3.180927,174.570000
0,1,1,540.324117,480.139945,0.000000,NULL,NULL,NULL,NULL,NULL,2.990044,2.656997,174.570000
0,1,1,587.174545,300.630054,0.000000,NULL,NULL,NULL,NULL,NULL,3.560463,1.822937,174.570000
0,1,1,542.542331,338.356349,0.000000,NULL,NULL,NULL,NULL,NULL,3.394051,2.116699,174.570000
0,1,1,-352.764496,-285.237149,0.000000,NULL,NULL,NULL,NULL,NULL,-3.110420,-2.515013,174.570000
0,1,1,235.826644,-333.660893,0.000000,NULL,NULL,NULL,NULL,NULL,2.308701,-3.266481,174.570000
0,1,1,-306.115578,-314.979907,0.000000,NULL,NULL,NULL,NULL,NULL,-2.787776,-2.868503,174.570000
0,1,1,26.412084,-381.995672,0.000000,NULL,NULL,NULL,NULL,NULL,0.275911,-3.990473,174.570000
0,1,1,454.903506,-163.341894,0.000000,NULL,NULL,NULL,NULL,NULL,3.764665,-1.351776,174.570000
0,1,1,52.412606,-379.303586,0.000000,NULL,NULL,NULL,NULL,NULL,0.547522,-3.962350,174.570000
0,1,1,620.119645,278.818705,0.000000,NULL,NULL,NULL,NULL,NULL,3.648204,1.640308,174.570000
0,1,1,-591.689815,242.364111,0.000000,NULL,NULL,NULL,NULL,NULL,-3.701510,1.516188,174.570000
0,1,1,-613.331316,382.503877,0.000000,NULL,NULL,NULL,NULL,NULL,-3.394051,2.116699,174.570000
0,1,1,-500.344509,583.036653,0.000000,NULL,NULL,NULL,NULL,NULL,-2.604962,3.035485,174.570000
0,1,1,-348.880740,711.442853,0.000000,NULL,NULL,NULL,NULL,NULL,-1.761175,3.591415,174.570000
0,1,1,492.218762,-150.560263,0.000000,NULL,NULL,NULL,NULL,NULL,3.825058,-1.170012,174.570000
0,1,1,395.242793,658.831921,0.000000,NULL,NULL,NULL,NULL,NULL,2.057767,3.430101,174.570000
0,1,1,561.706024,420.014692,0.000000,NULL,NULL,NULL,NULL,NULL,3.203459,2.395381,174.570000
0,1,1,145.425852,-368.059101,0.000000,NULL,NULL,NULL,NULL,NULL,1.469885,-3.720140,174.570000
0,1,1,78.168873,-374.843859,0.000000,NULL,NULL,NULL,NULL,NULL,0.816582,-3.915762,174.570000
0,1,1,224.353373,759.956754,0.000000,NULL,NULL,NULL,NULL,NULL,1.132552,3.836317,174.570000
0,1,1,582.648164,22.369589,0.000000,NULL,NULL,NULL,NULL,NULL,3.997055,0.153459,174.570000
0,1,1,-629.346930,197.673512,0.000000,NULL,NULL,NULL,NULL,NULL,-3.816185,1.198637,174.570000
0,1,1,-0.288476,-382.907572,0.000000,NULL,NULL,NULL,NULL,NULL,-0.003014,-3.999999,174.570000
0,1,1,-67.519460,-389.945256,0.000000,NULL,NULL,NULL,NULL,NULL,-0.682450,-3.941353,174.570000
0,1,1,-576.250211,-88.966152,0.000000,NULL,NULL,NULL,NULL,NULL,-3.953164,-0.610321,174.570000
0,1,1,-434.575834,-244.420679,0.000000,NULL,NULL,NULL,NULL,NULL,-3.486399,-1.960873,174.570000
0,1,1,-565.599203,485.758428,0.000000,NULL,NULL,NULL,NULL,NULL,-3.034482,2.606131,174.570000
0,1,1,-384.169158,-267.427445,0.000000,NULL,NULL,NULL,NULL,NULL,-3.282902,-2.285291,174.570000
0,1,1,475.917941,573.904018,0.000000,NULL,NULL,NULL,NULL,NULL,2.553336,3.079038,174.570000
0,1,1,-324.659312,722.817428,0.000000,NULL,NULL,NULL,NULL,NULL,-1.638904,3.648835,174.570000
0,1,1,103.560856,-368.637275,0.000000,NULL,NULL,NULL,NULL,NULL,1.081836,-3.850926,174.570000
0,1,1,522.560228,-93.537529,0.000000,NULL,NULL,NULL,NULL,NULL,3.937419,-0.704792,174.570000
0,1,1,-26.412084,-381.995672,0.000000,NULL,NULL,NULL,NULL,NULL,-0.275911,-3.990473,174.570000
0,1,1,544.902951,-57.586045,0.000000,NULL,NULL,NULL,NULL,NULL,3.977848,-0.420384,174.570000
0,1,1,-624.304447,319.640355,0.000000,NULL,NULL,NULL,NULL,NULL,-3.560463,1.822937,174.570000
0,1,1,563.140638,-45.910759,0.000000,NULL,NULL,NULL,NULL,NULL,3.986773,-0.325027,174.570000
0,1,1,-658.157827,170.635635,0.000000,NULL,NULL,NULL,NULL,NULL,-3.871985,1.003860,174.570000
0,1,1,382.828874,-215.316376,0.000000,NULL,NULL,NULL,NULL,NULL,3.486399,-1.960873,174.570000
0,1,1,198.564841,767.098890,0.000000,NULL,NULL,NULL,NULL,NULL,1.002370,3.872371,174.570000
0,1,1,-316.495040,-282.006491,0.000000,NULL,NULL,NULL,NULL,NULL,-2.986460,-2.661025,174.570000
0,1,1,-163.027208,-374.654410,0.000000,NULL,NULL,NULL,NULL,NULL,-1.596008,-3.667800,174.570000
0,1,1,170.198221,-357.279647,0.000000,NULL,NULL,NULL,NULL,NULL,1.720270,-3.611187,174.570000
0,1,1,531.778458,319.300041,0.000000,NULL,NULL,NULL,NULL,NULL,3.429309,2.059088,174.570000
0,1,1,-480.372459,599.598755,0.000000,NULL,NULL,NULL,NULL,NULL,-2.500981,3.121713,174.570000
0,1,1,-415.485626,-246.960459,0.000000,NULL,NULL,NULL,NULL,NULL,-3.438453,-2.043782,174.570000
0,1,1,-300.067624,733.367660,0.000000,NULL,NULL,NULL,NULL,NULL,-1.514763,3.702093,174.570000
0,1,1,-93.966566,-384.430052,0.000000,NULL,NULL,NULL,NULL,NULL,-0.949763,-3.885608,174.570000
0,1,1,372.771383,671.801952,0.000000,NULL,NULL,NULL,NULL,NULL,1.940774,3.497628,174.570000
0,1,1,-600.066001,402.995426,0.000000,NULL,NULL,NULL,NULL,NULL,-3.320644,2.230095,174.570000
0,1,1,436.632064,-168.688531,0.000000,NULL,NULL,NULL,NULL,NULL,3.731222,-1.441521,174.570000
0,1,1,258.041514,-316.793899,0.000000,NULL,NULL,NULL,NULL,NULL,2.526181,-3.101356,174.570000
0,1,1,-454.551790,-241.516816,0.000000,NULL,NULL,NULL,NULL,NULL,-3.532346,-1.876840,174.570000
0,1,1,523.803667,498.110668,0.000000,NULL,NULL,NULL,NULL,NULL,2.898624,2.756444,174.570000
0,1,1,-544.100030,-152.283727,0.000000,NULL,NULL,NULL,NULL,NULL,-3.851974,-1.078098,174.570000
0,1,1,419.136525,-173.573021,0.000000,NULL,NULL,NULL,NULL,NULL,3.695640,-1.530440,174.570000
0,1,1,530.808061,356.482821,0.000000,NULL,NULL,NULL,NULL,NULL,3.320644,2.230095,174.570000
0,1,1,-583.168782,262.204828,0.000000,NULL,NULL,NULL,NULL,NULL,-3.648204,1.640308,174.570000
0,1,1,-206.105628,-370.428457,0.000000,NULL,NULL,NULL,NULL,NULL,-1.944821,-3.495378,174.570000
0,1,1,-523.973132,-160.273315,0.000000,NULL,NULL,NULL,NULL,NULL,-3.825058,-1.170012,174.570000
0,1,1,172.549854,773.366182,0.000000,NULL,NULL,NULL,NULL,NULL,0.871044,3.904008,174.570000
0,1,1,-366.014351,-268.023348,0.000000,NULL,NULL,NULL,NULL,NULL,-3.227247,-2.363234,174.570000
0,1,1,576.688686,320.285084,0.000000,NULL,NULL,NULL,NULL,NULL,3.496880,1.942120,174.570000
0,1,1,128.470221,-360.712758,0.000000,NULL,NULL,NULL,NULL,NULL,1.342049,-3.768143,174.570000
0,1,1,-52.412606,-379.303586,0.000000,NULL,NULL,NULL,NULL,NULL,-0.547522,-3.962350,174.570000
0,1,1,520.693779,337.073928,0.000000,NULL,NULL,NULL,NULL,NULL,3.357826,2.173707,174.570000
0,1,1,422.330354,36.521825,0.000000,NULL,NULL,NULL,NULL,NULL,3.985127,0.344621,174.570000
0,1,1,480.144398,-134.383706,0.000000,NULL,NULL,NULL,NULL,NULL,3.851974,-1.078098,174.570000
0,1,1,-495.194492,-191.313553,0.000000,NULL,NULL,NULL,NULL,NULL,-3.731222,-1.441521,174.570000
0,1,1,-320.842695,-299.965087,0.000000,NULL,NULL,NULL,NULL,NULL,-2.921895,-2.731764,174.570000
0,1,1,-275.133721,743.081516,0.000000,NULL,NULL,NULL,NULL,NULL,-1.388895,3.751129,174.570000
0,1,1,610.351479,299.598592,0.000000,NULL,NULL,NULL,NULL,NULL,3.590737,1.762558,174.570000
0,1,1,547.203562,438.741678,0.000000,NULL,NULL,NULL,NULL,NULL,3.120750,2.502183,174.570000
0,1,1,194.177427,-344.835189,0.000000,NULL,NULL,NULL,NULL,NULL,1.962639,-3.485405,174.570000
0,1,1,146.338081,778.751481,0.000000,NULL,NULL,NULL,NULL,NULL,0.738725,3.931194,174.570000
0,1,1,-548.874627,504.579382,0.000000,NULL,NULL,NULL,NULL,NULL,-2.944754,2.707106,174.570000
0,1,1,456.268192,589.646544,0.000000,NULL,NULL,NULL,NULL,NULL,2.447913,3.163498,174.570000
0,1,1,-622.313440,218.811238,0.000000,NULL,NULL,NULL,NULL,NULL,-3.773536,1.326811,174.570000
0,1,1,462.201154,-141.378454,0.000000,NULL,NULL,NULL,NULL,NULL,3.825058,-1.170012,174.570000
0,1,1,-459.852564,615.477039,0.000000,NULL,NULL,NULL,NULL,NULL,-2.394148,3.204381,174.570000
0,1,1,-249.886040,751.947918,0.000000,NULL,NULL,NULL,NULL,NULL,-1.261443,3.795888,174.570000
0,1,1,152.780886,-351.107238,0.000000,NULL,NULL,NULL,NULL,NULL,1.596008,-3.667800,174.570000
0,1,1,349.874842,684.005820,0.000000,NULL,NULL,NULL,NULL,NULL,1.821566,3.561165,174.570000
0,1,1,-613.155516,340.538268,0.000000,NULL,NULL,NULL,NULL,NULL,-3.496880,1.942120,174.570000
0,1,1,392.697163,-196.743555,0.000000,NULL,NULL,NULL,NULL,NULL,3.576269,-1.791731,174.570000
0,1,1,119.959415,783.248647,0.000000,NULL,NULL,NULL,NULL,NULL,0.605564,3.953896,174.570000
0,1,1,-569.936497,244.771800,0.000000,NULL,NULL,NULL,NULL,NULL,-3.675381,1.578473,174.570000
0,1,1,-78.168873,-374.843859,0.000000,NULL,NULL,NULL,NULL,NULL,-0.816582,-3.915762,174.570000
0,1,1,276.578105,-108.919106,0.000000,NULL,NULL,NULL,NULL,NULL,3.721798,-1.465680,174.570000
0,1,1,-188.208536,-362.658717,0.000000,NULL,NULL,NULL,NULL,NULL,-1.842528,-3.550365,174.570000
0,1,1,498.861776,-126.825199,0.000000,NULL,NULL,NULL,NULL,NULL,3.876682,-0.985565,174.570000
0,1,1,509.015270,354.463396,0.000000,NULL,NULL,NULL,NULL,NULL,3.282515,2.285847,174.570000
0,1,1,-652.020865,192.761604,0.000000,NULL,NULL,NULL,NULL,NULL,-3.835880,1.134029,174.570000
0,1,1,-224.353373,759.956754,0.000000,NULL,NULL,NULL,NULL,NULL,-1.132552,3.836317,174.570000
0,1,1,418.943068,-64.679807,0.000000,NULL,NULL,NULL,NULL,NULL,3.953164,-0.610321,174.570000
0,1,1,-119.975766,-377.123317,0.000000,NULL,NULL,NULL,NULL,NULL,-1.212649,-3.811756,174.570000
0,1,1,-10.369896,-297.071179,0.000000,NULL,NULL,NULL,NULL,NULL,-0.139543,-3.997565,174.570000
0,1,1,-586.116335,423.027375,0.000000,NULL,NULL,NULL,NULL,NULL,-3.243449,2.340948,174.570000
0,1,1,93.443940,786.852549,0.000000,NULL,NULL,NULL,NULL,NULL,0.471712,3.972089,174.570000
0,1,1,506.685840,515.513316,0.000000,NULL,NULL,NULL,NULL,NULL,2.803897,2.852746,174.570000
0,1,1,-396.530462,-248.730724,0.000000,NULL,NULL,NULL,NULL,NULL,-3.388535,-2.125518,174.570000
0,1,1,-445.778019,-223.337372,0.000000,NULL,NULL,NULL,NULL,NULL,-3.576269,-1.791731,174.570000
0,1,1,-573.982668,281.746511,0.000000,NULL,NULL,NULL,NULL,NULL,-3.590737,1.762558,174.570000
0,1,1,580.909375,50.235249,0.000000,NULL,NULL,NULL,NULL,NULL,3.985127,0.344621,174.570000
0,1,1,-198.564841,767.098890,0.000000,NULL,NULL,NULL,NULL,NULL,-1.002370,3.872371,174.570000
0,1,1,176.379558,-339.865478,0.000000,NULL,NULL,NULL,NULL,NULL,1.842528,-3.550365,174.570000
0,1,1,518.468427,374.202739,0.000000,NULL,NULL,NULL,NULL,NULL,3.243449,2.340948,174.570000
0,1,1,-579.848386,-61.279124,0.000000,NULL,NULL,NULL,NULL,NULL,-3.977848,-0.420384,174.570000
0,1,1,66.821897,789.559078,0.000000,NULL,NULL,NULL,NULL,NULL,0.337322,3.985751,174.570000
0,1,1,-594.181936,91.236788,0.000000,NULL,NULL,NULL,NULL,NULL,-3.953662,0.607086,174.570000
0,1,1,279.053852,-298.450574,0.000000,NULL,NULL,NULL,NULL,NULL,2.731888,-2.921778,174.570000
0,1,1,-438.808226,630.653397,0.000000,NULL,NULL,NULL,NULL,NULL,-2.284584,3.283394,174.570000
0,1,1,217.251723,-330.783720,0.000000,NULL,NULL,NULL,NULL,NULL,2.195861,-3.343380,174.570000
0,1,1,-334.834171,-284.262496,0.000000,NULL,NULL,NULL,NULL,NULL,-3.049314,-2.588761,174.570000
0,1,1,565.545137,339.574842,0.000000,NULL,NULL,NULL,NULL,NULL,3.429309,2.059088,174.570000
0,1,1,326.579282,695.429607,0.000000,NULL,NULL,NULL,NULL,NULL,1.700282,3.620641,174.570000
0,1,1,-531.524082,522.824884,0.000000,NULL,NULL,NULL,NULL,NULL,-2.851667,2.804995,174.570000
0,1,1,426.964940,-153.310013,0.000000,NULL,NULL,NULL,NULL,NULL,3.764665,-1.351776,174.570000
0,1,1,436.098087,604.716601,0.000000,NULL,NULL,NULL,NULL,NULL,2.339699,3.244350,174.570000
0,1,1,526.438786,-68.415393,0.000000,NULL,NULL,NULL,NULL,NULL,3.966643,-0.515501,174.570000
0,1,1,-172.549854,773.366182,0.000000,NULL,NULL,NULL,NULL,NULL,-0.871044,3.904008,174.570000
0,1,1,-145.849647,-259.011004,0.000000,NULL,NULL,NULL,NULL,NULL,-1.962639,-3.485405,174.570000
0,1,1,40.123645,791.365147,0.000000,NULL,NULL,NULL,NULL,NULL,0.202547,3.994869,174.570000
0,1,1,-426.831276,-226.788086,0.000000,NULL,NULL,NULL,NULL,NULL,-3.532346,-1.876840,174.570000
0,1,1,444.206602,-147.593613,0.000000,NULL,NULL,NULL,NULL,NULL,3.795950,-1.261255,174.570000
0,1,1,-378.424993,-250.195013,0.000000,NULL,NULL,NULL,NULL,NULL,-3.336675,-2.206037,174.570000
0,1,1,302.632583,-296.833777,0.000000,NULL,NULL,NULL,NULL,NULL,2.855654,-2.800936,174.570000
0,1,1,547.034901,-31.435581,0.000000,NULL,NULL,NULL,NULL,NULL,3.993412,-0.229483,174.570000
0,1,1,38.182522,-368.771837,0.000000,NULL,NULL,NULL,NULL,NULL,0.411956,-3.978730,174.570000
0,1,1,532.077037,456.968298,0.000000,NULL,NULL,NULL,NULL,NULL,3.034482,2.606131,174.570000
0,1,1,564.692785,-18.900644,0.000000,NULL,NULL,NULL,NULL,NULL,3.997761,-0.133808,174.570000
0,1,1,-146.338081,778.751481,0.000000,NULL,NULL,NULL,NULL,NULL,-0.738725,3.931194,174.570000
0,1,1,13.379635,792.268697,0.000000,NULL,NULL,NULL,NULL,NULL,0.067541,3.999430,174.570000
0,1,1,-103.560856,-368.637275,0.000000,NULL,NULL,NULL,NULL,NULL,-1.081836,-3.850926,174.570000
0,1,1,599.887232,320.036800,0.000000,NULL,NULL,NULL,NULL,NULL,3.529175,1.882797,174.570000
0,1,1,63.253407,-365.307513,0.000000,NULL,NULL,NULL,NULL,NULL,0.682450,-3.941353,174.570000
0,1,1,-119.959415,783.248647,0.000000,NULL,NULL,NULL,NULL,NULL,-0.605564,3.953896,174.570000
0,1,1,-465.592067,-219.480591,0.000000,NULL,NULL,NULL,NULL,NULL,-3.618141,-1.705595,174.570000
0,1,1,-13.379635,792.268697,0.000000,NULL,NULL,NULL,NULL,NULL,-0.067541,3.999430,174.570000
0,1,1,-93.443940,786.852549,0.000000,NULL,NULL,NULL,NULL,NULL,-0.471712,3.972089,174.570000
0,1,1,-40.123645,791.365147,0.000000,NULL,NULL,NULL,NULL,NULL,-0.202547,3.994869,174.570000
0,1,1,12.933698,-370.517600,0.000000,NULL,NULL,NULL,NULL,NULL,0.139543,-3.997565,174.570000
0,1,1,-614.570227,239.699419,0.000000,NULL,NULL,NULL,NULL,NULL,-3.726583,1.453471,174.570000
0,1,1,88.029517,-360.140774,0.000000,NULL,NULL,NULL,NULL,NULL,0.949763,-3.885608,174.570000
0,1,1,-66.821897,789.559078,0.000000,NULL,NULL,NULL,NULL,NULL,-0.337322,3.985751,174.570000
0,1,1,-417.263446,645.110520,0.000000,NULL,NULL,NULL,NULL,NULL,-2.172414,3.358663,174.570000
0,1,1,-552.116450,282.680508,0.000000,NULL,NULL,NULL,NULL,NULL,-3.560463,1.822937,174.570000
0,1,1,-550.766068,-126.063136,0.000000,NULL,NULL,NULL,NULL,NULL,-3.899167,-0.892468,174.570000
0,1,1,-531.044704,-135.007037,0.000000,NULL,NULL,NULL,NULL,NULL,-3.876682,-0.985565,174.570000
0,1,1,-601.307307,361.047811,0.000000,NULL,NULL,NULL,NULL,NULL,-3.429309,2.059088,174.570000
0,1,1,-12.933698,-370.517600,0.000000,NULL,NULL,NULL,NULL,NULL,-0.139543,-3.997565,174.570000
0,1,1,401.665060,-177.719633,0.000000,NULL,NULL,NULL,NULL,NULL,3.657939,-1.618482,174.570000
0,1,1,-561.346570,263.876624,0.000000,NULL,NULL,NULL,NULL,NULL,-3.619986,1.701676,174.570000
0,1,1,-263.384451,332.152679,0.000000,NULL,NULL,NULL,NULL,NULL,-2.485307,3.134207,174.570000
0,1,1,-503.784951,-167.389320,0.000000,NULL,NULL,NULL,NULL,NULL,-3.795950,-1.261255,174.570000
0,1,1,486.026885,-111.245185,0.000000,NULL,NULL,NULL,NULL,NULL,3.899167,-0.892468,174.570000
0,1,1,-145.425852,-368.059101,0.000000,NULL,NULL,NULL,NULL,NULL,-1.469885,-3.720140,174.570000
0,1,1,-212.512769,-348.972951,0.000000,NULL,NULL,NULL,NULL,NULL,-2.080462,-3.416383,174.570000
0,1,1,199.156260,-327.039869,0.000000,NULL,NULL,NULL,NULL,NULL,2.080462,-3.416383,174.570000
0,1,1,-571.498228,442.576879,0.000000,NULL,NULL,NULL,NULL,NULL,-3.162556,2.449131,174.570000
0,1,1,302.911273,706.060286,0.000000,NULL,NULL,NULL,NULL,NULL,1.577058,3.675988,174.570000
0,1,1,-513.567355,540.474126,0.000000,NULL,NULL,NULL,NULL,NULL,-2.755328,2.899684,174.570000
0,1,1,488.990158,532.328042,0.000000,NULL,NULL,NULL,NULL,NULL,2.705973,2.945796,174.570000
0,1,1,-645.140301,214.667736,0.000000,NULL,NULL,NULL,NULL,NULL,-3.795402,1.262904,174.570000
0,1,1,415.430630,619.097004,0.000000,NULL,NULL,NULL,NULL,NULL,2.228817,3.321502,174.570000
0,1,1,468.439048,-119.090855,0.000000,NULL,NULL,NULL,NULL,NULL,3.876682,-0.985565,174.570000
0,1,1,-564.141951,300.966873,0.000000,NULL,NULL,NULL,NULL,NULL,-3.529175,1.882797,174.570000
0,1,1,-38.182522,-368.771837,0.000000,NULL,NULL,NULL,NULL,NULL,-0.411956,-3.978730,174.570000
0,1,1,505.537501,391.495894,0.000000,NULL,NULL,NULL,NULL,NULL,3.162556,2.449131,174.570000
0,1,1,239.313576,-315.190724,0.000000,NULL,NULL,NULL,NULL,NULL,2.418850,-3.185775,174.570000
0,1,1,112.395389,-353.295696,0.000000,NULL,NULL,NULL,NULL,NULL,1.212649,-3.811756,174.570000
0,1,1,-395.242793,658.831921,0.000000,NULL,NULL,NULL,NULL,NULL,-2.057767,3.430101,174.570000
0,1,1,-348.057925,-267.908136,0.000000,NULL,NULL,NULL,NULL,NULL,-3.169742,-2.439823,174.570000
0,1,1,49.082464,-355.203760,0.000000,NULL,NULL,NULL,NULL,NULL,0.547522,-3.962350,174.570000
0,1,1,24.733939,-357.724799,0.000000,NULL,NULL,NULL,NULL,NULL,0.275911,-3.990473,174.570000
0,1,1,-407.982584,-229.463704,0.000000,NULL,NULL,NULL,NULL,NULL,-3.486399,-1.960873,174.570000
0,1,1,248.640979,-162.900226,0.000000,NULL,NULL,NULL,NULL,NULL,3.345860,-2.192082,174.570000
0,1,1,73.202255,-351.027391,0.000000,NULL,NULL,NULL,NULL,NULL,0.816582,-3.915762,174.570000
0,1,1,553.756607,358.477329,0.000000,NULL,NULL,NULL,NULL,NULL,3.357826,2.173707,174.570000
0,1,1,504.360979,-102.799344,0.000000,NULL,NULL,NULL,NULL,NULL,3.919416,-0.798859,174.570000
0,1,1,278.897806,715.885731,0.000000,NULL,NULL,NULL,NULL,NULL,1.452036,3.727143,174.570000
0,1,1,-128.470221,-360.712758,0.000000,NULL,NULL,NULL,NULL,NULL,-1.342049,-3.768143,174.570000
0,1,1,516.343700,474.673764,0.000000,NULL,NULL,NULL,NULL,NULL,2.944754,2.707106,174.570000
0,1,1,-455.958106,-201.741987,0.000000,NULL,NULL,NULL,NULL,NULL,-3.657939,-1.618482,174.570000
0,1,1,-389.967968,-231.793021,0.000000,NULL,NULL,NULL,NULL,NULL,-3.438453,-2.043782,174.570000
0,1,1,-606.126122,260.314232,0.000000,NULL,NULL,NULL,NULL,NULL,-3.675381,1.578473,174.570000
0,1,1,96.980906,-345.215155,0.000000,NULL,NULL,NULL,NULL,NULL,1.081836,-3.850926,174.570000
0,1,1,433.814393,-132.695489,0.000000,NULL,NULL,NULL,NULL,NULL,3.825058,-1.170012,174.570000
0,1,1,136.237473,-344.804181,0.000000,NULL,NULL,NULL,NULL,NULL,1.469885,-3.720140,174.570000
0,1,1,-495.024926,557.506979,0.000000,NULL,NULL,NULL,NULL,NULL,-2.655846,2.991067,174.570000
0,1,1,588.738839,340.110018,0.000000,NULL,NULL,NULL,NULL,NULL,3.463588,2.000889,174.570000
0,1,1,-0.270148,-358.578759,0.000000,NULL,NULL,NULL,NULL,NULL,-0.003014,-3.999999,174.570000
0,1,1,-588.773331,381.145594,0.000000,NULL,NULL,NULL,NULL,NULL,-3.357826,2.173707,174.570000
0,1,1,450.762645,-126.160287,0.000000,NULL,NULL,NULL,NULL,NULL,3.851974,-1.078098,174.570000
0,1,1,-63.253407,-365.307513,0.000000,NULL,NULL,NULL,NULL,NULL,-0.682450,-3.941353,174.570000
0,1,1,-372.771383,671.801952,0.000000,NULL,NULL,NULL,NULL,NULL,-1.940774,3.497628,174.570000
0,1,1,-437.198269,-206.095724,0.000000,NULL,NULL,NULL,NULL,NULL,-3.618141,-1.705595,174.570000
0,1,1,-556.228351,461.621642,0.000000,NULL,NULL,NULL,NULL,NULL,-3.078055,2.554521,174.570000
0,1,1,298.765736,-278.716402,0.000000,NULL,NULL,NULL,NULL,NULL,2.924864,-2.728584,174.570000
0,1,1,-24.733939,-357.724799,0.000000,NULL,NULL,NULL,NULL,NULL,-0.275911,-3.990473,174.570000
0,1,1,221.004850,-312.690179,0.000000,NULL,NULL,NULL,NULL,NULL,2.308701,-3.266481,174.570000
0,1,1,394.289392,632.771353,0.000000,NULL,NULL,NULL,NULL,NULL,2.115392,3.394866,174.570000
0,1,1,470.736803,548.535670,0.000000,NULL,NULL,NULL,NULL,NULL,2.604962,3.035485,174.570000
0,1,1,-582.117061,-33.451592,0.000000,NULL,NULL,NULL,NULL,NULL,-3.993412,-0.229483,174.570000
0,1,1,254.566267,724.894739,0.000000,NULL,NULL,NULL,NULL,NULL,1.325358,3.774046,174.570000
0,1,1,577.838653,77.985728,0.000000,NULL,NULL,NULL,NULL,NULL,3.964061,0.534994,174.570000
0,1,1,-170.198221,-357.279647,0.000000,NULL,NULL,NULL,NULL,NULL,-1.720270,-3.611187,174.570000
0,1,1,529.110303,-43.136392,0.000000,NULL,NULL,NULL,NULL,NULL,3.986773,-0.325027,174.570000
0,1,1,159.444660,-334.705801,0.000000,NULL,NULL,NULL,NULL,NULL,1.720270,-3.611187,174.570000
0,1,1,-475.564815,-196.941131,0.000000,NULL,NULL,NULL,NULL,NULL,-3.695640,-1.530440,174.570000
0,1,1,-601.056186,10.381939,0.000000,NULL,NULL,NULL,NULL,NULL,-3.999403,0.069081,174.570000
0,1,1,496.756250,371.448613,0.000000,NULL,NULL,NULL,NULL,NULL,3.203459,2.395381,174.570000
0,1,1,-553.657853,319.843996,0.000000,NULL,NULL,NULL,NULL,NULL,-3.463588,2.000889,174.570000
0,1,1,-235.826644,-333.660893,0.000000,NULL,NULL,NULL,NULL,NULL,-2.308701,-3.266481,174.570000
0,1,1,-637.523981,236.329048,0.000000,NULL,NULL,NULL,NULL,NULL,-3.750594,1.390339,174.570000
0,1,1,547.912586,-5.213041,0.000000,NULL,NULL,NULL,NULL,NULL,3.999819,-0.038056,174.570000
0,1,1,409.712003,-158.288229,0.000000,NULL,NULL,NULL,NULL,NULL,3.731222,-1.441521,174.570000
0,1,1,120.307604,-337.794138,0.000000,NULL,NULL,NULL,NULL,NULL,1.342049,-3.768143,174.570000
0,1,1,492.030030,408.342564,0.000000,NULL,NULL,NULL,NULL,NULL,3.078055,2.554521,174.570000
0,1,1,-349.874842,684.005820,0.000000,NULL,NULL,NULL,NULL,NULL,-1.821566,3.561165,174.570000
0,1,1,260.260174,-298.128869,0.000000,NULL,NULL,NULL,NULL,NULL,2.630567,-3.013323,174.570000
0,1,1,-49.082464,-355.203760,0.000000,NULL,NULL,NULL,NULL,NULL,-0.547522,-3.962350,174.570000
0,1,1,-360.483638,-250.939505,0.000000,NULL,NULL,NULL,NULL,NULL,-3.282902,-2.285291,174.570000
0,1,1,564.950181,8.152807,0.000000,NULL,NULL,NULL,NULL,NULL,3.999584,0.057718,174.570000
0,1,1,-88.029517,-360.140774,0.000000,NULL,NULL,NULL,NULL,NULL,-0.949763,-3.885608,174.570000
0,1,1,-536.898676,-109.431209,0.000000,NULL,NULL,NULL,NULL,NULL,-3.919416,-0.798859,174.570000
0,1,1,-511.220310,-143.081290,0.000000,NULL,NULL,NULL,NULL,NULL,-3.851974,-1.078098,174.570000
0,1,1,-556.169287,-99.553502,0.000000,NULL,NULL,NULL,NULL,NULL,-3.937419,-0.704792,174.570000
0,1,1,229.944406,733.077033,0.000000,NULL,NULL,NULL,NULL,NULL,1.197168,3.816646,174.570000
0,1,1,-257.016898,-337.103968,0.000000,NULL,NULL,NULL,NULL,NULL,-2.425222,-3.180927,174.570000
0,1,1,-542.256665,301.162006,0.000000,NULL,NULL,NULL,NULL,NULL,-3.496880,1.942120,174.570000
0,1,1,-475.917941,573.904018,0.000000,NULL,NULL,NULL,NULL,NULL,-2.553336,3.079038,174.570000
0,1,1,541.336541,376.970987,0.000000,NULL,NULL,NULL,NULL,NULL,3.282515,2.285847,174.570000
0,1,1,-575.567883,400.808696,0.000000,NULL,NULL,NULL,NULL,NULL,-3.282515,2.285847,174.570000
0,1,1,500.021494,491.837884,0.000000,NULL,NULL,NULL,NULL,NULL,2.851667,2.804995,174.570000
0,1,1,-152.780886,-351.107238,0.000000,NULL,NULL,NULL,NULL,NULL,-1.596008,-3.667800,174.570000
0,1,1,470.553248,404.129293,0.000000,NULL,NULL,NULL,NULL,NULL,3.034482,2.606131,174.570000
0,1,1,490.794988,-87.851597,0.000000,NULL,NULL,NULL,NULL,NULL,3.937419,-0.704792,174.570000
0,1,1,372.698482,645.724051,0.000000,NULL,NULL,NULL,NULL,NULL,1.999555,3.464358,174.570000
0,1,1,143.073641,-328.798924,0.000000,NULL,NULL,NULL,NULL,NULL,1.596008,-3.667800,174.570000
0,1,1,-596.990755,280.632168,0.000000,NULL,NULL,NULL,NULL,NULL,-3.619986,1.701676,174.570000
0,1,1,473.602887,-96.530200,0.000000,NULL,NULL,NULL,NULL,NULL,3.919416,-0.798859,174.570000
0,1,1,-418.499267,-209.670559,0.000000,NULL,NULL,NULL,NULL,NULL,-3.576269,-1.791731,174.570000
0,1,1,181.908798,-323.047615,0.000000,NULL,NULL,NULL,NULL,NULL,1.962639,-3.485405,174.570000
0,1,1,-326.579282,695.429607,0.000000,NULL,NULL,NULL,NULL,NULL,-1.700282,3.620641,174.570000
0,1,1,-540.324117,480.139945,0.000000,NULL,NULL,NULL,NULL,NULL,-2.990044,2.656997,174.570000
0,1,1,-400.616807,-212.859564,0.000000,NULL,NULL,NULL,NULL,NULL,-3.532346,-1.876840,174.570000
0,1,1,451.946592,564.117715,0.000000,NULL,NULL,NULL,NULL,NULL,2.500981,3.121713,174.570000
0,1,1,241.823507,-296.883282,0.000000,NULL,NULL,NULL,NULL,NULL,2.526181,-3.101356,174.570000
0,1,1,-73.202255,-351.027391,0.000000,NULL,NULL,NULL,NULL,NULL,-0.816582,-3.915762,174.570000
0,1,1,205.060303,740.423283,0.000000,NULL,NULL,NULL,NULL,NULL,1.067613,3.854893,174.570000
0,1,1,576.919012,359.795355,0.000000,NULL,NULL,NULL,NULL,NULL,3.394051,2.116699,174.570000
0,1,1,439.669178,-111.776716,0.000000,NULL,NULL,NULL,NULL,NULL,3.876682,-0.985565,174.570000
0,1,1,-194.177427,-344.835189,0.000000,NULL,NULL,NULL,NULL,NULL,-1.962639,-3.485405,174.570000
0,1,1,-465.092753,-179.684041,0.000000,NULL,NULL,NULL,NULL,NULL,-3.731222,-1.441521,174.570000
0,1,1,-276.578105,-108.919106,0.000000,NULL,NULL,NULL,NULL,NULL,-3.721798,-1.465680,174.570000
0,1,1,165.172923,-318.271433,0.000000,NULL,NULL,NULL,NULL,NULL,1.842528,-3.550365,174.570000
0,1,1,-542.542331,338.356349,0.000000,NULL,NULL,NULL,NULL,NULL,-3.394051,2.116699,174.570000
0,1,1,-302.911273,706.060286,0.000000,NULL,NULL,NULL,NULL,NULL,-1.577058,3.675988,174.570000
0,1,1,-456.268192,589.646544,0.000000,NULL,NULL,NULL,NULL,NULL,-2.447913,3.163498,174.570000
0,1,1,508.703763,-78.537787,0.000000,NULL,NULL,NULL,NULL,NULL,3.953164,-0.610321,174.570000
0,1,1,483.930701,388.010208,0.000000,NULL,NULL,NULL,NULL,NULL,3.120750,2.502183,174.570000
0,1,1,456.285161,-104.437694,0.000000,NULL,NULL,NULL,NULL,NULL,3.899167,-0.892468,174.570000
0,1,1,179.942337,746.925111,0.000000,NULL,NULL,NULL,NULL,NULL,0.936840,3.888744,174.570000
0,1,1,350.682526,657.940328,0.000000,NULL,NULL,NULL,NULL,NULL,1.881438,3.529899,174.570000
0,1,1,-112.395389,-353.295696,0.000000,NULL,NULL,NULL,NULL,NULL,-1.212649,-3.811756,174.570000
0,1,1,-629.180590,257.720837,0.000000,NULL,NULL,NULL,NULL,NULL,-3.701510,1.516188,174.570000
0,1,1,-446.562836,-184.930818,0.000000,NULL,NULL,NULL,NULL,NULL,-3.695640,-1.530440,174.570000
0,1,1,477.961419,424.723536,0.000000,NULL,NULL,NULL,NULL,NULL,2.990044,2.656997,174.570000
0,1,1,416.819541,-138.493894,0.000000,NULL,NULL,NULL,NULL,NULL,3.795950,-1.261255,174.570000
0,1,1,317.085304,-257.683348,0.000000,NULL,NULL,NULL,NULL,NULL,3.104209,-2.522674,174.570000
0,1,1,-372.082820,-233.395510,0.000000,NULL,NULL,NULL,NULL,NULL,-3.388535,-2.125518,174.570000
0,1,1,581.906855,150.866618,0.000000,NULL,NULL,NULL,NULL,NULL,3.871985,1.003860,174.570000
0,1,1,483.129034,508.441083,0.000000,NULL,NULL,NULL,NULL,NULL,2.755328,2.899684,174.570000
0,1,1,-96.980906,-345.215155,0.000000,NULL,NULL,NULL,NULL,NULL,-1.081836,-3.850926,174.570000
0,1,1,-176.379558,-339.865478,0.000000,NULL,NULL,NULL,NULL,NULL,-1.842528,-3.550365,174.570000
0,1,1,-561.706024,420.014692,0.000000,NULL,NULL,NULL,NULL,NULL,-3.203459,2.395381,174.570000
0,1,1,-278.897806,715.885731,0.000000,NULL,NULL,NULL,NULL,NULL,-1.452036,3.727143,174.570000
0,1,1,-258.041514,-316.793899,0.000000,NULL,NULL,NULL,NULL,NULL,-2.526181,-3.101356,174.570000
0,1,1,528.299102,395.034725,0.000000,NULL,NULL,NULL,NULL,NULL,3.203459,2.395381,174.570000
0,1,1,203.525201,-309.883955,0.000000,NULL,NULL,NULL,NULL,NULL,2.195861,-3.343380,174.570000
0,1,1,154.619154,752.575102,0.000000,NULL,NULL,NULL,NULL,NULL,0.804999,3.918160,174.570000
0,1,1,-523.803667,498.110668,0.000000,NULL,NULL,NULL,NULL,NULL,-2.898624,2.756444,174.570000
0,1,1,-583.051035,-5.547361,0.000000,NULL,NULL,NULL,NULL,NULL,-3.999819,-0.038056,174.570000
0,1,1,-587.174545,300.630054,0.000000,NULL,NULL,NULL,NULL,NULL,-3.560463,1.822937,174.570000
0,1,1,432.640955,579.056408,0.000000,NULL,NULL,NULL,NULL,NULL,2.394148,3.204381,174.570000
0,1,1,-484.447168,-173.950117,0.000000,NULL,NULL,NULL,NULL,NULL,-3.764665,-1.351776,174.570000
0,1,1,279.993901,-279.677665,0.000000,NULL,NULL,NULL,NULL,NULL,2.830025,-2.826829,174.570000
0,1,1,573.443038,105.557398,0.000000,NULL,NULL,NULL,NULL,NULL,3.933907,0.724140,174.570000
0,1,1,-254.566267,724.894739,0.000000,NULL,NULL,NULL,NULL,NULL,-1.325358,3.774046,174.570000
0,1,1,530.568654,-17.758487,0.000000,NULL,NULL,NULL,NULL,NULL,3.997761,-0.133808,174.570000
0,1,1,-436.098087,604.716601,0.000000,NULL,NULL,NULL,NULL,NULL,-2.339699,3.244350,174.570000
0,1,1,129.119634,757.366811,0.000000,NULL,NULL,NULL,NULL,NULL,0.672240,3.943107,174.570000
0,1,1,-531.778458,319.300041,0.000000,NULL,NULL,NULL,NULL,NULL,-3.429309,2.059088,174.570000
0,1,1,186.502462,-306.260724,0.000000,NULL,NULL,NULL,NULL,NULL,2.080462,-3.416383,174.570000
0,1,1,328.266630,669.406251,0.000000,NULL,NULL,NULL,NULL,NULL,1.761175,3.591415,174.570000
0,1,1,-428.056398,-189.396673,0.000000,NULL,NULL,NULL,NULL,NULL,-3.657939,-1.618482,174.570000
0,1,1,564.441234,379.070361,0.000000,NULL,NULL,NULL,NULL,NULL,3.320644,2.230095,174.570000
0,1,1,261.515211,-279.692842,0.000000,NULL,NULL,NULL,NULL,NULL,2.731888,-2.921778,174.570000
0,1,1,-520.693779,337.073928,0.000000,NULL,NULL,NULL,NULL,NULL,-3.357826,2.173707,174.570000
0,1,1,-530.808061,356.482821,0.000000,NULL,NULL,NULL,NULL,NULL,-3.320644,2.230095,174.570000
0,1,1,-410.347097,-193.438054,0.000000,NULL,NULL,NULL,NULL,NULL,-3.618141,-1.705595,174.570000
0,1,1,547.533996,21.021452,0.000000,NULL,NULL,NULL,NULL,NULL,3.997055,0.153459,174.570000
0,1,1,-517.483523,-118.445197,0.000000,NULL,NULL,NULL,NULL,NULL,-3.899167,-0.892468,174.570000
0,1,1,563.912237,35.187565,0.000000,NULL,NULL,NULL,NULL,NULL,3.992235,0.249112,174.570000
0,1,1,-229.944406,733.077033,0.000000,NULL,NULL,NULL,NULL,NULL,-1.197168,3.816646,174.570000
0,1,1,-541.521625,-83.604473,0.000000,NULL,NULL,NULL,NULL,NULL,-3.953164,-0.610321,174.570000
0,1,1,-560.297299,-72.815608,0.000000,NULL,NULL,NULL,NULL,NULL,-3.966643,-0.515501,174.570000
0,1,1,-136.237473,-344.804181,0.000000,NULL,NULL,NULL,NULL,NULL,-1.469885,-3.720140,174.570000
0,1,1,103.472859,761.294775,0.000000,NULL,NULL,NULL,NULL,NULL,0.538715,3.963557,174.570000
0,1,1,-217.251723,-330.783720,0.000000,NULL,NULL,NULL,NULL,NULL,-2.195861,-3.343380,174.570000
0,1,1,-620.119645,278.818705,0.000000,NULL,NULL,NULL,NULL,NULL,-3.648204,1.640308,174.570000
0,1,1,494.437778,-64.256578,0.000000,NULL,NULL,NULL,NULL,NULL,3.966643,-0.515501,174.570000
0,1,1,-506.685840,515.513316,0.000000,NULL,NULL,NULL,NULL,NULL,-2.803897,2.852746,174.570000
0,1,1,444.515872,-90.601656,0.000000,NULL,NULL,NULL,NULL,NULL,3.919416,-0.798859,174.570000
0,1,1,-205.060303,740.423283,0.000000,NULL,NULL,NULL,NULL,NULL,-1.067613,3.854893,174.570000
0,1,1,463.347713,440.620128,0.000000,NULL,NULL,NULL,NULL,NULL,2.898624,2.756444,174.570000
0,1,1,-547.203562,438.741678,0.000000,NULL,NULL,NULL,NULL,NULL,-3.120750,2.502183,174.570000
0,1,1,-422.330354,36.521825,0.000000,NULL,NULL,NULL,NULL,NULL,-3.985127,0.344621,174.570000
0,1,1,465.685585,524.464426,0.000000,NULL,NULL,NULL,NULL,NULL,2.655846,2.991067,174.570000
0,1,1,77.708077,764.354513,0.000000,NULL,NULL,NULL,NULL,NULL,0.404574,3.979487,174.570000
0,1,1,-415.430630,619.097004,0.000000,NULL,NULL,NULL,NULL,NULL,-2.228817,3.321502,174.570000
0,1,1,477.680829,-73.748216,0.000000,NULL,NULL,NULL,NULL,NULL,3.953164,-0.610321,174.570000
0,1,1,353.609625,-233.788376,0.000000,NULL,NULL,NULL,NULL,NULL,3.336675,-2.206037,174.570000
0,1,1,224.193129,-295.276164,0.000000,NULL,NULL,NULL,NULL,NULL,2.418850,-3.185775,174.570000
0,1,1,412.841908,593.334710,0.000000,NULL,NULL,NULL,NULL,NULL,2.284584,3.283394,174.570000
0,1,1,-120.307604,-337.794138,0.000000,NULL,NULL,NULL,NULL,NULL,-1.342049,-3.768143,174.570000
0,1,1,-382.828874,-215.316376,0.000000,NULL,NULL,NULL,NULL,NULL,-3.486399,-1.960873,174.570000
0,1,1,-179.942337,746.925111,0.000000,NULL,NULL,NULL,NULL,NULL,-0.936840,3.888744,174.570000
0,1,1,-199.156260,-327.039869,0.000000,NULL,NULL,NULL,NULL,NULL,-2.080462,-3.416383,174.570000
0,1,1,343.341983,493.449700,0.000000,NULL,NULL,NULL,NULL,NULL,2.284584,3.283394,174.570000
0,1,1,51.854672,766.542536,0.000000,NULL,NULL,NULL,NULL,NULL,0.269973,3.990879,174.570000
0,1,1,305.476360,680.108743,0.000000,NULL,NULL,NULL,NULL,NULL,1.638904,3.648835,174.570000
0,1,1,422.971378,-118.382015,0.000000,NULL,NULL,NULL,NULL,NULL,3.851974,-1.078098,174.570000
0,1,1,-509.015270,354.463396,0.000000,NULL,NULL,NULL,NULL,NULL,-3.282515,2.285847,174.570000
0,1,1,514.659160,412.647942,0.000000,NULL,NULL,NULL,NULL,NULL,3.120750,2.502183,174.570000
0,1,1,-473.161017,-157.214107,0.000000,NULL,NULL,NULL,NULL,NULL,-3.795950,-1.261255,174.570000
0,1,1,-576.688686,320.285084,0.000000,NULL,NULL,NULL,NULL,NULL,-3.496880,1.942120,174.570000
0,1,1,-154.619154,752.575102,0.000000,NULL,NULL,NULL,NULL,NULL,-0.804999,3.918160,174.570000
0,1,1,25.942129,767.856349,0.000000,NULL,NULL,NULL,NULL,NULL,0.135063,3.997719,174.570000
0,1,1,206.962856,-292.822771,0.000000,NULL,NULL,NULL,NULL,NULL,2.308701,-3.266481,174.570000
0,1,1,-129.119634,757.366811,0.000000,NULL,NULL,NULL,NULL,NULL,-0.672240,3.943107,174.570000
0,1,1,-454.903506,-163.341894,0.000000,NULL,NULL,NULL,NULL,NULL,-3.764665,-1.351776,174.570000
0,1,1,-248.640979,-162.900226,0.000000,NULL,NULL,NULL,NULL,NULL,-3.345860,-2.192082,174.570000
0,1,1,0.000000,768.294453,0.000000,NULL,NULL,NULL,NULL,NULL,0.000000,4.000000,174.570000
0,1,1,460.761488,-82.475643,0.000000,NULL,NULL,NULL,NULL,NULL,3.937419,-0.704792,174.570000
0,1,1,-103.472859,761.294775,0.000000,NULL,NULL,NULL,NULL,NULL,-0.538715,3.963557,174.570000
0,1,1,511.880170,-54.096155,0.000000,NULL,NULL,NULL,NULL,NULL,3.977848,-0.420384,174.570000
0,1,1,-25.942129,767.856349,0.000000,NULL,NULL,NULL,NULL,NULL,-0.135063,3.997719,174.570000
0,1,1,-394.289392,632.771353,0.000000,NULL,NULL,NULL,NULL,NULL,-2.115392,3.394866,174.570000
0,1,1,-51.854672,766.542536,0.000000,NULL,NULL,NULL,NULL,NULL,-0.269973,3.990879,174.570000
0,1,1,-77.708077,764.354513,0.000000,NULL,NULL,NULL,NULL,NULL,-0.404574,3.979487,174.570000
0,1,1,-518.468427,374.202739,0.000000,NULL,NULL,NULL,NULL,NULL,-3.243449,2.340948,174.570000
0,1,1,333.927182,-235.449432,0.000000,NULL,NULL,NULL,NULL,NULL,3.269088,-2.305008,174.570000
0,1,1,-279.053852,-298.450574,0.000000,NULL,NULL,NULL,NULL,NULL,-2.731888,-2.921778,174.570000
0,1,1,-418.943068,-64.679807,0.000000,NULL,NULL,NULL,NULL,NULL,-3.953164,-0.610321,174.570000
0,1,1,551.319733,397.913052,0.000000,NULL,NULL,NULL,NULL,NULL,3.243449,2.340948,174.570000
0,1,1,-488.990158,532.328042,0.000000,NULL,NULL,NULL,NULL,NULL,-2.705973,2.945796,174.570000
0,1,1,-159.444660,-334.705801,0.000000,NULL,NULL,NULL,NULL,NULL,-1.720270,-3.611187,174.570000
0,1,1,282.337706,690.035600,0.000000,NULL,NULL,NULL,NULL,NULL,1.514763,3.702093,174.570000
0,1,1,-492.218762,-150.560263,0.000000,NULL,NULL,NULL,NULL,NULL,-3.825058,-1.170012,174.570000
0,1,1,298.422792,-259.923100,0.000000,NULL,NULL,NULL,NULL,NULL,3.016294,-2.627160,174.570000
0,1,1,-532.077037,456.968298,0.000000,NULL,NULL,NULL,NULL,NULL,-3.034482,2.606131,174.570000
0,1,1,392.572032,606.936338,0.000000,NULL,NULL,NULL,NULL,NULL,2.172414,3.358663,174.570000
0,1,1,456.639148,419.787485,0.000000,NULL,NULL,NULL,NULL,NULL,2.944754,2.707106,174.570000
0,1,1,447.711041,539.889639,0.000000,NULL,NULL,NULL,NULL,NULL,2.553336,3.079038,174.570000
0,1,1,-610.351479,299.598592,0.000000,NULL,NULL,NULL,NULL,NULL,-3.590737,1.762558,174.570000
0,1,1,448.205577,456.014211,0.000000,NULL,NULL,NULL,NULL,NULL,2.803897,2.852746,174.570000
0,1,1,-582.648164,22.369589,0.000000,NULL,NULL,NULL,NULL,NULL,-3.997055,0.153459,174.570000
0,1,1,-143.073641,-328.798924,0.000000,NULL,NULL,NULL,NULL,NULL,-1.596008,-3.667800,174.570000
0,1,1,-419.136525,-173.573021,0.000000,NULL,NULL,NULL,NULL,NULL,-3.695640,-1.530440,174.570000
0,1,1,-372.698482,645.724051,0.000000,NULL,NULL,NULL,NULL,NULL,-1.999555,3.464358,174.570000
0,1,1,-436.632064,-168.688531,0.000000,NULL,NULL,NULL,NULL,NULL,-3.731222,-1.441521,174.570000
0,1,1,-239.313576,-315.190724,0.000000,NULL,NULL,NULL,NULL,NULL,-2.418850,-3.185775,174.570000
0,1,1,279.988196,-261.198970,0.000000,NULL,NULL,NULL,NULL,NULL,2.924864,-2.728584,174.570000
0,1,1,243.816267,-279.292321,0.000000,NULL,NULL,NULL,NULL,NULL,2.630567,-3.013323,174.570000
0,1,1,567.732610,132.887041,0.000000,NULL,NULL,NULL,NULL,NULL,3.894732,0.911625,174.570000
0,1,1,-392.697163,-196.743555,0.000000,NULL,NULL,NULL,NULL,NULL,-3.576269,-1.791731,174.570000
0,1,1,35.742071,-345.201633,0.000000,NULL,NULL,NULL,NULL,NULL,0.411956,-3.978730,174.570000
0,1,1,59.210540,-341.958733,0.000000,NULL,NULL,NULL,NULL,NULL,0.682450,-3.941353,174.570000
0,1,1,500.432271,429.790551,0.000000,NULL,NULL,NULL,NULL,NULL,3.034482,2.606131,174.570000
0,1,1,530.810497,7.660137,0.000000,NULL,NULL,NULL,NULL,NULL,3.999584,0.057718,174.570000
0,1,1,226.458757,-278.020198,0.000000,NULL,NULL,NULL,NULL,NULL,2.526181,-3.101356,174.570000
0,1,1,-565.545137,339.574842,0.000000,NULL,NULL,NULL,NULL,NULL,-3.429309,2.059088,174.570000
0,1,1,258.877058,699.175499,0.000000,NULL,NULL,NULL,NULL,NULL,1.388895,3.751129,174.570000
0,1,1,-302.632583,-296.833777,0.000000,NULL,NULL,NULL,NULL,NULL,-2.855654,-2.800936,174.570000
0,1,1,82.403074,-337.122227,0.000000,NULL,NULL,NULL,NULL,NULL,0.949763,-3.885608,174.570000
0,1,1,-522.560228,-93.537529,0.000000,NULL,NULL,NULL,NULL,NULL,-3.937419,-0.704792,174.570000
0,1,1,545.899997,47.207746,0.000000,NULL,NULL,NULL,NULL,NULL,3.985127,0.344621,174.570000
0,1,1,-544.902951,-57.586045,0.000000,NULL,NULL,NULL,NULL,NULL,-3.977848,-0.420384,174.570000
0,1,1,-563.140638,-45.910759,0.000000,NULL,NULL,NULL,NULL,NULL,-3.986773,-0.325027,174.570000
0,1,1,448.343361,-69.218862,0.000000,NULL,NULL,NULL,NULL,NULL,3.953164,-0.610321,174.570000
0,1,1,-470.736803,548.535670,0.000000,NULL,NULL,NULL,NULL,NULL,-2.604962,3.035485,174.570000
0,1,1,428.153410,-97.998705,0.000000,NULL,NULL,NULL,NULL,NULL,3.899167,-0.892468,174.570000
0,1,1,561.581331,62.141644,0.000000,NULL,NULL,NULL,NULL,NULL,3.975734,0.439934,174.570000
0,1,1,-505.537501,391.495894,0.000000,NULL,NULL,NULL,NULL,NULL,-3.162556,2.449131,174.570000
0,1,1,-221.004850,-312.690179,0.000000,NULL,NULL,NULL,NULL,NULL,-2.308701,-3.266481,174.570000
0,1,1,496.946900,-40.514230,0.000000,NULL,NULL,NULL,NULL,NULL,3.986773,-0.325027,174.570000
0,1,1,105.211591,-330.714656,0.000000,NULL,NULL,NULL,NULL,NULL,1.212649,-3.811756,174.570000
0,1,1,-350.682526,657.940328,0.000000,NULL,NULL,NULL,NULL,NULL,-1.881438,3.529899,174.570000
0,1,1,12.107036,-346.835815,0.000000,NULL,NULL,NULL,NULL,NULL,0.139543,-3.997565,174.570000
0,1,1,371.854444,619.845780,0.000000,NULL,NULL,NULL,NULL,NULL,2.057767,3.430101,174.570000
0,1,1,-12.107036,-346.835815,0.000000,NULL,NULL,NULL,NULL,NULL,-0.139543,-3.997565,174.570000
0,1,1,480.663525,-50.797140,0.000000,NULL,NULL,NULL,NULL,NULL,3.977848,-0.420384,174.570000
0,1,1,127.838497,-268.358228,0.000000,NULL,NULL,NULL,NULL,NULL,1.720270,-3.611187,174.570000
0,1,1,-181.908798,-323.047615,0.000000,NULL,NULL,NULL,NULL,NULL,-1.962639,-3.485405,174.570000
0,1,1,-516.343700,474.673764,0.000000,NULL,NULL,NULL,NULL,NULL,-2.944754,2.707106,174.570000
0,1,1,537.569475,416.301939,0.000000,NULL,NULL,NULL,NULL,NULL,3.162556,2.449131,174.570000
0,1,1,429.225901,554.699130,0.000000,NULL,NULL,NULL,NULL,NULL,2.447913,3.163498,174.570000
0,1,1,235.121171,707.518017,0.000000,NULL,NULL,NULL,NULL,NULL,1.261443,3.795888,174.570000
0,1,1,427.265077,449.650307,0.000000,NULL,NULL,NULL,NULL,NULL,2.755328,2.899684,174.570000
0,1,1,-480.144398,-134.383706,0.000000,NULL,NULL,NULL,NULL,NULL,-3.851974,-1.078098,174.570000
0,1,1,410.837698,-104.446913,0.000000,NULL,NULL,NULL,NULL,NULL,3.876682,-0.985565,174.570000
0,1,1,-165.172923,-318.271433,0.000000,NULL,NULL,NULL,NULL,NULL,-1.842528,-3.550365,174.570000
0,1,1,442.204270,434.966927,0.000000,NULL,NULL,NULL,NULL,NULL,2.851667,2.804995,174.570000
0,1,1,432.552282,470.888228,0.000000,NULL,NULL,NULL,NULL,NULL,2.705973,2.945796,174.570000
0,1,1,-462.201154,-141.378454,0.000000,NULL,NULL,NULL,NULL,NULL,-3.825058,-1.170012,174.570000
0,1,1,-599.887232,320.036800,0.000000,NULL,NULL,NULL,NULL,NULL,-3.529175,1.882797,174.570000
0,1,1,127.529799,-322.765880,0.000000,NULL,NULL,NULL,NULL,NULL,1.469885,-3.720140,174.570000
0,1,1,-35.742071,-345.201633,0.000000,NULL,NULL,NULL,NULL,NULL,-0.411956,-3.978730,174.570000
0,1,1,464.181361,-60.324488,0.000000,NULL,NULL,NULL,NULL,NULL,3.966643,-0.515501,174.570000
0,1,1,-328.266630,669.406251,0.000000,NULL,NULL,NULL,NULL,NULL,-1.761175,3.591415,174.570000
0,1,1,-451.946592,564.117715,0.000000,NULL,NULL,NULL,NULL,NULL,-2.500981,3.121713,174.570000
0,1,1,45.925507,-332.357246,0.000000,NULL,NULL,NULL,NULL,NULL,0.547522,-3.962350,174.570000
0,1,1,563.663546,208.949111,0.000000,NULL,NULL,NULL,NULL,NULL,3.750594,1.390339,174.570000
0,1,1,68.493925,-328.449499,0.000000,NULL,NULL,NULL,NULL,NULL,0.816582,-3.915762,174.570000
0,1,1,513.882917,-29.530489,0.000000,NULL,NULL,NULL,NULL,NULL,3.993412,-0.229483,174.570000
0,1,1,23.143065,-334.716133,0.000000,NULL,NULL,NULL,NULL,NULL,0.275911,-3.990473,174.570000
0,1,1,211.097139,715.053639,0.000000,NULL,NULL,NULL,NULL,NULL,1.132552,3.836317,174.570000
0,1,1,-553.756607,358.477329,0.000000,NULL,NULL,NULL,NULL,NULL,-3.357826,2.173707,174.570000
0,1,1,349.212884,-212.118267,0.000000,NULL,NULL,NULL,NULL,NULL,3.418732,-2.076600,174.570000
0,1,1,485.634659,446.443002,0.000000,NULL,NULL,NULL,NULL,NULL,2.944754,2.707106,174.570000
0,1,1,-426.964940,-153.310013,0.000000,NULL,NULL,NULL,NULL,NULL,-3.764665,-1.351776,174.570000
0,1,1,-401.665060,-177.719633,0.000000,NULL,NULL,NULL,NULL,NULL,-3.657939,-1.618482,174.570000
0,1,1,350.712771,632.048314,0.000000,NULL,NULL,NULL,NULL,NULL,1.940774,3.497628,174.570000
0,1,1,-496.756250,371.448613,0.000000,NULL,NULL,NULL,NULL,NULL,-3.203459,2.395381,174.570000
0,1,1,309.254559,515.497761,0.000000,NULL,NULL,NULL,NULL,NULL,2.057767,3.430101,174.570000
0,1,1,-470.553248,404.129293,0.000000,NULL,NULL,NULL,NULL,NULL,-3.034482,2.606131,174.570000
0,1,1,149.253689,-313.312941,0.000000,NULL,NULL,NULL,NULL,NULL,1.720270,-3.611187,174.570000
0,1,1,90.743146,-323.011103,0.000000,NULL,NULL,NULL,NULL,NULL,1.081836,-3.850926,174.570000
0,1,1,-492.030030,408.342564,0.000000,NULL,NULL,NULL,NULL,NULL,-3.078055,2.554521,174.570000
0,1,1,315.460966,-238.957234,0.000000,NULL,NULL,NULL,NULL,NULL,3.188506,-2.415249,174.570000
0,1,1,-59.210540,-341.958733,0.000000,NULL,NULL,NULL,NULL,NULL,-0.682450,-3.941353,174.570000
0,1,1,244.899309,-261.921988,0.000000,NULL,NULL,NULL,NULL,NULL,2.731888,-2.921778,174.570000
0,1,1,-498.861776,-126.825199,0.000000,NULL,NULL,NULL,NULL,NULL,-3.876682,-0.985565,174.570000
0,1,1,-260.260174,-298.128869,0.000000,NULL,NULL,NULL,NULL,NULL,-2.630567,-3.013323,174.570000
0,1,1,-444.206602,-147.593613,0.000000,NULL,NULL,NULL,NULL,NULL,-3.795950,-1.261255,174.570000
0,1,1,262.303166,-262.006911,0.000000,NULL,NULL,NULL,NULL,NULL,2.830025,-2.826829,174.570000
0,1,1,-305.476360,680.108743,0.000000,NULL,NULL,NULL,NULL,NULL,-1.638904,3.648835,174.570000
0,1,1,410.251246,568.876009,0.000000,NULL,NULL,NULL,NULL,NULL,2.339699,3.244350,174.570000
0,1,1,-500.021494,491.837884,0.000000,NULL,NULL,NULL,NULL,NULL,-2.851667,2.804995,174.570000
0,1,1,-580.909375,50.235249,0.000000,NULL,NULL,NULL,NULL,NULL,-3.985127,0.344621,174.570000
0,1,1,-298.765736,-278.716402,0.000000,NULL,NULL,NULL,NULL,NULL,-2.924864,-2.728584,174.570000
0,1,1,186.832358,721.773773,0.000000,NULL,NULL,NULL,NULL,NULL,1.002370,3.872371,174.570000
0,1,1,112.569484,-316.067402,0.000000,NULL,NULL,NULL,NULL,NULL,1.342049,-3.768143,174.570000
0,1,1,297.156372,-241.487852,0.000000,NULL,NULL,NULL,NULL,NULL,3.104209,-2.522674,174.570000
0,1,1,432.353753,-77.390700,0.000000,NULL,NULL,NULL,NULL,NULL,3.937419,-0.704792,174.570000
0,1,1,-23.143065,-334.716133,0.000000,NULL,NULL,NULL,NULL,NULL,-0.275911,-3.990473,174.570000
0,1,1,-241.823507,-296.883282,0.000000,NULL,NULL,NULL,NULL,NULL,-2.526181,-3.101356,174.570000
0,1,1,523.206141,434.216051,0.000000,NULL,NULL,NULL,NULL,NULL,3.078055,2.554521,174.570000
0,1,1,416.405678,485.225217,0.000000,NULL,NULL,NULL,NULL,NULL,2.604962,3.035485,174.570000
0,1,1,-432.640955,579.056408,0.000000,NULL,NULL,NULL,NULL,NULL,-2.394148,3.204381,174.570000
0,1,1,-282.337706,690.035600,0.000000,NULL,NULL,NULL,NULL,NULL,-1.514763,3.702093,174.570000
0,1,1,451.142871,-47.677359,0.000000,NULL,NULL,NULL,NULL,NULL,3.977848,-0.420384,174.570000
0,1,1,-0.252772,-335.515167,0.000000,NULL,NULL,NULL,NULL,NULL,-0.003014,-3.999999,174.570000
0,1,1,-203.525201,-309.883955,0.000000,NULL,NULL,NULL,NULL,NULL,-2.195861,-3.343380,174.570000
0,1,1,560.720461,159.911996,0.000000,NULL,NULL,NULL,NULL,NULL,3.846628,1.097021,174.570000
0,1,1,-82.403074,-337.122227,0.000000,NULL,NULL,NULL,NULL,NULL,-0.949763,-3.885608,174.570000
0,1,1,133.871222,-307.650755,0.000000,NULL,NULL,NULL,NULL,NULL,1.596008,-3.667800,174.570000
0,1,1,-588.738839,340.110018,0.000000,NULL,NULL,NULL,NULL,NULL,-3.463588,2.000889,174.570000
0,1,1,170.282023,-302.399893,0.000000,NULL,NULL,NULL,NULL,NULL,1.962639,-3.485405,174.570000
0,1,1,529.835275,33.061197,0.000000,NULL,NULL,NULL,NULL,NULL,3.992235,0.249112,174.570000
0,1,1,329.171124,643.530022,0.000000,NULL,NULL,NULL,NULL,NULL,1.821566,3.561165,174.570000
0,1,1,411.838605,463.820879,0.000000,NULL,NULL,NULL,NULL,NULL,2.655846,2.991067,174.570000
0,1,1,-526.438786,-68.415393,0.000000,NULL,NULL,NULL,NULL,NULL,-3.966643,-0.515501,174.570000
0,1,1,-186.502462,-306.260724,0.000000,NULL,NULL,NULL,NULL,NULL,-2.080462,-3.416383,174.570000
0,1,1,162.354503,727.670753,0.000000,NULL,NULL,NULL,NULL,NULL,0.871044,3.904008,174.570000
0,1,1,-547.034901,-31.435581,0.000000,NULL,NULL,NULL,NULL,NULL,-3.993412,-0.229483,174.570000
0,1,1,-45.925507,-332.357246,0.000000,NULL,NULL,NULL,NULL,NULL,-0.547522,-3.962350,174.570000
0,1,1,-541.336541,376.970987,0.000000,NULL,NULL,NULL,NULL,NULL,-3.282515,2.285847,174.570000
0,1,1,-564.692785,-18.900644,0.000000,NULL,NULL,NULL,NULL,NULL,-3.997761,-0.133808,174.570000
0,1,1,543.014336,73.285801,0.000000,NULL,NULL,NULL,NULL,NULL,3.964061,0.534994,174.570000
0,1,1,-258.877058,699.175499,0.000000,NULL,NULL,NULL,NULL,NULL,-1.388895,3.751129,174.570000
0,1,1,557.962809,88.953241,0.000000,NULL,NULL,NULL,NULL,NULL,3.950116,0.629747,174.570000
0,1,1,-483.930701,388.010208,0.000000,NULL,NULL,NULL,NULL,NULL,-3.120750,2.502183,174.570000
0,1,1,-483.129034,508.441083,0.000000,NULL,NULL,NULL,NULL,NULL,-2.755328,2.899684,174.570000
0,1,1,470.283200,462.586302,0.000000,NULL,NULL,NULL,NULL,NULL,2.851667,2.804995,174.570000
0,1,1,-477.961419,424.723536,0.000000,NULL,NULL,NULL,NULL,NULL,-2.990044,2.656997,174.570000
0,1,1,498.316601,-16.678989,0.000000,NULL,NULL,NULL,NULL,NULL,3.997761,-0.133808,174.570000
0,1,1,295.705879,-30.279582,0.000000,NULL,NULL,NULL,NULL,NULL,3.979193,-0.407460,174.570000
0,1,1,137.691489,732.737854,0.000000,NULL,NULL,NULL,NULL,NULL,0.738725,3.931194,174.570000
0,1,1,482.544136,-27.729594,0.000000,NULL,NULL,NULL,NULL,NULL,3.993412,-0.229483,174.570000
0,1,1,390.808717,582.404109,0.000000,NULL,NULL,NULL,NULL,NULL,2.228817,3.321502,174.570000
0,1,1,-486.026885,-111.245185,0.000000,NULL,NULL,NULL,NULL,NULL,-3.899167,-0.892468,174.570000
0,1,1,154.549090,-297.800386,0.000000,NULL,NULL,NULL,NULL,NULL,1.842528,-3.550365,174.570000
0,1,1,-412.841908,593.334710,0.000000,NULL,NULL,NULL,NULL,NULL,-2.284584,3.283394,174.570000
0,1,1,-468.439048,-119.090855,0.000000,NULL,NULL,NULL,NULL,NULL,-3.876682,-0.985565,174.570000
0,1,1,-235.121171,707.518017,0.000000,NULL,NULL,NULL,NULL,NULL,-1.261443,3.795888,174.570000
0,1,1,-127.838497,-268.358228,0.000000,NULL,NULL,NULL,NULL,NULL,-1.720270,-3.611187,174.570000
0,1,1,-68.493925,-328.449499,0.000000,NULL,NULL,NULL,NULL,NULL,-0.816582,-3.915762,174.570000
0,1,1,-343.341983,493.449700,0.000000,NULL,NULL,NULL,NULL,NULL,-2.284584,3.283394,174.570000
0,1,1,-105.211591,-330.714656,0.000000,NULL,NULL,NULL,NULL,NULL,-1.212649,-3.811756,174.570000
0,1,1,-433.814393,-132.695489,0.000000,NULL,NULL,NULL,NULL,NULL,-3.825058,-1.170012,174.570000
0,1,1,307.254071,654.277811,0.000000,NULL,NULL,NULL,NULL,NULL,1.700282,3.620641,174.570000
0,1,1,466.536941,-38.035019,0.000000,NULL,NULL,NULL,NULL,NULL,3.986773,-0.325027,174.570000
0,1,1,112.871444,736.969298,0.000000,NULL,NULL,NULL,NULL,NULL,0.605564,3.953896,174.570000
0,1,1,190.516804,-290.077594,0.000000,NULL,NULL,NULL,NULL,NULL,2.195861,-3.343380,174.570000
0,1,1,399.784181,499.008826,0.000000,NULL,NULL,NULL,NULL,NULL,2.500981,3.121713,174.570000
0,1,1,-409.712003,-158.288229,0.000000,NULL,NULL,NULL,NULL,NULL,-3.731222,-1.441521,174.570000
0,1,1,-211.097139,715.053639,0.000000,NULL,NULL,NULL,NULL,NULL,-1.132552,3.836317,174.570000
0,1,1,-309.254559,515.497761,0.000000,NULL,NULL,NULL,NULL,NULL,-2.057767,3.430101,174.570000
0,1,1,508.246111,451.634958,0.000000,NULL,NULL,NULL,NULL,NULL,2.990044,2.656997,174.570000
0,1,1,87.922674,740.360259,0.000000,NULL,NULL,NULL,NULL,NULL,0.471712,3.972089,174.570000
0,1,1,262.198575,-244.603161,0.000000,NULL,NULL,NULL,NULL,NULL,2.924864,-2.728584,174.570000
0,1,1,-450.762645,-126.160287,0.000000,NULL,NULL,NULL,NULL,NULL,-3.851974,-1.078098,174.570000
0,1,1,514.707413,-4.897115,0.000000,NULL,NULL,NULL,NULL,NULL,3.999819,-0.038056,174.570000
0,1,1,-576.919012,359.795355,0.000000,NULL,NULL,NULL,NULL,NULL,-3.394051,2.116699,174.570000
0,1,1,435.562779,-56.605250,0.000000,NULL,NULL,NULL,NULL,NULL,3.966643,-0.515501,174.570000
0,1,1,-465.685585,524.464426,0.000000,NULL,NULL,NULL,NULL,NULL,-2.655846,2.991067,174.570000
0,1,1,-392.572032,606.936338,0.000000,NULL,NULL,NULL,NULL,NULL,-2.172414,3.358663,174.570000
0,1,1,-186.832358,721.773773,0.000000,NULL,NULL,NULL,NULL,NULL,-1.002370,3.872371,174.570000
0,1,1,174.506724,-286.562200,0.000000,NULL,NULL,NULL,NULL,NULL,2.080462,-3.416383,174.570000
0,1,1,362.871175,-187.798584,0.000000,NULL,NULL,NULL,NULL,NULL,3.552445,-1.838515,174.570000
0,1,1,-528.299102,395.034725,0.000000,NULL,NULL,NULL,NULL,NULL,-3.203459,2.395381,174.570000
0,1,1,331.029020,-216.877774,0.000000,NULL,NULL,NULL,NULL,NULL,3.345860,-2.192082,174.570000
0,1,1,279.567673,-243.500490,0.000000,NULL,NULL,NULL,NULL,NULL,3.016294,-2.627160,174.570000
0,1,1,-504.360979,-102.799344,0.000000,NULL,NULL,NULL,NULL,NULL,-3.919416,-0.798859,174.570000
0,1,1,55.285793,-319.292135,0.000000,NULL,NULL,NULL,NULL,NULL,0.682450,-3.941353,174.570000
0,1,1,62.873631,742.906869,0.000000,NULL,NULL,NULL,NULL,NULL,0.337322,3.985751,174.570000
0,1,1,-463.347713,440.620128,0.000000,NULL,NULL,NULL,NULL,NULL,-2.898624,2.756444,174.570000
0,1,1,-90.743146,-323.011103,0.000000,NULL,NULL,NULL,NULL,NULL,-1.081836,-3.850926,174.570000
0,1,1,33.372922,-322.320081,0.000000,NULL,NULL,NULL,NULL,NULL,0.411956,-3.978730,174.570000
0,1,1,383.438423,-180.753277,0.000000,NULL,NULL,NULL,NULL,NULL,3.618141,-1.705595,174.570000
0,1,1,370.920486,595.268000,0.000000,NULL,NULL,NULL,NULL,NULL,2.115392,3.394866,174.570000
0,1,1,-224.193129,-295.276164,0.000000,NULL,NULL,NULL,NULL,NULL,-2.418850,-3.185775,174.570000
0,1,1,-206.962856,-292.822771,0.000000,NULL,NULL,NULL,NULL,NULL,-2.308701,-3.266481,174.570000
0,1,1,76.941019,-314.776216,0.000000,NULL,NULL,NULL,NULL,NULL,0.949763,-3.885608,174.570000
0,1,1,284.986608,664.279423,0.000000,NULL,NULL,NULL,NULL,NULL,1.577058,3.675988,174.570000
0,1,1,-162.354503,727.670753,0.000000,NULL,NULL,NULL,NULL,NULL,-0.871044,3.904008,174.570000
0,1,1,454.395403,478.202042,0.000000,NULL,NULL,NULL,NULL,NULL,2.755328,2.899684,174.570000
0,1,1,37.752883,744.606224,0.000000,NULL,NULL,NULL,NULL,NULL,0.202547,3.994869,174.570000
0,1,1,312.939731,-220.651345,0.000000,NULL,NULL,NULL,NULL,NULL,3.269088,-2.305008,174.570000
0,1,1,-261.515211,-279.692842,0.000000,NULL,NULL,NULL,NULL,NULL,-2.731888,-2.921778,174.570000
0,1,1,-279.993901,-279.677665,0.000000,NULL,NULL,NULL,NULL,NULL,-2.830025,-2.826829,174.570000
0,1,1,-577.838653,77.985728,0.000000,NULL,NULL,NULL,NULL,NULL,-3.964061,0.534994,174.570000
0,1,1,-137.691489,732.737854,0.000000,NULL,NULL,NULL,NULL,NULL,-0.738725,3.931194,174.570000
0,1,1,452.907981,-26.026540,0.000000,NULL,NULL,NULL,NULL,NULL,3.993412,-0.229483,174.570000
0,1,1,-127.529799,-322.765880,0.000000,NULL,NULL,NULL,NULL,NULL,-1.469885,-3.720140,174.570000
0,1,1,98.237683,-308.793368,0.000000,NULL,NULL,NULL,NULL,NULL,1.212649,-3.811756,174.570000
0,1,1,12.589080,745.456386,0.000000,NULL,NULL,NULL,NULL,NULL,0.067541,3.999430,174.570000
0,1,1,-317.085304,-257.683348,0.000000,NULL,NULL,NULL,NULL,NULL,-3.104209,-2.522674,174.570000
0,1,1,295.682983,30.502354,0.000000,NULL,NULL,NULL,NULL,NULL,3.978885,0.410458,174.570000
0,1,1,-112.871444,736.969298,0.000000,NULL,NULL,NULL,NULL,NULL,-0.605564,3.953896,174.570000
0,1,1,-12.589080,745.456386,0.000000,NULL,NULL,NULL,NULL,NULL,-0.067541,3.999430,174.570000
0,1,1,-11.304526,-323.845942,0.000000,NULL,NULL,NULL,NULL,NULL,-0.139543,-3.997565,174.570000
0,1,1,209.863733,-276.403467,0.000000,NULL,NULL,NULL,NULL,NULL,2.418850,-3.185775,174.570000
0,1,1,-87.922674,740.360259,0.000000,NULL,NULL,NULL,NULL,NULL,-0.471712,3.972089,174.570000
0,1,1,-37.752883,744.606224,0.000000,NULL,NULL,NULL,NULL,NULL,-0.202547,3.994869,174.570000
0,1,1,-62.873631,742.906869,0.000000,NULL,NULL,NULL,NULL,NULL,-0.337322,3.985751,174.570000
0,1,1,-371.854444,619.845780,0.000000,NULL,NULL,NULL,NULL,NULL,-2.057767,3.430101,174.570000
0,1,1,382.706746,512.223337,0.000000,NULL,NULL,NULL,NULL,NULL,2.394148,3.204381,174.570000
0,1,1,552.422670,186.570298,0.000000,NULL,NULL,NULL,NULL,NULL,3.789704,1.279901,174.570000
0,1,1,11.304526,-323.845942,0.000000,NULL,NULL,NULL,NULL,NULL,0.139543,-3.997565,174.570000
0,1,1,119.076537,-301.371473,0.000000,NULL,NULL,NULL,NULL,NULL,1.469885,-3.720140,174.570000
0,1,1,-529.110303,-43.136392,0.000000,NULL,NULL,NULL,NULL,NULL,-3.986773,-0.325027,174.570000
0,1,1,-447.711041,539.889639,0.000000,NULL,NULL,NULL,NULL,NULL,-2.553336,3.079038,174.570000
0,1,1,527.645225,58.386452,0.000000,NULL,NULL,NULL,NULL,NULL,3.975734,0.439934,174.570000
0,1,1,362.814109,503.097174,0.000000,NULL,NULL,NULL,NULL,NULL,2.339699,3.244350,174.570000
0,1,1,395.942448,477.462483,0.000000,NULL,NULL,NULL,NULL,NULL,2.553336,3.079038,174.570000
0,1,1,-547.912586,-5.213041,0.000000,NULL,NULL,NULL,NULL,NULL,-3.999819,-0.038056,174.570000
0,1,1,193.651117,-273.988569,0.000000,NULL,NULL,NULL,NULL,NULL,2.308701,-3.266481,174.570000
0,1,1,-112.569484,-316.067402,0.000000,NULL,NULL,NULL,NULL,NULL,-1.342049,-3.768143,174.570000
0,1,1,262.394129,673.523452,0.000000,NULL,NULL,NULL,NULL,NULL,1.452036,3.727143,174.570000
0,1,1,-33.372922,-322.320081,0.000000,NULL,NULL,NULL,NULL,NULL,-0.411956,-3.978730,174.570000
0,1,1,-564.441234,379.070361,0.000000,NULL,NULL,NULL,NULL,NULL,-3.320644,2.230095,174.570000
0,1,1,-448.205577,456.014211,0.000000,NULL,NULL,NULL,NULL,NULL,-2.803897,2.852746,174.570000
0,1,1,538.883630,99.195822,0.000000,NULL,NULL,NULL,NULL,NULL,3.933907,0.724140,174.570000
0,1,1,-564.950181,8.152807,0.000000,NULL,NULL,NULL,NULL,NULL,-3.999584,0.057718,174.570000
0,1,1,350.609235,607.453013,0.000000,NULL,NULL,NULL,NULL,NULL,1.999555,3.464358,174.570000
0,1,1,492.706448,468.538793,0.000000,NULL,NULL,NULL,NULL,NULL,2.898624,2.756444,174.570000
0,1,1,-514.659160,412.647942,0.000000,NULL,NULL,NULL,NULL,NULL,-3.120750,2.502183,174.570000
0,1,1,-416.819541,-138.493894,0.000000,NULL,NULL,NULL,NULL,NULL,-3.795950,-1.261255,174.570000
0,1,1,139.360468,-292.545119,0.000000,NULL,NULL,NULL,NULL,NULL,1.720270,-3.611187,174.570000
0,1,1,-439.669178,-111.776716,0.000000,NULL,NULL,NULL,NULL,NULL,-3.876682,-0.985565,174.570000
0,1,1,-456.639148,419.787485,0.000000,NULL,NULL,NULL,NULL,NULL,-2.944754,2.707106,174.570000
0,1,1,553.064967,115.560883,0.000000,NULL,NULL,NULL,NULL,NULL,3.915442,0.818117,174.570000
0,1,1,483.318351,-4.598468,0.000000,NULL,NULL,NULL,NULL,NULL,3.999819,-0.038056,174.570000
0,1,1,-473.602887,-96.530200,0.000000,NULL,NULL,NULL,NULL,NULL,-3.919416,-0.798859,174.570000
0,1,1,-350.712771,632.048314,0.000000,NULL,NULL,NULL,NULL,NULL,-1.940774,3.497628,174.570000
0,1,1,498.543742,7.194495,0.000000,NULL,NULL,NULL,NULL,NULL,3.999584,0.057718,174.570000
0,1,1,-490.794988,-87.851597,0.000000,NULL,NULL,NULL,NULL,NULL,-3.937419,-0.704792,174.570000
0,1,1,437.989386,493.272413,0.000000,NULL,NULL,NULL,NULL,NULL,2.655846,2.991067,174.570000
0,1,1,-55.285793,-319.292135,0.000000,NULL,NULL,NULL,NULL,NULL,-0.682450,-3.941353,174.570000
0,1,1,379.594735,490.559560,0.000000,NULL,NULL,NULL,NULL,NULL,2.447913,3.163498,174.570000
0,1,1,467.822826,-15.658342,0.000000,NULL,NULL,NULL,NULL,NULL,3.997761,-0.133808,174.570000
0,1,1,239.502400,681.999354,0.000000,NULL,NULL,NULL,NULL,NULL,1.325358,3.774046,174.570000
0,1,1,437.773128,-35.690013,0.000000,NULL,NULL,NULL,NULL,NULL,3.986773,-0.325027,174.570000
0,1,1,-149.253689,-313.312941,0.000000,NULL,NULL,NULL,NULL,NULL,-1.720270,-3.611187,174.570000
0,1,1,-427.265077,449.650307,0.000000,NULL,NULL,NULL,NULL,NULL,-2.755328,2.899684,174.570000
0,1,1,365.192850,524.853677,0.000000,NULL,NULL,NULL,NULL,NULL,2.284584,3.283394,174.570000
0,1,1,-456.285161,-104.437694,0.000000,NULL,NULL,NULL,NULL,NULL,-3.899167,-0.892468,174.570000
0,1,1,-429.225901,554.699130,0.000000,NULL,NULL,NULL,NULL,NULL,-2.447913,3.163498,174.570000
0,1,1,158.994947,-282.355438,0.000000,NULL,NULL,NULL,NULL,NULL,1.962639,-3.485405,174.570000
0,1,1,-226.458757,-278.020198,0.000000,NULL,NULL,NULL,NULL,NULL,-2.526181,-3.101356,174.570000
0,1,1,278.275936,-226.144429,0.000000,NULL,NULL,NULL,NULL,NULL,3.104209,-2.522674,174.570000
0,1,1,-581.906855,150.866618,0.000000,NULL,NULL,NULL,NULL,NULL,-3.871985,1.003860,174.570000
0,1,1,228.232650,-261.441237,0.000000,NULL,NULL,NULL,NULL,NULL,2.630567,-3.013323,174.570000
0,1,1,-243.816267,-279.292321,0.000000,NULL,NULL,NULL,NULL,NULL,-2.630567,-3.013323,174.570000
0,1,1,329.898130,618.945250,0.000000,NULL,NULL,NULL,NULL,NULL,1.881438,3.529899,174.570000
0,1,1,295.529331,-223.859302,0.000000,NULL,NULL,NULL,NULL,NULL,3.188506,-2.415249,174.570000
0,1,1,-329.171124,643.530022,0.000000,NULL,NULL,NULL,NULL,NULL,-1.821566,3.561165,174.570000
0,1,1,211.893053,-260.138089,0.000000,NULL,NULL,NULL,NULL,NULL,2.526181,-3.101356,174.570000
0,1,1,-133.871222,-307.650755,0.000000,NULL,NULL,NULL,NULL,NULL,-1.596008,-3.667800,174.570000
0,1,1,345.054404,-193.787614,0.000000,NULL,NULL,NULL,NULL,NULL,3.487621,-1.958699,174.570000
0,1,1,462.590016,383.909887,0.000000,NULL,NULL,NULL,NULL,NULL,3.078055,2.554521,174.570000
0,1,1,-432.552282,470.888228,0.000000,NULL,NULL,NULL,NULL,NULL,-2.705973,2.945796,174.570000
0,1,1,-76.941019,-314.776216,0.000000,NULL,NULL,NULL,NULL,NULL,-0.949763,-3.885608,174.570000
0,1,1,216.337529,689.697464,0.000000,NULL,NULL,NULL,NULL,NULL,1.197168,3.816646,174.570000
0,1,1,-551.319733,397.913052,0.000000,NULL,NULL,NULL,NULL,NULL,-3.243449,2.340948,174.570000
0,1,1,514.351766,19.747488,0.000000,NULL,NULL,NULL,NULL,NULL,3.997055,0.153459,174.570000
0,1,1,374.838404,-162.603716,0.000000,NULL,NULL,NULL,NULL,NULL,3.669602,-1.591862,174.570000
0,1,1,-500.432271,429.790551,0.000000,NULL,NULL,NULL,NULL,NULL,-3.034482,2.606131,174.570000
0,1,1,-508.703763,-78.537787,0.000000,NULL,NULL,NULL,NULL,NULL,-3.953164,-0.610321,174.570000
0,1,1,327.264721,-198.786553,0.000000,NULL,NULL,NULL,NULL,NULL,3.418732,-2.076600,174.570000
0,1,1,-442.204270,434.966927,0.000000,NULL,NULL,NULL,NULL,NULL,-2.851667,2.804995,174.570000
0,1,1,453.634646,-4.316046,0.000000,NULL,NULL,NULL,NULL,NULL,3.999819,-0.038056,174.570000
0,1,1,476.604873,484.908279,0.000000,NULL,NULL,NULL,NULL,NULL,2.803897,2.852746,174.570000
0,1,1,401.620066,135.639574,0.000000,NULL,NULL,NULL,NULL,NULL,3.789704,1.279901,174.570000
0,1,1,177.888474,-270.849917,0.000000,NULL,NULL,NULL,NULL,NULL,2.195861,-3.343380,174.570000
0,1,1,-573.443038,105.557398,0.000000,NULL,NULL,NULL,NULL,NULL,-3.933907,0.724140,174.570000
0,1,1,-353.609625,-233.788376,0.000000,NULL,NULL,NULL,NULL,NULL,-3.336675,-2.206037,174.570000
0,1,1,-307.254071,654.277811,0.000000,NULL,NULL,NULL,NULL,NULL,-1.700282,3.620641,174.570000
0,1,1,-410.251246,568.876009,0.000000,NULL,NULL,NULL,NULL,NULL,-2.339699,3.244350,174.570000
0,1,1,-298.422792,-259.923100,0.000000,NULL,NULL,NULL,NULL,NULL,-3.016294,-2.627160,174.570000
0,1,1,421.083861,507.780226,0.000000,NULL,NULL,NULL,NULL,NULL,2.553336,3.079038,174.570000
0,1,1,-279.988196,-261.198970,0.000000,NULL,NULL,NULL,NULL,NULL,-2.924864,-2.728584,174.570000
0,1,1,-422.971378,-118.382015,0.000000,NULL,NULL,NULL,NULL,NULL,-3.851974,-1.078098,174.570000
0,1,1,192.925934,696.609003,0.000000,NULL,NULL,NULL,NULL,NULL,1.067613,3.854893,174.570000
0,1,1,308.810788,629.731606,0.000000,NULL,NULL,NULL,NULL,NULL,1.761175,3.591415,174.570000
0,1,1,347.262466,536.885443,0.000000,NULL,NULL,NULL,NULL,NULL,2.172414,3.358663,174.570000
0,1,1,-333.927182,-235.449432,0.000000,NULL,NULL,NULL,NULL,NULL,-3.269088,-2.305008,174.570000
0,1,1,-98.237683,-308.793368,0.000000,NULL,NULL,NULL,NULL,NULL,-1.212649,-3.811756,174.570000
0,1,1,-444.515872,-90.601656,0.000000,NULL,NULL,NULL,NULL,NULL,-3.919416,-0.798859,174.570000
0,1,1,-170.282023,-302.399893,0.000000,NULL,NULL,NULL,NULL,NULL,-1.962639,-3.485405,174.570000
0,1,1,542.858261,212.800824,0.000000,NULL,NULL,NULL,NULL,NULL,3.724090,1.459846,174.570000
0,1,1,-530.568654,-17.758487,0.000000,NULL,NULL,NULL,NULL,NULL,-3.997761,-0.133808,174.570000
0,1,1,-416.405678,485.225217,0.000000,NULL,NULL,NULL,NULL,NULL,-2.604962,3.035485,174.570000
0,1,1,-284.986608,664.279423,0.000000,NULL,NULL,NULL,NULL,NULL,-1.577058,3.675988,174.570000
0,1,1,524.245368,83.577837,0.000000,NULL,NULL,NULL,NULL,NULL,3.950116,0.629747,174.570000
0,1,1,-547.533996,21.021452,0.000000,NULL,NULL,NULL,NULL,NULL,-3.997055,0.153459,174.570000
0,1,1,-154.549090,-297.800386,0.000000,NULL,NULL,NULL,NULL,NULL,-1.842528,-3.550365,174.570000
0,1,1,-563.912237,35.187565,0.000000,NULL,NULL,NULL,NULL,NULL,-3.992235,0.249112,174.570000
0,1,1,229.147518,-245.075307,0.000000,NULL,NULL,NULL,NULL,NULL,2.731888,-2.921778,174.570000
0,1,1,169.294314,702.726087,0.000000,NULL,NULL,NULL,NULL,NULL,0.936840,3.888744,174.570000
0,1,1,-411.838605,463.820879,0.000000,NULL,NULL,NULL,NULL,NULL,-2.655846,2.991067,174.570000
0,1,1,245.537951,-245.260631,0.000000,NULL,NULL,NULL,NULL,NULL,2.830025,-2.826829,174.570000
0,1,1,-390.808717,582.404109,0.000000,NULL,NULL,NULL,NULL,NULL,-2.228817,3.321502,174.570000
0,1,1,-485.634659,446.443002,0.000000,NULL,NULL,NULL,NULL,NULL,-2.944754,2.707106,174.570000
0,1,1,-537.569475,416.301939,0.000000,NULL,NULL,NULL,NULL,NULL,-3.162556,2.449131,174.570000
0,1,1,438.979733,-14.692944,0.000000,NULL,NULL,NULL,NULL,NULL,3.997761,-0.133808,174.570000
0,1,1,195.953000,-258.082174,0.000000,NULL,NULL,NULL,NULL,NULL,2.418850,-3.185775,174.570000
0,1,1,533.517350,124.878404,0.000000,NULL,NULL,NULL,NULL,NULL,3.894732,0.911625,174.570000
0,1,1,-494.437778,-64.256578,0.000000,NULL,NULL,NULL,NULL,NULL,-3.966643,-0.515501,174.570000
0,1,1,-262.394129,673.523452,0.000000,NULL,NULL,NULL,NULL,NULL,-1.452036,3.727143,174.570000
0,1,1,-477.680829,-73.748216,0.000000,NULL,NULL,NULL,NULL,NULL,-3.953164,-0.610321,174.570000
0,1,1,287.371261,639.799779,0.000000,NULL,NULL,NULL,NULL,NULL,1.638904,3.648835,174.570000
0,1,1,497.627802,31.051482,0.000000,NULL,NULL,NULL,NULL,NULL,3.992235,0.249112,174.570000
0,1,1,546.899035,141.903563,0.000000,NULL,NULL,NULL,NULL,NULL,3.871790,1.004611,174.570000
0,1,1,459.959750,500.724747,0.000000,NULL,NULL,NULL,NULL,NULL,2.705973,2.945796,174.570000
0,1,1,482.984393,18.543202,0.000000,NULL,NULL,NULL,NULL,NULL,3.997055,0.153459,174.570000
0,1,1,-244.899309,-261.921988,0.000000,NULL,NULL,NULL,NULL,NULL,-2.731888,-2.921778,174.570000
0,1,1,293.056468,-206.631812,0.000000,NULL,NULL,NULL,NULL,NULL,3.269088,-2.305008,174.570000
0,1,1,-119.076537,-301.371473,0.000000,NULL,NULL,NULL,NULL,NULL,-1.469885,-3.720140,174.570000
0,1,1,403.698106,521.708937,0.000000,NULL,NULL,NULL,NULL,NULL,2.447913,3.163498,174.570000
0,1,1,145.469621,708.041742,0.000000,NULL,NULL,NULL,NULL,NULL,0.804999,3.918160,174.570000
0,1,1,-295.705879,-30.279582,0.000000,NULL,NULL,NULL,NULL,NULL,-3.979193,-0.407460,174.570000
0,1,1,328.936044,548.304914,0.000000,NULL,NULL,NULL,NULL,NULL,2.057767,3.430101,174.570000
0,1,1,468.036067,6.754238,0.000000,NULL,NULL,NULL,NULL,NULL,3.999584,0.057718,174.570000
0,1,1,-460.761488,-82.475643,0.000000,NULL,NULL,NULL,NULL,NULL,-3.937419,-0.704792,174.570000
0,1,1,530.387209,282.958889,0.000000,NULL,NULL,NULL,NULL,NULL,3.529175,1.882797,174.570000
0,1,1,405.366842,-123.993930,0.000000,NULL,NULL,NULL,NULL,NULL,3.825058,-1.170012,174.570000
0,1,1,310.113755,-203.174879,0.000000,NULL,NULL,NULL,NULL,NULL,3.345860,-2.192082,174.570000
0,1,1,236.947575,-179.484447,0.000000,NULL,NULL,NULL,NULL,NULL,3.188506,-2.415249,174.570000
0,1,1,-239.502400,681.999354,0.000000,NULL,NULL,NULL,NULL,NULL,-1.325358,3.774046,174.570000
0,1,1,-399.784181,499.008826,0.000000,NULL,NULL,NULL,NULL,NULL,-2.500981,3.121713,174.570000
0,1,1,-370.920486,595.268000,0.000000,NULL,NULL,NULL,NULL,NULL,-2.115392,3.394866,174.570000
0,1,1,121.479026,712.549903,0.000000,NULL,NULL,NULL,NULL,NULL,0.672240,3.943107,174.570000
0,1,1,345.619709,515.061026,0.000000,NULL,NULL,NULL,NULL,NULL,2.228817,3.321502,174.570000
0,1,1,-262.303166,-262.006911,0.000000,NULL,NULL,NULL,NULL,NULL,-2.830025,-2.826829,174.570000
0,1,1,-216.337529,689.697464,0.000000,NULL,NULL,NULL,NULL,NULL,-1.197168,3.816646,174.570000
0,1,1,-428.153410,-97.998705,0.000000,NULL,NULL,NULL,NULL,NULL,-3.899167,-0.892468,174.570000
0,1,1,-190.516804,-290.077594,0.000000,NULL,NULL,NULL,NULL,NULL,-2.195861,-3.343380,174.570000
0,1,1,265.603999,649.138286,0.000000,NULL,NULL,NULL,NULL,NULL,1.514763,3.702093,174.570000
0,1,1,-174.506724,-286.562200,0.000000,NULL,NULL,NULL,NULL,NULL,-2.080462,-3.416383,174.570000
0,1,1,357.471756,-169.794359,0.000000,NULL,NULL,NULL,NULL,NULL,3.613129,-1.716188,174.570000
0,1,1,310.068473,537.213539,0.000000,NULL,NULL,NULL,NULL,NULL,1.999555,3.464358,174.570000
0,1,1,-511.880170,-54.096155,0.000000,NULL,NULL,NULL,NULL,NULL,-3.977848,-0.420384,174.570000
0,1,1,-470.283200,462.586302,0.000000,NULL,NULL,NULL,NULL,NULL,-2.851667,2.804995,174.570000
0,1,1,213.104341,-244.111709,0.000000,NULL,NULL,NULL,NULL,NULL,2.630567,-3.013323,174.570000
0,1,1,97.349890,716.245431,0.000000,NULL,NULL,NULL,NULL,NULL,0.538715,3.963557,174.570000
0,1,1,512.816792,44.346813,0.000000,NULL,NULL,NULL,NULL,NULL,3.985127,0.344621,174.570000
0,1,1,340.064584,-175.995371,0.000000,NULL,NULL,NULL,NULL,NULL,3.552445,-1.838515,174.570000
0,1,1,453.321199,17.404344,0.000000,NULL,NULL,NULL,NULL,NULL,3.997055,0.153459,174.570000
0,1,1,-523.206141,434.216051,0.000000,NULL,NULL,NULL,NULL,NULL,-3.078055,2.554521,174.570000
0,1,1,-567.732610,132.887041,0.000000,NULL,NULL,NULL,NULL,NULL,-3.894732,0.911625,174.570000
0,1,1,-192.925934,696.609003,0.000000,NULL,NULL,NULL,NULL,NULL,-1.067613,3.854893,174.570000
0,1,1,42.784899,-309.629055,0.000000,NULL,NULL,NULL,NULL,NULL,0.547522,-3.962350,174.570000
0,1,1,310.234484,559.099065,0.000000,NULL,NULL,NULL,NULL,NULL,1.940774,3.497628,174.570000
0,1,1,80.704814,416.153222,0.000000,NULL,NULL,NULL,NULL,NULL,0.761534,3.926839,174.570000
0,1,1,245.334104,-228.870418,0.000000,NULL,NULL,NULL,NULL,NULL,2.924864,-2.728584,174.570000
0,1,1,21.560431,-311.826630,0.000000,NULL,NULL,NULL,NULL,NULL,0.275911,-3.990473,174.570000
0,1,1,-139.360468,-292.545119,0.000000,NULL,NULL,NULL,NULL,NULL,-1.720270,-3.611187,174.570000
0,1,1,385.851951,535.042660,0.000000,NULL,NULL,NULL,NULL,NULL,2.339699,3.244350,174.570000
0,1,1,20.298211,600.803051,0.000000,NULL,NULL,NULL,NULL,NULL,0.135063,3.997719,174.570000
0,1,1,-350.609235,607.453013,0.000000,NULL,NULL,NULL,NULL,NULL,-1.999555,3.464358,174.570000
0,1,1,73.109729,719.124110,0.000000,NULL,NULL,NULL,NULL,NULL,0.404574,3.979487,174.570000
0,1,1,63.809980,-305.988538,0.000000,NULL,NULL,NULL,NULL,NULL,0.816582,-3.915762,174.570000
0,1,1,-410.837698,-104.446913,0.000000,NULL,NULL,NULL,NULL,NULL,-3.876682,-0.985565,174.570000
0,1,1,442.790062,515.970160,0.000000,NULL,NULL,NULL,NULL,NULL,2.604962,3.035485,174.570000
0,1,1,-448.343361,-69.218862,0.000000,NULL,NULL,NULL,NULL,NULL,-3.953164,-0.610321,174.570000
0,1,1,-382.706746,512.223337,0.000000,NULL,NULL,NULL,NULL,NULL,-2.394148,3.204381,174.570000
0,1,1,-362.814109,503.097174,0.000000,NULL,NULL,NULL,NULL,NULL,-2.339699,3.244350,174.570000
0,1,1,-315.460966,-238.957234,0.000000,NULL,NULL,NULL,NULL,NULL,-3.188506,-2.415249,174.570000
0,1,1,-169.294314,702.726087,0.000000,NULL,NULL,NULL,NULL,NULL,-0.936840,3.888744,174.570000
0,1,1,261.698990,-227.937056,0.000000,NULL,NULL,NULL,NULL,NULL,3.016294,-2.627160,174.570000
0,1,1,385.058801,-136.651079,0.000000,NULL,NULL,NULL,NULL,NULL,3.769658,-1.337790,174.570000
0,1,1,84.537692,-300.922046,0.000000,NULL,NULL,NULL,NULL,NULL,1.081836,-3.850926,174.570000
0,1,1,532.049164,238.543431,0.000000,NULL,NULL,NULL,NULL,NULL,3.649938,1.636444,174.570000
0,1,1,243.533826,657.736478,0.000000,NULL,NULL,NULL,NULL,NULL,1.388895,3.751129,174.570000
0,1,1,48.786190,721.182658,0.000000,NULL,NULL,NULL,NULL,NULL,0.269973,3.990879,174.570000
0,1,1,-297.156372,-241.487852,0.000000,NULL,NULL,NULL,NULL,NULL,-3.104209,-2.522674,174.570000
0,1,1,-0.235486,-312.571022,0.000000,NULL,NULL,NULL,NULL,NULL,-0.003014,-3.999999,174.570000
0,1,1,449.363183,399.310723,0.000000,NULL,NULL,NULL,NULL,NULL,2.990044,2.656997,174.570000
0,1,1,-145.469621,708.041742,0.000000,NULL,NULL,NULL,NULL,NULL,-0.804999,3.918160,174.570000
0,1,1,-563.663546,208.949111,0.000000,NULL,NULL,NULL,NULL,NULL,-3.750594,1.390339,174.570000
0,1,1,-530.810497,7.660137,0.000000,NULL,NULL,NULL,NULL,NULL,-3.999584,0.057718,174.570000
0,1,1,-545.899997,47.207746,0.000000,NULL,NULL,NULL,NULL,NULL,-3.985127,0.344621,174.570000
0,1,1,24.407013,722.418727,0.000000,NULL,NULL,NULL,NULL,NULL,0.135063,3.997719,174.570000
0,1,1,-349.212884,-212.118267,0.000000,NULL,NULL,NULL,NULL,NULL,-3.418732,-2.076600,174.570000
0,1,1,328.031144,526.437473,0.000000,NULL,NULL,NULL,NULL,NULL,2.115392,3.394866,174.570000
0,1,1,-395.942448,477.462483,0.000000,NULL,NULL,NULL,NULL,NULL,-2.553336,3.079038,174.570000
0,1,1,-121.479026,712.549903,0.000000,NULL,NULL,NULL,NULL,NULL,-0.672240,3.943107,174.570000
0,1,1,-561.581331,62.141644,0.000000,NULL,NULL,NULL,NULL,NULL,-3.975734,0.439934,174.570000
0,1,1,-295.682983,30.502354,0.000000,NULL,NULL,NULL,NULL,NULL,-3.978885,0.410458,174.570000
0,1,1,104.871440,-294.453189,0.000000,NULL,NULL,NULL,NULL,NULL,1.342049,-3.768143,174.570000
0,1,1,0.000000,722.830906,0.000000,NULL,NULL,NULL,NULL,NULL,0.000000,4.000000,174.570000
0,1,1,-329.898130,618.945250,0.000000,NULL,NULL,NULL,NULL,NULL,-1.881438,3.529899,174.570000
0,1,1,-454.395403,478.202042,0.000000,NULL,NULL,NULL,NULL,NULL,-2.755328,2.899684,174.570000
0,1,1,-97.349890,716.245431,0.000000,NULL,NULL,NULL,NULL,NULL,-0.538715,3.963557,174.570000
0,1,1,-21.560431,-311.826630,0.000000,NULL,NULL,NULL,NULL,NULL,-0.275911,-3.990473,174.570000
0,1,1,-24.407013,722.418727,0.000000,NULL,NULL,NULL,NULL,NULL,-0.135063,3.997719,174.570000
0,1,1,-73.109729,719.124110,0.000000,NULL,NULL,NULL,NULL,NULL,-0.404574,3.979487,174.570000
0,1,1,-48.786190,721.182658,0.000000,NULL,NULL,NULL,NULL,NULL,-0.269973,3.990879,174.570000
0,1,1,519.643501,108.577591,0.000000,NULL,NULL,NULL,NULL,NULL,3.915442,0.818117,174.570000
0,1,1,291.179114,569.255587,0.000000,NULL,NULL,NULL,NULL,NULL,1.821566,3.561165,174.570000
0,1,1,-379.594735,490.559560,0.000000,NULL,NULL,NULL,NULL,NULL,-2.447913,3.163498,174.570000
0,1,1,221.185913,665.584548,0.000000,NULL,NULL,NULL,NULL,NULL,1.261443,3.795888,174.570000
0,1,1,526.927799,150.274659,0.000000,NULL,NULL,NULL,NULL,NULL,3.846628,1.097021,174.570000
0,1,1,-480.663525,-50.797140,0.000000,NULL,NULL,NULL,NULL,NULL,-3.977848,-0.420384,174.570000
0,1,1,-496.946900,-40.514230,0.000000,NULL,NULL,NULL,NULL,NULL,-3.986773,-0.325027,174.570000
0,1,1,-508.246111,451.634958,0.000000,NULL,NULL,NULL,NULL,NULL,-2.990044,2.656997,174.570000
0,1,1,229.262567,-229.003629,0.000000,NULL,NULL,NULL,NULL,NULL,2.830025,-2.826829,174.570000
0,1,1,-365.192850,524.853677,0.000000,NULL,NULL,NULL,NULL,NULL,-2.284584,3.283394,174.570000
0,1,1,306.471290,-186.156245,0.000000,NULL,NULL,NULL,NULL,NULL,3.418732,-2.076600,174.570000
0,1,1,439.179827,6.337813,0.000000,NULL,NULL,NULL,NULL,NULL,3.999584,0.057718,174.570000
0,1,1,-193.651117,-273.988569,0.000000,NULL,NULL,NULL,NULL,NULL,-2.308701,-3.266481,174.570000
0,1,1,124.716462,-286.612113,0.000000,NULL,NULL,NULL,NULL,NULL,1.596008,-3.667800,174.570000
0,1,1,367.565747,547.766188,0.000000,NULL,NULL,NULL,NULL,NULL,2.228817,3.321502,174.570000
0,1,1,481.543028,41.642354,0.000000,NULL,NULL,NULL,NULL,NULL,3.985127,0.344621,174.570000
0,1,1,495.570880,54.837274,0.000000,NULL,NULL,NULL,NULL,NULL,3.975734,0.439934,174.570000
0,1,1,-158.994947,-282.355438,0.000000,NULL,NULL,NULL,NULL,NULL,-1.962639,-3.485405,174.570000
0,1,1,-464.181361,-60.324488,0.000000,NULL,NULL,NULL,NULL,NULL,-3.966643,-0.515501,174.570000
0,1,1,539.479151,167.920880,0.000000,NULL,NULL,NULL,NULL,NULL,3.819261,1.188801,174.570000
0,1,1,-209.863733,-276.403467,0.000000,NULL,NULL,NULL,NULL,NULL,-2.418850,-3.185775,174.570000
0,1,1,467.176177,29.151331,0.000000,NULL,NULL,NULL,NULL,NULL,3.992235,0.249112,174.570000
0,1,1,-42.784899,-309.629055,0.000000,NULL,NULL,NULL,NULL,NULL,-0.547522,-3.962350,174.570000
0,1,1,425.115390,530.627129,0.000000,NULL,NULL,NULL,NULL,NULL,2.500981,3.121713,174.570000
0,1,1,-432.353753,-77.390700,0.000000,NULL,NULL,NULL,NULL,NULL,-3.937419,-0.704792,174.570000
0,1,1,-20.298211,600.803051,0.000000,NULL,NULL,NULL,NULL,NULL,-0.135063,3.997719,174.570000
0,1,1,-308.810788,629.731606,0.000000,NULL,NULL,NULL,NULL,NULL,-1.761175,3.591415,174.570000
0,1,1,-262.198575,-244.603161,0.000000,NULL,NULL,NULL,NULL,NULL,-2.924864,-2.728584,174.570000
0,1,1,323.252980,-181.543614,0.000000,NULL,NULL,NULL,NULL,NULL,3.487621,-1.958699,174.570000
0,1,1,-80.704814,416.153222,0.000000,NULL,NULL,NULL,NULL,NULL,-0.761534,3.926839,174.570000
0,1,1,260.377378,-211.598942,0.000000,NULL,NULL,NULL,NULL,NULL,3.104209,-2.522674,174.570000
0,1,1,198.585747,672.673546,0.000000,NULL,NULL,NULL,NULL,NULL,1.132552,3.836317,174.570000
0,1,1,271.791666,578.762896,0.000000,NULL,NULL,NULL,NULL,NULL,1.700282,3.620641,174.570000
0,1,1,-437.989386,493.272413,0.000000,NULL,NULL,NULL,NULL,NULL,-2.655846,2.991067,174.570000
0,1,1,143.980278,-277.435360,0.000000,NULL,NULL,NULL,NULL,NULL,1.842528,-3.550365,174.570000
0,1,1,451.968358,39.084828,0.000000,NULL,NULL,NULL,NULL,NULL,3.985127,0.344621,174.570000
0,1,1,-279.567673,-243.500490,0.000000,NULL,NULL,NULL,NULL,NULL,-3.016294,-2.627160,174.570000
0,1,1,-347.262466,536.885443,0.000000,NULL,NULL,NULL,NULL,NULL,-2.172414,3.358663,174.570000
0,1,1,-513.882917,-29.530489,0.000000,NULL,NULL,NULL,NULL,NULL,-3.993412,-0.229483,174.570000
0,1,1,-287.371261,639.799779,0.000000,NULL,NULL,NULL,NULL,NULL,-1.638904,3.648835,174.570000
0,1,1,-63.809980,-305.988538,0.000000,NULL,NULL,NULL,NULL,NULL,-0.816582,-3.915762,174.570000
0,1,1,-560.720461,159.911996,0.000000,NULL,NULL,NULL,NULL,NULL,-3.846628,1.097021,174.570000
0,1,1,276.640452,-209.551242,0.000000,NULL,NULL,NULL,NULL,NULL,3.188506,-2.415249,174.570000
0,1,1,-451.142871,-47.677359,0.000000,NULL,NULL,NULL,NULL,NULL,-3.977848,-0.420384,174.570000
0,1,1,510.106011,68.844458,0.000000,NULL,NULL,NULL,NULL,NULL,3.964061,0.534994,174.570000
0,1,1,175.759101,678.995388,0.000000,NULL,NULL,NULL,NULL,NULL,1.002370,3.872371,174.570000
0,1,1,351.279668,-152.384011,0.000000,NULL,NULL,NULL,NULL,NULL,3.669602,-1.591862,174.570000
0,1,1,-492.706448,468.538793,0.000000,NULL,NULL,NULL,NULL,NULL,-2.898624,2.756444,174.570000
0,1,1,-462.590016,383.909887,0.000000,NULL,NULL,NULL,NULL,NULL,-3.078055,2.554521,174.570000
0,1,1,348.860349,559.865012,0.000000,NULL,NULL,NULL,NULL,NULL,2.115392,3.394866,174.570000
0,1,1,-177.888474,-270.849917,0.000000,NULL,NULL,NULL,NULL,NULL,-2.195861,-3.343380,174.570000
0,1,1,368.223208,-145.009825,0.000000,NULL,NULL,NULL,NULL,NULL,3.721798,-1.465680,174.570000
0,1,1,291.752182,547.376935,0.000000,NULL,NULL,NULL,NULL,NULL,1.881438,3.529899,174.570000
0,1,1,406.955891,544.678940,0.000000,NULL,NULL,NULL,NULL,NULL,2.394148,3.204381,174.570000
0,1,1,520.020164,263.739097,0.000000,NULL,NULL,NULL,NULL,NULL,3.567418,1.809290,174.570000
0,1,1,244.352377,-212.828340,0.000000,NULL,NULL,NULL,NULL,NULL,3.016294,-2.627160,174.570000
0,1,1,-265.603999,649.138286,0.000000,NULL,NULL,NULL,NULL,NULL,-1.514763,3.702093,174.570000
0,1,1,252.094251,587.610150,0.000000,NULL,NULL,NULL,NULL,NULL,1.577058,3.675988,174.570000
0,1,1,162.573113,-266.965695,0.000000,NULL,NULL,NULL,NULL,NULL,2.080462,-3.416383,174.570000
0,1,1,276.495969,109.127444,0.000000,NULL,NULL,NULL,NULL,NULL,3.720693,1.468483,174.570000
0,1,1,152.732010,684.542863,0.000000,NULL,NULL,NULL,NULL,NULL,0.871044,3.904008,174.570000
0,1,1,-211.893053,-260.138089,0.000000,NULL,NULL,NULL,NULL,NULL,-2.526181,-3.101356,174.570000
0,1,1,-328.936044,548.304914,0.000000,NULL,NULL,NULL,NULL,NULL,-2.057767,3.430101,174.570000
0,1,1,-331.029020,-216.877774,0.000000,NULL,NULL,NULL,NULL,NULL,-3.345860,-2.192082,174.570000
0,1,1,-401.620066,135.639574,0.000000,NULL,NULL,NULL,NULL,NULL,-3.789704,1.279901,174.570000
0,1,1,-421.083861,507.780226,0.000000,NULL,NULL,NULL,NULL,NULL,-2.553336,3.079038,174.570000
0,1,1,-529.835275,33.061197,0.000000,NULL,NULL,NULL,NULL,NULL,-3.992235,0.249112,174.570000
0,1,1,-543.014336,73.285801,0.000000,NULL,NULL,NULL,NULL,NULL,-3.964061,0.534994,174.570000
0,1,1,-84.537692,-300.922046,0.000000,NULL,NULL,NULL,NULL,NULL,-1.081836,-3.850926,174.570000
0,1,1,-312.939731,-220.651345,0.000000,NULL,NULL,NULL,NULL,NULL,-3.269088,-2.305008,174.570000
0,1,1,-557.962809,88.953241,0.000000,NULL,NULL,NULL,NULL,NULL,-3.950116,0.629747,174.570000
0,1,1,-228.232650,-261.441237,0.000000,NULL,NULL,NULL,NULL,NULL,-2.630567,-3.013323,174.570000
0,1,1,-310.068473,537.213539,0.000000,NULL,NULL,NULL,NULL,NULL,-1.999555,3.464358,174.570000
0,1,1,-243.533826,657.736478,0.000000,NULL,NULL,NULL,NULL,NULL,-1.388895,3.751129,174.570000
0,1,1,-435.562779,-56.605250,0.000000,NULL,NULL,NULL,NULL,NULL,-3.966643,-0.515501,174.570000
0,1,1,438.372952,27.354038,0.000000,NULL,NULL,NULL,NULL,NULL,3.992235,0.249112,174.570000
0,1,1,254.142673,565.820065,0.000000,NULL,NULL,NULL,NULL,NULL,1.638904,3.648835,174.570000
0,1,1,90.115640,-283.263113,0.000000,NULL,NULL,NULL,NULL,NULL,1.212649,-3.811756,174.570000
0,1,1,393.484737,-110.061616,0.000000,NULL,NULL,NULL,NULL,NULL,3.852146,-1.077484,174.570000
0,1,1,129.530733,689.309646,0.000000,NULL,NULL,NULL,NULL,NULL,0.738725,3.931194,174.570000
0,1,1,-362.871175,-187.798584,0.000000,NULL,NULL,NULL,NULL,NULL,-3.552445,-1.838515,174.570000
0,1,1,513.850173,133.328394,0.000000,NULL,NULL,NULL,NULL,NULL,3.871790,1.004611,174.570000
0,1,1,-476.604873,484.908279,0.000000,NULL,NULL,NULL,NULL,NULL,-2.803897,2.852746,174.570000
0,1,1,318.457887,-164.813147,0.000000,NULL,NULL,NULL,NULL,NULL,3.552445,-1.838515,174.570000
0,1,1,-482.544136,-27.729594,0.000000,NULL,NULL,NULL,NULL,NULL,-3.993412,-0.229483,174.570000
0,1,1,-498.316601,-16.678989,0.000000,NULL,NULL,NULL,NULL,NULL,-3.997761,-0.133808,174.570000
0,1,1,519.130086,175.326358,0.000000,NULL,NULL,NULL,NULL,NULL,3.789704,1.279901,174.570000
0,1,1,329.757091,571.325333,0.000000,NULL,NULL,NULL,NULL,NULL,1.999555,3.464358,174.570000
0,1,1,-466.536941,-38.035019,0.000000,NULL,NULL,NULL,NULL,NULL,-3.986773,-0.325027,174.570000
0,1,1,274.207234,-193.341366,0.000000,NULL,NULL,NULL,NULL,NULL,3.269088,-2.305008,174.570000
0,1,1,-221.185913,665.584548,0.000000,NULL,NULL,NULL,NULL,NULL,-1.261443,3.795888,174.570000
0,1,1,-345.619709,515.061026,0.000000,NULL,NULL,NULL,NULL,NULL,-2.228817,3.321502,174.570000
0,1,1,478.997563,64.646028,0.000000,NULL,NULL,NULL,NULL,NULL,3.964061,0.534994,174.570000
0,1,1,530.822326,193.553181,0.000000,NULL,NULL,NULL,NULL,NULL,3.757974,1.370266,174.570000
0,1,1,-310.234484,559.099065,0.000000,NULL,NULL,NULL,NULL,NULL,-1.940774,3.497628,174.570000
0,1,1,465.245125,51.481585,0.000000,NULL,NULL,NULL,NULL,NULL,3.975734,0.439934,174.570000
0,1,1,232.109333,595.787259,0.000000,NULL,NULL,NULL,NULL,NULL,1.452036,3.727143,174.570000
0,1,1,388.332276,558.109566,0.000000,NULL,NULL,NULL,NULL,NULL,2.284584,3.283394,174.570000
0,1,1,106.181733,693.290299,0.000000,NULL,NULL,NULL,NULL,NULL,0.605564,3.953896,174.570000
0,1,1,492.377693,78.497332,0.000000,NULL,NULL,NULL,NULL,NULL,3.950116,0.629747,174.570000
0,1,1,234.892348,574.078766,0.000000,NULL,NULL,NULL,NULL,NULL,1.514763,3.702093,174.570000
0,1,1,180.408320,-255.251909,0.000000,NULL,NULL,NULL,NULL,NULL,2.308701,-3.266481,174.570000
0,1,1,273.103159,556.916070,0.000000,NULL,NULL,NULL,NULL,NULL,1.761175,3.591415,174.570000
0,1,1,210.307717,-210.070188,0.000000,NULL,NULL,NULL,NULL,NULL,2.830025,-2.826829,174.570000
0,1,1,334.885771,-159.066315,0.000000,NULL,NULL,NULL,NULL,NULL,3.613129,-1.716188,174.570000
0,1,1,-403.698106,521.708937,0.000000,NULL,NULL,NULL,NULL,NULL,-2.447913,3.163498,174.570000
0,1,1,-104.871440,-294.453189,0.000000,NULL,NULL,NULL,NULL,NULL,-1.342049,-3.768143,174.570000
0,1,1,-198.585747,672.673546,0.000000,NULL,NULL,NULL,NULL,NULL,-1.132552,3.836317,174.570000
0,1,1,-383.438423,-180.753277,0.000000,NULL,NULL,NULL,NULL,NULL,-3.618141,-1.705595,174.570000
0,1,1,-195.953000,-258.082174,0.000000,NULL,NULL,NULL,NULL,NULL,-2.418850,-3.185775,174.570000
0,1,1,82.711636,696.480282,0.000000,NULL,NULL,NULL,NULL,NULL,0.471712,3.972089,174.570000
0,1,1,-278.275936,-226.144429,0.000000,NULL,NULL,NULL,NULL,NULL,-3.104209,-2.522674,174.570000
0,1,1,290.292707,-190.188872,0.000000,NULL,NULL,NULL,NULL,NULL,3.345860,-2.192082,174.570000
0,1,1,50.714903,-292.893869,0.000000,NULL,NULL,NULL,NULL,NULL,0.682450,-3.941353,174.570000
0,1,1,449.579226,60.675697,0.000000,NULL,NULL,NULL,NULL,NULL,3.964061,0.534994,174.570000
0,1,1,258.303451,-195.661222,0.000000,NULL,NULL,NULL,NULL,NULL,3.188506,-2.415249,174.570000
0,1,1,30.613733,-295.671472,0.000000,NULL,NULL,NULL,NULL,NULL,0.411956,-3.978730,174.570000
0,1,1,-175.759101,678.995388,0.000000,NULL,NULL,NULL,NULL,NULL,-1.002370,3.872371,174.570000
0,1,1,-452.907981,-26.026540,0.000000,NULL,NULL,NULL,NULL,NULL,-3.993412,-0.229483,174.570000
0,1,1,59.147211,698.875959,0.000000,NULL,NULL,NULL,NULL,NULL,0.337322,3.985751,174.570000
0,1,1,-291.179114,569.255587,0.000000,NULL,NULL,NULL,NULL,NULL,-1.821566,3.561165,174.570000
0,1,1,10.369896,-297.071179,0.000000,NULL,NULL,NULL,NULL,NULL,0.139543,-3.997565,174.570000
0,1,1,211.859703,603.284896,0.000000,NULL,NULL,NULL,NULL,NULL,1.325358,3.774046,174.570000
0,1,1,-552.422670,186.570298,0.000000,NULL,NULL,NULL,NULL,NULL,-3.789704,1.279901,174.570000
0,1,1,-514.707413,-4.897115,0.000000,NULL,NULL,NULL,NULL,NULL,-3.999819,-0.038056,174.570000
0,1,1,310.277758,582.134081,0.000000,NULL,NULL,NULL,NULL,NULL,1.881438,3.529899,174.570000
0,1,1,-152.732010,684.542863,0.000000,NULL,NULL,NULL,NULL,NULL,-0.871044,3.904008,174.570000
0,1,1,-295.529331,-223.859302,0.000000,NULL,NULL,NULL,NULL,NULL,-3.188506,-2.415249,174.570000
0,1,1,-459.959750,500.724747,0.000000,NULL,NULL,NULL,NULL,NULL,-2.705973,2.945796,174.570000
0,1,1,-328.031144,526.437473,0.000000,NULL,NULL,NULL,NULL,NULL,-2.115392,3.394866,174.570000
0,1,1,499.047811,335.153108,0.000000,NULL,NULL,NULL,NULL,NULL,3.320644,2.230095,174.570000
0,1,1,35.515330,700.474596,0.000000,NULL,NULL,NULL,NULL,NULL,0.202547,3.994869,174.570000
0,1,1,-229.147518,-245.075307,0.000000,NULL,NULL,NULL,NULL,NULL,-2.731888,-2.921778,174.570000
0,1,1,506.225639,93.184253,0.000000,NULL,NULL,NULL,NULL,NULL,3.933907,0.724140,174.570000
0,1,1,-129.530733,689.309646,0.000000,NULL,NULL,NULL,NULL,NULL,-0.738725,3.931194,174.570000
0,1,1,-385.851951,535.042660,0.000000,NULL,NULL,NULL,NULL,NULL,-2.339699,3.244350,174.570000
0,1,1,11.842945,701.274371,0.000000,NULL,NULL,NULL,NULL,NULL,0.067541,3.999430,174.570000
0,1,1,-236.947575,-179.484447,0.000000,NULL,NULL,NULL,NULL,NULL,-3.188506,-2.415249,174.570000
0,1,1,175.623381,594.892656,0.000000,NULL,NULL,NULL,NULL,NULL,1.132552,3.836317,174.570000
0,1,1,506.798840,288.330050,0.000000,NULL,NULL,NULL,NULL,NULL,3.476717,1.977988,174.570000
0,1,1,-106.181733,693.290299,0.000000,NULL,NULL,NULL,NULL,NULL,-0.605564,3.953896,174.570000
0,1,1,197.402784,-242.348592,0.000000,NULL,NULL,NULL,NULL,NULL,2.526181,-3.101356,174.570000
0,1,1,369.265784,570.903692,0.000000,NULL,NULL,NULL,NULL,NULL,2.172414,3.358663,174.570000
0,1,1,-82.711636,696.480282,0.000000,NULL,NULL,NULL,NULL,NULL,-0.471712,3.972089,174.570000
0,1,1,-11.842945,701.274371,0.000000,NULL,NULL,NULL,NULL,NULL,-0.067541,3.999430,174.570000
0,1,1,-271.791666,578.762896,0.000000,NULL,NULL,NULL,NULL,NULL,-1.700282,3.620641,174.570000
0,1,1,-59.147211,698.875959,0.000000,NULL,NULL,NULL,NULL,NULL,-0.337322,3.985751,174.570000
0,1,1,-35.515330,700.474596,0.000000,NULL,NULL,NULL,NULL,NULL,-0.202547,3.994869,174.570000
0,1,1,-437.773128,-35.690013,0.000000,NULL,NULL,NULL,NULL,NULL,-3.986773,-0.325027,174.570000
0,1,1,191.368456,610.094512,0.000000,NULL,NULL,NULL,NULL,NULL,1.197168,3.816646,174.570000
0,1,1,-124.716462,-286.612113,0.000000,NULL,NULL,NULL,NULL,NULL,-1.596008,-3.667800,174.570000
0,1,1,-538.883630,99.195822,0.000000,NULL,NULL,NULL,NULL,NULL,-3.933907,0.724140,174.570000
0,1,1,-30.613733,-295.671472,0.000000,NULL,NULL,NULL,NULL,NULL,-0.411956,-3.978730,174.570000
0,1,1,-527.645225,58.386452,0.000000,NULL,NULL,NULL,NULL,NULL,-3.975734,0.439934,174.570000
0,1,1,-245.537951,-245.260631,0.000000,NULL,NULL,NULL,NULL,NULL,-2.830025,-2.826829,174.570000
0,1,1,360.857709,-128.062506,0.000000,NULL,NULL,NULL,NULL,NULL,3.769658,-1.337790,174.570000
0,1,1,436.560957,48.307545,0.000000,NULL,NULL,NULL,NULL,NULL,3.975734,0.439934,174.570000
0,1,1,109.231590,-276.454842,0.000000,NULL,NULL,NULL,NULL,NULL,1.469885,-3.720140,174.570000
0,1,1,377.258658,-119.549512,0.000000,NULL,NULL,NULL,NULL,NULL,3.813124,-1.208341,174.570000
0,1,1,290.444566,592.278929,0.000000,NULL,NULL,NULL,NULL,NULL,1.761175,3.591415,174.570000
0,1,1,-345.054404,-193.787614,0.000000,NULL,NULL,NULL,NULL,NULL,-3.487621,-1.958699,174.570000
0,1,1,-327.264721,-198.786553,0.000000,NULL,NULL,NULL,NULL,NULL,-3.418732,-2.076600,174.570000
0,1,1,-553.064967,115.560883,0.000000,NULL,NULL,NULL,NULL,NULL,-3.915442,0.818117,174.570000
0,1,1,286.759223,-174.182776,0.000000,NULL,NULL,NULL,NULL,NULL,3.418732,-2.076600,174.570000
0,1,1,357.993904,227.017920,0.000000,NULL,NULL,NULL,NULL,NULL,3.378045,2.142151,174.570000
0,1,1,-213.104341,-244.111709,0.000000,NULL,NULL,NULL,NULL,NULL,-2.630567,-3.013323,174.570000
0,1,1,-442.790062,515.970160,0.000000,NULL,NULL,NULL,NULL,NULL,-2.604962,3.035485,174.570000
0,1,1,-252.094251,587.610150,0.000000,NULL,NULL,NULL,NULL,NULL,-1.577058,3.675988,174.570000
0,1,1,170.658962,616.208340,0.000000,NULL,NULL,NULL,NULL,NULL,1.067613,3.854893,174.570000
0,1,1,-367.565747,547.766188,0.000000,NULL,NULL,NULL,NULL,NULL,-2.228817,3.321502,174.570000
0,1,1,-467.822826,-15.658342,0.000000,NULL,NULL,NULL,NULL,NULL,-3.997761,-0.133808,174.570000
0,1,1,-483.318351,-4.598468,0.000000,NULL,NULL,NULL,NULL,NULL,-3.999819,-0.038056,174.570000
0,1,1,510.142091,199.976062,0.000000,NULL,NULL,NULL,NULL,NULL,3.724090,1.459846,174.570000
0,1,1,-50.714903,-292.893869,0.000000,NULL,NULL,NULL,NULL,NULL,-0.682450,-3.941353,174.570000
0,1,1,506.878669,157.773497,0.000000,NULL,NULL,NULL,NULL,NULL,3.819261,1.188801,174.570000
0,1,1,-90.115640,-283.263113,0.000000,NULL,NULL,NULL,NULL,NULL,-1.212649,-3.811756,174.570000
0,1,1,328.960398,-142.701982,0.000000,NULL,NULL,NULL,NULL,NULL,3.669602,-1.591862,174.570000
0,1,1,349.778159,583.046726,0.000000,NULL,NULL,NULL,NULL,NULL,2.057767,3.430101,174.570000
0,1,1,-498.543742,7.194495,0.000000,NULL,NULL,NULL,NULL,NULL,-3.999584,0.057718,174.570000
0,1,1,271.050771,-177.582279,0.000000,NULL,NULL,NULL,NULL,NULL,3.345860,-2.192082,174.570000
0,1,1,-291.752182,547.376935,0.000000,NULL,NULL,NULL,NULL,NULL,-1.881438,3.529899,174.570000
0,1,1,520.948411,218.741695,0.000000,NULL,NULL,NULL,NULL,NULL,3.688072,1.548589,174.570000
0,1,1,462.247341,73.693799,0.000000,NULL,NULL,NULL,NULL,NULL,3.950116,0.629747,174.570000
0,1,1,-374.838404,-162.603716,0.000000,NULL,NULL,NULL,NULL,NULL,-3.669602,-1.591862,174.570000
0,1,1,-254.142673,565.820065,0.000000,NULL,NULL,NULL,NULL,NULL,-1.638904,3.648835,174.570000
0,1,1,475.353832,87.501478,0.000000,NULL,NULL,NULL,NULL,NULL,3.933907,0.724140,174.570000
0,1,1,213.477306,-228.315876,0.000000,NULL,NULL,NULL,NULL,NULL,2.731888,-2.921778,174.570000
0,1,1,149.754838,621.619408,0.000000,NULL,NULL,NULL,NULL,NULL,0.936840,3.888744,174.570000
0,1,1,-232.109333,595.787259,0.000000,NULL,NULL,NULL,NULL,NULL,-1.452036,3.727143,174.570000
0,1,1,270.280134,601.748307,0.000000,NULL,NULL,NULL,NULL,NULL,1.638904,3.648835,174.570000
0,1,1,-453.634646,-4.316046,0.000000,NULL,NULL,NULL,NULL,NULL,-3.999819,-0.038056,174.570000
0,1,1,-143.980278,-277.435360,0.000000,NULL,NULL,NULL,NULL,NULL,-1.842528,-3.550365,174.570000
0,1,1,400.076945,-82.959241,0.000000,NULL,NULL,NULL,NULL,NULL,3.916683,-0.812156,174.570000
0,1,1,302.592132,-169.940179,0.000000,NULL,NULL,NULL,NULL,NULL,3.487621,-1.958699,174.570000
0,1,1,215.374137,581.682753,0.000000,NULL,NULL,NULL,NULL,NULL,1.388895,3.751129,174.570000
0,1,1,488.055562,101.977408,0.000000,NULL,NULL,NULL,NULL,NULL,3.915442,0.818117,174.570000
0,1,1,446.159280,82.127447,0.000000,NULL,NULL,NULL,NULL,NULL,3.933907,0.724140,174.570000
0,1,1,-293.056468,-206.631812,0.000000,NULL,NULL,NULL,NULL,NULL,-3.269088,-2.305008,174.570000
0,1,1,-542.858261,212.800824,0.000000,NULL,NULL,NULL,NULL,NULL,-3.724090,1.459846,174.570000
0,1,1,-348.860349,559.865012,0.000000,NULL,NULL,NULL,NULL,NULL,-2.115392,3.394866,174.570000
0,1,1,-234.892348,574.078766,0.000000,NULL,NULL,NULL,NULL,NULL,-1.514763,3.702093,174.570000
0,1,1,-425.115390,530.627129,0.000000,NULL,NULL,NULL,NULL,NULL,-2.500981,3.121713,174.570000
0,1,1,344.957920,-135.847732,0.000000,NULL,NULL,NULL,NULL,NULL,3.721798,-1.465680,174.570000
0,1,1,-245.334104,-228.870418,0.000000,NULL,NULL,NULL,NULL,NULL,-2.924864,-2.728584,174.570000
0,1,1,128.679924,626.321544,0.000000,NULL,NULL,NULL,NULL,NULL,0.804999,3.918160,174.570000
0,1,1,-175.623381,594.892656,0.000000,NULL,NULL,NULL,NULL,NULL,-1.132552,3.836317,174.570000
0,1,1,-211.859703,603.284896,0.000000,NULL,NULL,NULL,NULL,NULL,-1.325358,3.774046,174.570000
0,1,1,-438.979733,-14.692944,0.000000,NULL,NULL,NULL,NULL,NULL,-3.997761,-0.133808,174.570000
0,1,1,-514.351766,19.747488,0.000000,NULL,NULL,NULL,NULL,NULL,-3.997055,0.153459,174.570000
0,1,1,329.891626,594.524818,0.000000,NULL,NULL,NULL,NULL,NULL,1.940774,3.497628,174.570000
0,1,1,-273.103159,556.916070,0.000000,NULL,NULL,NULL,NULL,NULL,-1.761175,3.591415,174.570000
0,1,1,-310.113755,-203.174879,0.000000,NULL,NULL,NULL,NULL,NULL,-3.345860,-2.192082,174.570000
0,1,1,-449.363183,399.310723,0.000000,NULL,NULL,NULL,NULL,NULL,-2.990044,2.656997,174.570000
0,1,1,-276.495969,109.127444,0.000000,NULL,NULL,NULL,NULL,NULL,-3.720693,1.468483,174.570000
0,1,1,492.415507,312.259909,0.000000,NULL,NULL,NULL,NULL,NULL,3.378045,2.142151,174.570000
0,1,1,195.610302,588.623355,0.000000,NULL,NULL,NULL,NULL,NULL,1.261443,3.795888,174.570000
0,1,1,-530.387209,282.958889,0.000000,NULL,NULL,NULL,NULL,NULL,-3.529175,1.882797,174.570000
0,1,1,-191.368456,610.094512,0.000000,NULL,NULL,NULL,NULL,NULL,-1.197168,3.816646,174.570000
0,1,1,249.807458,610.531415,0.000000,NULL,NULL,NULL,NULL,NULL,1.514763,3.702093,174.570000
0,1,1,107.458257,630.309387,0.000000,NULL,NULL,NULL,NULL,NULL,0.672240,3.943107,174.570000
0,1,1,40.060363,-279.072484,0.000000,NULL,NULL,NULL,NULL,NULL,0.568367,-3.959414,174.570000
0,1,1,-329.757091,571.325333,0.000000,NULL,NULL,NULL,NULL,NULL,-1.999555,3.464358,174.570000
0,1,1,433.747998,69.150291,0.000000,NULL,NULL,NULL,NULL,NULL,3.950116,0.629747,174.570000
0,1,1,-229.262567,-229.003629,0.000000,NULL,NULL,NULL,NULL,NULL,-2.830025,-2.826829,174.570000
0,1,1,-261.698990,-227.937056,0.000000,NULL,NULL,NULL,NULL,NULL,-3.016294,-2.627160,174.570000
0,1,1,501.184571,117.310392,0.000000,NULL,NULL,NULL,NULL,NULL,3.894732,0.911625,174.570000
0,1,1,-406.955891,544.678940,0.000000,NULL,NULL,NULL,NULL,NULL,-2.394148,3.204381,174.570000
0,1,1,66.408453,-274.000367,0.000000,NULL,NULL,NULL,NULL,NULL,0.942187,-3.887452,174.570000
0,1,1,-170.658962,616.208340,0.000000,NULL,NULL,NULL,NULL,NULL,-1.067613,3.854893,174.570000
0,1,1,-524.245368,83.577837,0.000000,NULL,NULL,NULL,NULL,NULL,-3.950116,0.629747,174.570000
0,1,1,86.114038,633.578387,0.000000,NULL,NULL,NULL,NULL,NULL,0.538715,3.963557,174.570000
0,1,1,228.556975,-213.219155,0.000000,NULL,NULL,NULL,NULL,NULL,2.924864,-2.728584,174.570000
0,1,1,297.974848,-154.212454,0.000000,NULL,NULL,NULL,NULL,NULL,3.552445,-1.838515,174.570000
0,1,1,-533.517350,124.878404,0.000000,NULL,NULL,NULL,NULL,NULL,-3.894732,0.911625,174.570000
0,1,1,-162.573113,-266.965695,0.000000,NULL,NULL,NULL,NULL,NULL,-2.080462,-3.416383,174.570000
0,1,1,114.553163,609.605132,0.000000,NULL,NULL,NULL,NULL,NULL,0.738725,3.931194,174.570000
0,1,1,163.181105,-248.456731,0.000000,NULL,NULL,NULL,NULL,NULL,2.195861,-3.343380,174.570000
0,1,1,-546.899035,141.903563,0.000000,NULL,NULL,NULL,NULL,NULL,-3.871790,1.004611,174.570000
0,1,1,309.628866,605.324880,0.000000,NULL,NULL,NULL,NULL,NULL,1.821566,3.561165,174.570000
0,1,1,282.534934,-158.675763,0.000000,NULL,NULL,NULL,NULL,NULL,3.487621,-1.958699,174.570000
0,1,1,-149.754838,621.619408,0.000000,NULL,NULL,NULL,NULL,NULL,-0.936840,3.888744,174.570000
0,1,1,-13.349425,-281.616897,0.000000,NULL,NULL,NULL,NULL,NULL,-0.189398,-3.995514,174.570000
0,1,1,-405.366842,-123.993930,0.000000,NULL,NULL,NULL,NULL,NULL,-3.825058,-1.170012,174.570000
0,1,1,64.671609,636.124817,0.000000,NULL,NULL,NULL,NULL,NULL,0.404574,3.979487,174.570000
0,1,1,229.049888,618.618238,0.000000,NULL,NULL,NULL,NULL,NULL,1.388895,3.751129,174.570000
0,1,1,179.752101,-236.744592,0.000000,NULL,NULL,NULL,NULL,NULL,2.418850,-3.185775,174.570000
0,1,1,92.155048,-266.446488,0.000000,NULL,NULL,NULL,NULL,NULL,1.307474,-3.780279,174.570000
0,1,1,499.984421,224.167253,0.000000,NULL,NULL,NULL,NULL,NULL,3.649938,1.636444,174.570000
0,1,1,-468.036067,6.754238,0.000000,NULL,NULL,NULL,NULL,NULL,-3.999584,0.057718,174.570000
0,1,1,-340.064584,-175.995371,0.000000,NULL,NULL,NULL,NULL,NULL,-3.552445,-1.838515,174.570000
0,1,1,-310.277758,582.134081,0.000000,NULL,NULL,NULL,NULL,NULL,-1.881438,3.529899,174.570000
0,1,1,-128.679924,626.321544,0.000000,NULL,NULL,NULL,NULL,NULL,-0.804999,3.918160,174.570000
0,1,1,498.744972,181.856849,0.000000,NULL,NULL,NULL,NULL,NULL,3.757974,1.370266,174.570000
0,1,1,368.754072,-103.144202,0.000000,NULL,NULL,NULL,NULL,NULL,3.852146,-1.077484,174.570000
0,1,1,-357.471756,-169.794359,0.000000,NULL,NULL,NULL,NULL,NULL,-3.613129,-1.716188,174.570000
0,1,1,-482.984393,18.543202,0.000000,NULL,NULL,NULL,NULL,NULL,-3.997055,0.153459,174.570000
0,1,1,509.880043,243.428670,0.000000,NULL,NULL,NULL,NULL,NULL,3.609713,1.723361,174.570000
0,1,1,43.155425,637.945773,0.000000,NULL,NULL,NULL,NULL,NULL,0.269973,3.990879,174.570000
0,1,1,-497.627802,31.051482,0.000000,NULL,NULL,NULL,NULL,NULL,-3.992235,0.249112,174.570000
0,1,1,384.535996,-93.532071,0.000000,NULL,NULL,NULL,NULL,NULL,3.886679,-0.945371,174.570000
0,1,1,31.408711,619.479085,0.000000,NULL,NULL,NULL,NULL,NULL,0.202547,3.994869,174.570000
0,1,1,-388.332276,558.109566,0.000000,NULL,NULL,NULL,NULL,NULL,-2.284584,3.283394,174.570000
0,1,1,-107.458257,630.309387,0.000000,NULL,NULL,NULL,NULL,NULL,-0.672240,3.943107,174.570000
0,1,1,155.436168,600.483507,0.000000,NULL,NULL,NULL,NULL,NULL,1.002370,3.872371,174.570000
0,1,1,21.590024,639.039178,0.000000,NULL,NULL,NULL,NULL,NULL,0.135063,3.997719,174.570000
0,1,1,-86.114038,633.578387,0.000000,NULL,NULL,NULL,NULL,NULL,-0.538715,3.963557,174.570000
0,1,1,-453.321199,17.404344,0.000000,NULL,NULL,NULL,NULL,NULL,-3.997055,0.153459,174.570000
0,1,1,-532.049164,238.543431,0.000000,NULL,NULL,NULL,NULL,NULL,-3.649938,1.636444,174.570000
0,1,1,208.031095,625.999552,0.000000,NULL,NULL,NULL,NULL,NULL,1.261443,3.795888,174.570000
0,1,1,-40.060363,-279.072484,0.000000,NULL,NULL,NULL,NULL,NULL,-0.568367,-3.959414,174.570000
0,1,1,458.189697,95.737046,0.000000,NULL,NULL,NULL,NULL,NULL,3.915442,0.818117,174.570000
0,1,1,-64.671609,636.124817,0.000000,NULL,NULL,NULL,NULL,NULL,-0.404574,3.979487,174.570000
0,1,1,-109.231590,-276.454842,0.000000,NULL,NULL,NULL,NULL,NULL,-1.469885,-3.720140,174.570000
0,1,1,0.000000,639.403785,0.000000,NULL,NULL,NULL,NULL,NULL,0.000000,4.000000,174.570000
0,1,1,-260.377378,-211.598942,0.000000,NULL,NULL,NULL,NULL,NULL,-3.104209,-2.522674,174.570000
0,1,1,93.903995,613.125504,0.000000,NULL,NULL,NULL,NULL,NULL,0.605564,3.953896,174.570000
0,1,1,470.620190,110.156302,0.000000,NULL,NULL,NULL,NULL,NULL,3.894732,0.911625,174.570000
0,1,1,117.066947,-256.479266,0.000000,NULL,NULL,NULL,NULL,NULL,1.660918,-3.638867,174.570000
0,1,1,-114.553163,609.605132,0.000000,NULL,NULL,NULL,NULL,NULL,-0.738725,3.931194,174.570000
0,1,1,-43.155425,637.945773,0.000000,NULL,NULL,NULL,NULL,NULL,-0.269973,3.990879,174.570000
0,1,1,289.012987,615.434593,0.000000,NULL,NULL,NULL,NULL,NULL,1.700282,3.620641,174.570000
0,1,1,313.481409,-148.899526,0.000000,NULL,NULL,NULL,NULL,NULL,3.613129,-1.716188,174.570000
0,1,1,-21.590024,639.039178,0.000000,NULL,NULL,NULL,NULL,NULL,-0.135063,3.997719,174.570000
0,1,1,337.929879,-119.925794,0.000000,NULL,NULL,NULL,NULL,NULL,3.769658,-1.337790,174.570000
0,1,1,-290.444566,592.278929,0.000000,NULL,NULL,NULL,NULL,NULL,-1.761175,3.591415,174.570000
0,1,1,-31.408711,619.479085,0.000000,NULL,NULL,NULL,NULL,NULL,-0.202547,3.994869,174.570000
0,1,1,-215.374137,581.682753,0.000000,NULL,NULL,NULL,NULL,NULL,-1.388895,3.751129,174.570000
0,1,1,482.614398,125.223667,0.000000,NULL,NULL,NULL,NULL,NULL,3.871790,1.004611,174.570000
0,1,1,-306.471290,-186.156245,0.000000,NULL,NULL,NULL,NULL,NULL,-3.418732,-2.076600,174.570000
0,1,1,441.716361,103.390891,0.000000,NULL,NULL,NULL,NULL,NULL,3.894732,0.911625,174.570000
0,1,1,135.071687,605.389530,0.000000,NULL,NULL,NULL,NULL,NULL,0.871044,3.904008,174.570000
0,1,1,-180.408320,-255.251909,0.000000,NULL,NULL,NULL,NULL,NULL,-2.308701,-3.266481,174.570000
0,1,1,242.571518,-197.128786,0.000000,NULL,NULL,NULL,NULL,NULL,3.104209,-2.522674,174.570000
0,1,1,186.775052,632.666939,0.000000,NULL,NULL,NULL,NULL,NULL,1.132552,3.836317,174.570000
0,1,1,-244.352377,-212.828340,0.000000,NULL,NULL,NULL,NULL,NULL,-3.016294,-2.627160,174.570000
0,1,1,-385.058801,-136.651079,0.000000,NULL,NULL,NULL,NULL,NULL,-3.769658,-1.337790,174.570000
0,1,1,-512.816792,44.346813,0.000000,NULL,NULL,NULL,NULL,NULL,-3.985127,0.344621,174.570000
0,1,1,-210.307717,-210.070188,0.000000,NULL,NULL,NULL,NULL,NULL,-2.830025,-2.826829,174.570000
0,1,1,-439.179827,6.337813,0.000000,NULL,NULL,NULL,NULL,NULL,-3.999584,0.057718,174.570000
0,1,1,-369.265784,570.903692,0.000000,NULL,NULL,NULL,NULL,NULL,-2.172414,3.358663,174.570000
0,1,1,476.903143,335.473805,0.000000,NULL,NULL,NULL,NULL,NULL,3.271628,2.301401,174.570000
0,1,1,-195.610302,588.623355,0.000000,NULL,NULL,NULL,NULL,NULL,-1.261443,3.795888,174.570000
0,1,1,293.941116,305.442944,0.000000,NULL,NULL,NULL,NULL,NULL,2.773641,2.882172,174.570000
0,1,1,-270.280134,601.748307,0.000000,NULL,NULL,NULL,NULL,NULL,-1.638904,3.648835,174.570000
0,1,1,429.940523,89.834485,0.000000,NULL,NULL,NULL,NULL,NULL,3.915442,0.818117,174.570000
0,1,1,195.316652,224.076382,0.000000,NULL,NULL,NULL,NULL,NULL,2.628296,3.015304,174.570000
0,1,1,353.422486,-111.996066,0.000000,NULL,NULL,NULL,NULL,NULL,3.813124,-1.208341,174.570000
0,1,1,404.804704,-55.470258,0.000000,NULL,NULL,NULL,NULL,NULL,3.962966,-0.543044,174.570000
0,1,1,-276.640452,-209.551242,0.000000,NULL,NULL,NULL,NULL,NULL,-3.188506,-2.415249,174.570000
0,1,1,268.067500,624.842428,0.000000,NULL,NULL,NULL,NULL,NULL,1.577058,3.675988,174.570000
0,1,1,-323.252980,-181.543614,0.000000,NULL,NULL,NULL,NULL,NULL,-3.487621,-1.958699,174.570000
0,1,1,-66.408453,-274.000367,0.000000,NULL,NULL,NULL,NULL,NULL,-0.942187,-3.887452,174.570000
0,1,1,421.558998,-44.550897,0.000000,NULL,NULL,NULL,NULL,NULL,3.977848,-0.420384,174.570000
0,1,1,494.994367,141.167556,0.000000,NULL,NULL,NULL,NULL,NULL,3.846628,1.097021,174.570000
0,1,1,165.305999,638.612795,0.000000,NULL,NULL,NULL,NULL,NULL,1.002370,3.872371,174.570000
0,1,1,-526.927799,150.274659,0.000000,NULL,NULL,NULL,NULL,NULL,-3.846628,1.097021,174.570000
0,1,1,140.918510,-244.188979,0.000000,NULL,NULL,NULL,NULL,NULL,1.999318,-3.464495,174.570000
0,1,1,-93.903995,613.125504,0.000000,NULL,NULL,NULL,NULL,NULL,-0.605564,3.953896,174.570000
0,1,1,292.702420,-139.029781,0.000000,NULL,NULL,NULL,NULL,NULL,3.613129,-1.716188,174.570000
0,1,1,-519.643501,108.577591,0.000000,NULL,NULL,NULL,NULL,NULL,-3.915442,0.818117,174.570000
0,1,1,307.801843,-133.523468,0.000000,NULL,NULL,NULL,NULL,NULL,3.669602,-1.591862,174.570000
0,1,1,-539.479151,167.920880,0.000000,NULL,NULL,NULL,NULL,NULL,-3.819261,1.188801,174.570000
0,1,1,-349.778159,583.046726,0.000000,NULL,NULL,NULL,NULL,NULL,-2.057767,3.430101,174.570000
0,1,1,-249.807458,610.531415,0.000000,NULL,NULL,NULL,NULL,NULL,-1.514763,3.702093,174.570000
0,1,1,52.308050,618.065298,0.000000,NULL,NULL,NULL,NULL,NULL,0.337322,3.985751,174.570000
0,1,1,248.518182,163.087501,0.000000,NULL,NULL,NULL,NULL,NULL,3.344207,2.194602,174.570000
0,1,1,-155.436168,600.483507,0.000000,NULL,NULL,NULL,NULL,NULL,-1.002370,3.872371,174.570000
0,1,1,-467.176177,29.151331,0.000000,NULL,NULL,NULL,NULL,NULL,-3.992235,0.249112,174.570000
0,1,1,488.680366,247.844463,0.000000,NULL,NULL,NULL,NULL,NULL,3.567418,1.809290,174.570000
0,1,1,143.648421,643.830340,0.000000,NULL,NULL,NULL,NULL,NULL,0.871044,3.904008,174.570000
0,1,1,73.147733,615.946632,0.000000,NULL,NULL,NULL,NULL,NULL,0.471712,3.972089,174.570000
0,1,1,25.647305,-269.242255,0.000000,NULL,NULL,NULL,NULL,NULL,0.379312,-3.981975,174.570000
0,1,1,489.467733,205.523233,0.000000,NULL,NULL,NULL,NULL,NULL,3.688072,1.548589,174.570000
0,1,1,-481.543028,41.642354,0.000000,NULL,NULL,NULL,NULL,NULL,-3.985127,0.344621,174.570000
0,1,1,246.816293,633.537656,0.000000,NULL,NULL,NULL,NULL,NULL,1.452036,3.727143,174.570000
0,1,1,497.642602,267.557501,0.000000,NULL,NULL,NULL,NULL,NULL,3.523077,1.894182,174.570000
0,1,1,51.126176,-265.584808,0.000000,NULL,NULL,NULL,NULL,NULL,0.756134,-3.927883,174.570000
0,1,1,-135.071687,605.389530,0.000000,NULL,NULL,NULL,NULL,NULL,-0.871044,3.904008,174.570000
0,1,1,-520.020164,263.739097,0.000000,NULL,NULL,NULL,NULL,NULL,-3.567418,1.809290,174.570000
0,1,1,-229.049888,618.618238,0.000000,NULL,NULL,NULL,NULL,NULL,-1.388895,3.751129,174.570000
0,1,1,-495.570880,54.837274,0.000000,NULL,NULL,NULL,NULL,NULL,-3.975734,0.439934,174.570000
0,1,1,-52.308050,618.065298,0.000000,NULL,NULL,NULL,NULL,NULL,-0.337322,3.985751,174.570000
0,1,1,-451.968358,39.084828,0.000000,NULL,NULL,NULL,NULL,NULL,-3.985127,0.344621,174.570000
0,1,1,-197.402784,-242.348592,0.000000,NULL,NULL,NULL,NULL,NULL,-2.526181,-3.101356,174.570000
0,1,1,283.364770,-89.795474,0.000000,NULL,NULL,NULL,NULL,NULL,3.813124,-1.208341,174.570000
0,1,1,-351.279668,-152.384011,0.000000,NULL,NULL,NULL,NULL,NULL,-3.669602,-1.591862,174.570000
0,1,1,-329.891626,594.524818,0.000000,NULL,NULL,NULL,NULL,NULL,-1.940774,3.497628,174.570000
0,1,1,-274.207234,-193.341366,0.000000,NULL,NULL,NULL,NULL,NULL,-3.269088,-2.305008,174.570000
0,1,1,76.141971,-259.521823,0.000000,NULL,NULL,NULL,NULL,NULL,1.126106,-3.838214,174.570000
0,1,1,121.827019,648.313622,0.000000,NULL,NULL,NULL,NULL,NULL,0.738725,3.931194,174.570000
0,1,1,255.455621,-180.119751,0.000000,NULL,NULL,NULL,NULL,NULL,3.269088,-2.305008,174.570000
0,1,1,453.081497,117.560783,0.000000,NULL,NULL,NULL,NULL,NULL,3.871790,1.004611,174.570000
0,1,1,-92.155048,-266.446488,0.000000,NULL,NULL,NULL,NULL,NULL,-1.307474,-3.780279,174.570000
0,1,1,-208.031095,625.999552,0.000000,NULL,NULL,NULL,NULL,NULL,-1.261443,3.795888,174.570000
0,1,1,464.807491,132.558554,0.000000,NULL,NULL,NULL,NULL,NULL,3.846628,1.097021,174.570000
0,1,1,10.473552,620.186383,0.000000,NULL,NULL,NULL,NULL,NULL,0.067541,3.999430,174.570000
0,1,1,-258.303451,-195.661222,0.000000,NULL,NULL,NULL,NULL,NULL,-3.188506,-2.415249,174.570000
0,1,1,476.066675,148.182807,0.000000,NULL,NULL,NULL,NULL,NULL,3.819261,1.188801,174.570000
0,1,1,225.283602,641.510361,0.000000,NULL,NULL,NULL,NULL,NULL,1.325358,3.774046,174.570000
0,1,1,374.931957,-77.745221,0.000000,NULL,NULL,NULL,NULL,NULL,3.916683,-0.812156,174.570000
0,1,1,436.260658,124.417276,0.000000,NULL,NULL,NULL,NULL,NULL,3.846628,1.097021,174.570000
0,1,1,-438.372952,27.354038,0.000000,NULL,NULL,NULL,NULL,NULL,-3.992235,0.249112,174.570000
0,1,1,-10.473552,620.186383,0.000000,NULL,NULL,NULL,NULL,NULL,-0.067541,3.999430,174.570000
0,1,1,-73.147733,615.946632,0.000000,NULL,NULL,NULL,NULL,NULL,-0.471712,3.972089,174.570000
0,1,1,-368.223208,-145.009825,0.000000,NULL,NULL,NULL,NULL,NULL,-3.721798,-1.465680,174.570000
0,1,1,99.866677,652.057530,0.000000,NULL,NULL,NULL,NULL,NULL,0.605564,3.953896,174.570000
0,1,1,-186.775052,632.666939,0.000000,NULL,NULL,NULL,NULL,NULL,-1.132552,3.836317,174.570000
0,1,1,120.131684,406.528166,0.000000,NULL,NULL,NULL,NULL,NULL,1.133568,3.836017,174.570000
0,1,1,-357.993904,227.017920,0.000000,NULL,NULL,NULL,NULL,NULL,-3.378045,2.142151,174.570000
0,1,1,-25.647305,-269.242255,0.000000,NULL,NULL,NULL,NULL,NULL,-0.379312,-3.981975,174.570000
0,1,1,163.493702,-229.686946,0.000000,NULL,NULL,NULL,NULL,NULL,2.319610,-3.258744,174.570000
0,1,1,460.297317,357.918514,0.000000,NULL,NULL,NULL,NULL,NULL,3.157710,2.455376,174.570000
0,1,1,390.021310,-67.078750,0.000000,NULL,NULL,NULL,NULL,NULL,3.942122,-0.677995,174.570000
0,1,1,-318.457887,-164.813147,0.000000,NULL,NULL,NULL,NULL,NULL,-3.552445,-1.838515,174.570000
0,1,1,-309.628866,605.324880,0.000000,NULL,NULL,NULL,NULL,NULL,-1.821566,3.561165,174.570000
0,1,1,100.468109,-251.108214,0.000000,NULL,NULL,NULL,NULL,NULL,1.485879,-3.713780,174.570000
0,1,1,322.909792,-127.164968,0.000000,NULL,NULL,NULL,NULL,NULL,3.721798,-1.465680,174.570000
0,1,1,425.147264,110.312704,0.000000,NULL,NULL,NULL,NULL,NULL,3.871790,1.004611,174.570000
0,1,1,-510.106011,68.844458,0.000000,NULL,NULL,NULL,NULL,NULL,-3.964061,0.534994,174.570000
0,1,1,77.792442,655.057792,0.000000,NULL,NULL,NULL,NULL,NULL,0.471712,3.972089,174.570000
0,1,1,-120.131684,406.528166,0.000000,NULL,NULL,NULL,NULL,NULL,-1.133568,3.836017,174.570000
0,1,1,-165.305999,638.612795,0.000000,NULL,NULL,NULL,NULL,NULL,-1.002370,3.872371,174.570000
0,1,1,345.324530,-96.590725,0.000000,NULL,NULL,NULL,NULL,NULL,3.852146,-1.077484,174.570000
0,1,1,-499.047811,335.153108,0.000000,NULL,NULL,NULL,NULL,NULL,-3.320644,2.230095,174.570000
0,1,1,203.493985,648.751449,0.000000,NULL,NULL,NULL,NULL,NULL,1.197168,3.816646,174.570000
0,1,1,55.629488,657.310988,0.000000,NULL,NULL,NULL,NULL,NULL,0.337322,3.985751,174.570000
0,1,1,-290.292707,-190.188872,0.000000,NULL,NULL,NULL,NULL,NULL,-3.345860,-2.192082,174.570000
0,1,1,-143.648421,643.830340,0.000000,NULL,NULL,NULL,NULL,NULL,-0.871044,3.904008,174.570000
0,1,1,-519.130086,175.326358,0.000000,NULL,NULL,NULL,NULL,NULL,-3.789704,1.279901,174.570000
0,1,1,-195.316652,224.076382,0.000000,NULL,NULL,NULL,NULL,NULL,-2.628296,3.015304,174.570000
0,1,1,-289.012987,615.434593,0.000000,NULL,NULL,NULL,NULL,NULL,-1.700282,3.620641,174.570000
0,1,1,487.669220,164.701046,0.000000,NULL,NULL,NULL,NULL,NULL,3.789704,1.279901,174.570000
0,1,1,-530.822326,193.553181,0.000000,NULL,NULL,NULL,NULL,NULL,-3.757974,1.370266,174.570000
0,1,1,-334.885771,-159.066315,0.000000,NULL,NULL,NULL,NULL,NULL,-3.613129,-1.716188,174.570000
0,1,1,33.403090,658.814548,0.000000,NULL,NULL,NULL,NULL,NULL,0.202547,3.994869,174.570000
0,1,1,-51.126176,-265.584808,0.000000,NULL,NULL,NULL,NULL,NULL,-0.756134,-3.927883,174.570000
0,1,1,-293.941116,305.442944,0.000000,NULL,NULL,NULL,NULL,NULL,-2.773641,2.882172,174.570000
0,1,1,-121.827019,648.313622,0.000000,NULL,NULL,NULL,NULL,NULL,-0.738725,3.931194,174.570000
0,1,1,-513.850173,133.328394,0.000000,NULL,NULL,NULL,NULL,NULL,-3.871790,1.004611,174.570000
0,1,1,-393.484737,-110.061616,0.000000,NULL,NULL,NULL,NULL,NULL,-3.852146,-1.077484,174.570000
0,1,1,301.505846,-118.735889,0.000000,NULL,NULL,NULL,NULL,NULL,3.721798,-1.465680,174.570000
0,1,1,-213.477306,-228.315876,0.000000,NULL,NULL,NULL,NULL,NULL,-2.731888,-2.921778,174.570000
0,1,1,123.884255,-240.420190,0.000000,NULL,NULL,NULL,NULL,NULL,1.832194,-3.555709,174.570000
0,1,1,11.138598,659.566757,0.000000,NULL,NULL,NULL,NULL,NULL,0.067541,3.999430,174.570000
0,1,1,-99.866677,652.057530,0.000000,NULL,NULL,NULL,NULL,NULL,-0.605564,3.953896,174.570000
0,1,1,360.240024,-87.622474,0.000000,NULL,NULL,NULL,NULL,NULL,3.886679,-0.945371,174.570000
0,1,1,-77.792442,655.057792,0.000000,NULL,NULL,NULL,NULL,NULL,-0.471712,3.972089,174.570000
0,1,1,-465.245125,51.481585,0.000000,NULL,NULL,NULL,NULL,NULL,-3.975734,0.439934,174.570000
0,1,1,-11.138598,659.566757,0.000000,NULL,NULL,NULL,NULL,NULL,-0.067541,3.999430,174.570000
0,1,1,-55.629488,657.310988,0.000000,NULL,NULL,NULL,NULL,NULL,-0.337322,3.985751,174.570000
0,1,1,181.472291,655.252663,0.000000,NULL,NULL,NULL,NULL,NULL,1.067613,3.854893,174.570000
0,1,1,-33.403090,658.814548,0.000000,NULL,NULL,NULL,NULL,NULL,-0.202547,3.994869,174.570000
0,1,1,476.255845,270.953406,0.000000,NULL,NULL,NULL,NULL,NULL,3.476717,1.977988,174.570000
0,1,1,-506.798840,288.330050,0.000000,NULL,NULL,NULL,NULL,NULL,-3.476717,1.977988,174.570000
0,1,1,-117.066947,-256.479266,0.000000,NULL,NULL,NULL,NULL,NULL,-1.660918,-3.638867,174.570000
0,1,1,479.068222,228.718385,0.000000,NULL,NULL,NULL,NULL,NULL,3.609713,1.723361,174.570000
0,1,1,316.194412,-112.212232,0.000000,NULL,NULL,NULL,NULL,NULL,3.769658,-1.337790,174.570000
0,1,1,407.645981,-27.722770,0.000000,NULL,NULL,NULL,NULL,NULL,3.990782,-0.271401,174.570000
0,1,1,-268.067500,624.842428,0.000000,NULL,NULL,NULL,NULL,NULL,-1.577058,3.675988,174.570000
0,1,1,267.149244,-162.271318,0.000000,NULL,NULL,NULL,NULL,NULL,3.418732,-2.076600,174.570000
0,1,1,-478.997563,64.646028,0.000000,NULL,NULL,NULL,NULL,NULL,-3.964061,0.534994,174.570000
0,1,1,70.362170,288.804406,0.000000,NULL,NULL,NULL,NULL,NULL,0.946835,3.886323,174.570000
0,1,1,484.264145,291.072866,0.000000,NULL,NULL,NULL,NULL,NULL,3.428364,2.060660,174.570000
0,1,1,-449.579226,60.675697,0.000000,NULL,NULL,NULL,NULL,NULL,-3.964061,0.534994,174.570000
0,1,1,-163.181105,-248.456731,0.000000,NULL,NULL,NULL,NULL,NULL,-2.195861,-3.343380,174.570000
0,1,1,-492.377693,78.497332,0.000000,NULL,NULL,NULL,NULL,NULL,-3.950116,0.629747,174.570000
0,1,1,36.800189,-256.361135,0.000000,NULL,NULL,NULL,NULL,NULL,0.568367,-3.959414,174.570000
0,1,1,159.243635,661.006588,0.000000,NULL,NULL,NULL,NULL,NULL,0.936840,3.888744,174.570000
0,1,1,-286.759223,-174.182776,0.000000,NULL,NULL,NULL,NULL,NULL,-3.418732,-2.076600,174.570000
0,1,1,446.934453,139.114971,0.000000,NULL,NULL,NULL,NULL,NULL,3.819261,1.188801,174.570000
0,1,1,-271.050771,-177.582279,0.000000,NULL,NULL,NULL,NULL,NULL,-3.345860,-2.192082,174.570000
0,1,1,61.004031,-251.701795,0.000000,NULL,NULL,NULL,NULL,NULL,0.942187,-3.887452,174.570000
0,1,1,184.588047,-213.104521,0.000000,NULL,NULL,NULL,NULL,NULL,2.618891,-3.023476,174.570000
0,1,1,-436.560957,48.307545,0.000000,NULL,NULL,NULL,NULL,NULL,-3.975734,0.439934,174.570000
0,1,1,457.929062,154.656871,0.000000,NULL,NULL,NULL,NULL,NULL,3.789704,1.279901,174.570000
0,1,1,-246.816293,633.537656,0.000000,NULL,NULL,NULL,NULL,NULL,-1.452036,3.727143,174.570000
0,1,1,-179.752101,-236.744592,0.000000,NULL,NULL,NULL,NULL,NULL,-2.418850,-3.185775,174.570000
0,1,1,-76.141971,-259.521823,0.000000,NULL,NULL,NULL,NULL,NULL,-1.126106,-3.838214,174.570000
0,1,1,442.636102,379.542572,0.000000,NULL,NULL,NULL,NULL,NULL,3.036551,2.603720,174.570000
0,1,1,292.950994,-50.383879,0.000000,NULL,NULL,NULL,NULL,NULL,3.942122,-0.677995,174.570000
0,1,1,429.804678,145.158393,0.000000,NULL,NULL,NULL,NULL,NULL,3.789704,1.279901,174.570000
0,1,1,224.149941,-195.232231,0.000000,NULL,NULL,NULL,NULL,NULL,3.016294,-2.627160,174.570000
0,1,1,136.833369,666.006662,0.000000,NULL,NULL,NULL,NULL,NULL,0.804999,3.918160,174.570000
0,1,1,-12.263028,-258.698480,0.000000,NULL,NULL,NULL,NULL,NULL,-0.189398,-3.995514,174.570000
0,1,1,468.427408,170.802188,0.000000,NULL,NULL,NULL,NULL,NULL,3.757974,1.370266,174.570000
0,1,1,146.178318,-227.554555,0.000000,NULL,NULL,NULL,NULL,NULL,2.161913,-3.365432,174.570000
0,1,1,84.655328,-244.762663,0.000000,NULL,NULL,NULL,NULL,NULL,1.307474,-3.780279,174.570000
0,1,1,419.379209,130.537993,0.000000,NULL,NULL,NULL,NULL,NULL,3.819261,1.188801,174.570000
0,1,1,-70.362170,288.804406,0.000000,NULL,NULL,NULL,NULL,NULL,-0.946835,3.886323,174.570000
0,1,1,-225.283602,641.510361,0.000000,NULL,NULL,NULL,NULL,NULL,-1.325358,3.774046,174.570000
0,1,1,-506.225639,93.184253,0.000000,NULL,NULL,NULL,NULL,NULL,-3.933907,0.724140,174.570000
0,1,1,-360.857709,-128.062506,0.000000,NULL,NULL,NULL,NULL,NULL,-3.769658,-1.337790,174.570000
0,1,1,114.267050,670.247183,0.000000,NULL,NULL,NULL,NULL,NULL,0.672240,3.943107,174.570000
0,1,1,-328.960398,-142.701982,0.000000,NULL,NULL,NULL,NULL,NULL,-3.669602,-1.591862,174.570000
0,1,1,-203.493985,648.751449,0.000000,NULL,NULL,NULL,NULL,NULL,-1.197168,3.816646,174.570000
0,1,1,406.671046,442.713208,0.000000,NULL,NULL,NULL,NULL,NULL,2.705973,2.945796,174.570000
0,1,1,-510.142091,199.976062,0.000000,NULL,NULL,NULL,NULL,NULL,-3.724090,1.459846,174.570000
0,1,1,330.833342,-104.837792,0.000000,NULL,NULL,NULL,NULL,NULL,3.813124,-1.208341,174.570000
0,1,1,-377.258658,-119.549512,0.000000,NULL,NULL,NULL,NULL,NULL,-3.813124,-1.208341,174.570000
0,1,1,-228.556975,-213.219155,0.000000,NULL,NULL,NULL,NULL,NULL,-2.924864,-2.728584,174.570000
0,1,1,-36.800189,-256.361135,0.000000,NULL,NULL,NULL,NULL,NULL,-0.568367,-3.959414,174.570000
0,1,1,107.539859,-235.606588,0.000000,NULL,NULL,NULL,NULL,NULL,1.660918,-3.638867,174.570000
0,1,1,-520.948411,218.741695,0.000000,NULL,NULL,NULL,NULL,NULL,-3.688072,1.548589,174.570000
0,1,1,379.362574,-51.983931,0.000000,NULL,NULL,NULL,NULL,NULL,3.962966,-0.543044,174.570000
0,1,1,91.570413,673.723314,0.000000,NULL,NULL,NULL,NULL,NULL,0.538715,3.963557,174.570000
0,1,1,-302.592132,-169.940179,0.000000,NULL,NULL,NULL,NULL,NULL,-3.487621,-1.958699,174.570000
0,1,1,-140.918510,-244.188979,0.000000,NULL,NULL,NULL,NULL,NULL,-1.999318,-3.464495,174.570000
0,1,1,479.225924,187.856903,0.000000,NULL,NULL,NULL,NULL,NULL,3.724090,1.459846,174.570000
0,1,1,-506.878669,157.773497,0.000000,NULL,NULL,NULL,NULL,NULL,-3.819261,1.188801,174.570000
0,1,1,-492.415507,312.259909,0.000000,NULL,NULL,NULL,NULL,NULL,-3.378045,2.142151,174.570000
0,1,1,-181.472291,655.252663,0.000000,NULL,NULL,NULL,NULL,NULL,-1.067613,3.854893,174.570000
0,1,1,308.904187,-97.888661,0.000000,NULL,NULL,NULL,NULL,NULL,3.813124,-1.208341,174.570000
0,1,1,393.689035,-40.312826,0.000000,NULL,NULL,NULL,NULL,NULL,3.979193,-0.407460,174.570000
0,1,1,277.597891,-143.666663,0.000000,NULL,NULL,NULL,NULL,NULL,3.552445,-1.838515,174.570000
0,1,1,351.109891,-72.805520,0.000000,NULL,NULL,NULL,NULL,NULL,3.916683,-0.812156,174.570000
0,1,1,-462.247341,73.693799,0.000000,NULL,NULL,NULL,NULL,NULL,-3.950116,0.629747,174.570000
0,1,1,68.769345,676.431092,0.000000,NULL,NULL,NULL,NULL,NULL,0.404574,3.979487,174.570000
0,1,1,462.739345,293.441096,0.000000,NULL,NULL,NULL,NULL,NULL,3.378045,2.142151,174.570000
0,1,1,-100.468109,-251.108214,0.000000,NULL,NULL,NULL,NULL,NULL,-1.485879,-3.713780,174.570000
0,1,1,-248.518182,163.087501,0.000000,NULL,NULL,NULL,NULL,NULL,-3.344207,2.194602,174.570000
0,1,1,-159.243635,661.006588,0.000000,NULL,NULL,NULL,NULL,NULL,-0.936840,3.888744,174.570000
0,1,1,-446.159280,82.127447,0.000000,NULL,NULL,NULL,NULL,NULL,-3.933907,0.724140,174.570000
0,1,1,467.570284,251.389122,0.000000,NULL,NULL,NULL,NULL,NULL,3.523077,1.894182,174.570000
0,1,1,-475.353832,87.501478,0.000000,NULL,NULL,NULL,NULL,NULL,-3.933907,0.724140,174.570000
0,1,1,45.889848,678.367427,0.000000,NULL,NULL,NULL,NULL,NULL,0.269973,3.990879,174.570000
0,1,1,-136.833369,666.006662,0.000000,NULL,NULL,NULL,NULL,NULL,-0.804999,3.918160,174.570000
0,1,1,469.775348,313.920847,0.000000,NULL,NULL,NULL,NULL,NULL,3.325790,2.222413,174.570000
0,1,1,-433.747998,69.150291,0.000000,NULL,NULL,NULL,NULL,NULL,-3.950116,0.629747,174.570000
0,1,1,167.148368,-212.627842,0.000000,NULL,NULL,NULL,NULL,NULL,2.472051,-3.144672,174.570000
0,1,1,-344.957920,-135.847732,0.000000,NULL,NULL,NULL,NULL,NULL,-3.721798,-1.465680,174.570000
0,1,1,-61.004031,-251.701795,0.000000,NULL,NULL,NULL,NULL,NULL,-0.942187,-3.887452,174.570000
0,1,1,204.010483,-194.591898,0.000000,NULL,NULL,NULL,NULL,NULL,2.894452,-2.760824,174.570000
0,1,1,323.113443,-90.378061,0.000000,NULL,NULL,NULL,NULL,NULL,3.852146,-1.077484,174.570000
0,1,1,22.958015,679.530113,0.000000,NULL,NULL,NULL,NULL,NULL,0.135063,3.997719,174.570000
0,1,1,439.762659,160.350191,0.000000,NULL,NULL,NULL,NULL,NULL,3.757974,1.370266,174.570000
0,1,1,-114.267050,670.247183,0.000000,NULL,NULL,NULL,NULL,NULL,-0.672240,3.943107,174.570000
0,1,1,-282.534934,-158.675763,0.000000,NULL,NULL,NULL,NULL,NULL,-3.487621,-1.958699,174.570000
0,1,1,423.959992,400.296399,0.000000,NULL,NULL,NULL,NULL,NULL,2.908430,2.746094,174.570000
0,1,1,129.450345,-224.316504,0.000000,NULL,NULL,NULL,NULL,NULL,1.999318,-3.464495,174.570000
0,1,1,0.000000,679.917822,0.000000,NULL,NULL,NULL,NULL,NULL,0.000000,4.000000,174.570000
0,1,1,-91.570413,673.723314,0.000000,NULL,NULL,NULL,NULL,NULL,-0.538715,3.963557,174.570000
0,1,1,-488.055562,101.977408,0.000000,NULL,NULL,NULL,NULL,NULL,-3.915442,0.818117,174.570000
0,1,1,-400.076945,-82.959241,0.000000,NULL,NULL,NULL,NULL,NULL,-3.916683,-0.812156,174.570000
0,1,1,-68.769345,676.431092,0.000000,NULL,NULL,NULL,NULL,NULL,-0.404574,3.979487,174.570000
0,1,1,450.000675,176.400584,0.000000,NULL,NULL,NULL,NULL,NULL,3.724090,1.459846,174.570000
0,1,1,-297.974848,-154.212454,0.000000,NULL,NULL,NULL,NULL,NULL,-3.552445,-1.838515,174.570000
0,1,1,-22.958015,679.530113,0.000000,NULL,NULL,NULL,NULL,NULL,-0.135063,3.997719,174.570000
0,1,1,365.378761,-62.840542,0.000000,NULL,NULL,NULL,NULL,NULL,3.942122,-0.677995,174.570000
0,1,1,-45.889848,678.367427,0.000000,NULL,NULL,NULL,NULL,NULL,-0.269973,3.990879,174.570000
0,1,1,422.363224,165.566684,0.000000,NULL,NULL,NULL,NULL,NULL,3.724090,1.459846,174.570000
0,1,1,412.649584,150.463979,0.000000,NULL,NULL,NULL,NULL,NULL,3.757974,1.370266,174.570000
0,1,1,459.714111,193.029947,0.000000,NULL,NULL,NULL,NULL,NULL,3.688072,1.548589,174.570000
0,1,1,179.918159,573.590254,0.000000,NULL,NULL,NULL,NULL,NULL,1.197168,3.816646,174.570000
0,1,1,-242.571518,-197.128786,0.000000,NULL,NULL,NULL,NULL,NULL,-3.104209,-2.522674,174.570000
0,1,1,23.471555,-246.401498,0.000000,NULL,NULL,NULL,NULL,NULL,0.379312,-3.981975,174.570000
0,1,1,46.788965,-243.054325,0.000000,NULL,NULL,NULL,NULL,NULL,0.756134,-3.927883,174.570000
0,1,1,-499.984421,224.167253,0.000000,NULL,NULL,NULL,NULL,NULL,-3.649938,1.636444,174.570000
0,1,1,412.750636,96.610992,0.000000,NULL,NULL,NULL,NULL,NULL,3.894732,0.911625,174.570000
0,1,1,-509.880043,243.428670,0.000000,NULL,NULL,NULL,NULL,NULL,-3.609713,1.723361,174.570000
0,1,1,-476.903143,335.473805,0.000000,NULL,NULL,NULL,NULL,NULL,-3.271628,2.301401,174.570000
0,1,1,-501.184571,117.310392,0.000000,NULL,NULL,NULL,NULL,NULL,-3.894732,0.911625,174.570000
0,1,1,408.587535,0.153912,0.000000,NULL,NULL,NULL,NULL,NULL,4.000000,0.001507,174.570000
0,1,1,-123.884255,-240.420190,0.000000,NULL,NULL,NULL,NULL,NULL,-1.832194,-3.555709,174.570000
0,1,1,-84.655328,-244.762663,0.000000,NULL,NULL,NULL,NULL,NULL,-1.307474,-3.780279,174.570000
0,1,1,69.682583,-237.505683,0.000000,NULL,NULL,NULL,NULL,NULL,1.126106,-3.838214,174.570000
0,1,1,-498.744972,181.856849,0.000000,NULL,NULL,NULL,NULL,NULL,-3.757974,1.370266,174.570000
0,1,1,-163.493702,-229.686946,0.000000,NULL,NULL,NULL,NULL,NULL,-2.319610,-3.258744,174.570000
0,1,1,286.752869,-124.392489,0.000000,NULL,NULL,NULL,NULL,NULL,3.669602,-1.591862,174.570000
0,1,1,150.188333,-210.994669,0.000000,NULL,NULL,NULL,NULL,NULL,2.319610,-3.258744,174.570000
0,1,1,469.683840,210.582033,0.000000,NULL,NULL,NULL,NULL,NULL,3.649938,1.636444,174.570000
0,1,1,337.215134,-82.022048,0.000000,NULL,NULL,NULL,NULL,NULL,3.886679,-0.945371,174.570000
0,1,1,448.161858,315.255972,0.000000,NULL,NULL,NULL,NULL,NULL,3.271628,2.301401,174.570000
0,1,1,-368.754072,-103.144202,0.000000,NULL,NULL,NULL,NULL,NULL,-3.852146,-1.077484,174.570000
0,1,1,-313.481409,-148.899526,0.000000,NULL,NULL,NULL,NULL,NULL,-3.613129,-1.716188,174.570000
0,1,1,-23.471555,-246.401498,0.000000,NULL,NULL,NULL,NULL,NULL,-0.379312,-3.981975,174.570000
0,1,1,314.862964,-76.585249,0.000000,NULL,NULL,NULL,NULL,NULL,3.886679,-0.945371,174.570000
0,1,1,-429.940523,89.834485,0.000000,NULL,NULL,NULL,NULL,NULL,-3.915442,0.818117,174.570000
0,1,1,186.604470,-195.775249,0.000000,NULL,NULL,NULL,NULL,NULL,2.759798,-2.895430,174.570000
0,1,1,455.000281,273.483464,0.000000,NULL,NULL,NULL,NULL,NULL,3.428364,2.060660,174.570000
0,1,1,160.447792,579.338269,0.000000,NULL,NULL,NULL,NULL,NULL,1.067613,3.854893,174.570000
0,1,1,454.209431,336.049057,0.000000,NULL,NULL,NULL,NULL,NULL,3.215591,2.379070,174.570000
0,1,1,91.945050,-229.805831,0.000000,NULL,NULL,NULL,NULL,NULL,1.485879,-3.713780,174.570000
0,1,1,-458.189697,95.737046,0.000000,NULL,NULL,NULL,NULL,NULL,-3.915442,0.818117,174.570000
0,1,1,-441.716361,103.390891,0.000000,NULL,NULL,NULL,NULL,NULL,-3.894732,0.911625,174.570000
0,1,1,-283.364770,-89.795474,0.000000,NULL,NULL,NULL,NULL,NULL,-3.813124,-1.208341,174.570000
0,1,1,-179.918159,573.590254,0.000000,NULL,NULL,NULL,NULL,NULL,-1.197168,3.816646,174.570000
0,1,1,359.807957,481.575081,0.000000,NULL,NULL,NULL,NULL,NULL,2.394148,3.204381,174.570000
0,1,1,-337.929879,-119.925794,0.000000,NULL,NULL,NULL,NULL,NULL,-3.769658,-1.337790,174.570000
0,1,1,-384.535996,-93.532071,0.000000,NULL,NULL,NULL,NULL,NULL,-3.886679,-0.945371,174.570000
0,1,1,423.594482,16.263047,0.000000,NULL,NULL,NULL,NULL,NULL,3.997055,0.153459,174.570000
0,1,1,416.902208,76.741907,0.000000,NULL,NULL,NULL,NULL,NULL,3.933907,0.724140,174.570000
0,1,1,404.311810,420.132410,0.000000,NULL,NULL,NULL,NULL,NULL,2.773641,2.882172,174.570000
0,1,1,382.025276,-25.980384,0.000000,NULL,NULL,NULL,NULL,NULL,3.990782,-0.271401,174.570000
0,1,1,-470.620190,110.156302,0.000000,NULL,NULL,NULL,NULL,NULL,-3.894732,0.911625,174.570000
0,1,1,-292.702420,-139.029781,0.000000,NULL,NULL,NULL,NULL,NULL,-3.613129,-1.716188,174.570000
0,1,1,431.582560,181.217754,0.000000,NULL,NULL,NULL,NULL,NULL,3.688072,1.548589,174.570000
0,1,1,221.585091,-174.316755,0.000000,NULL,NULL,NULL,NULL,NULL,3.143797,-2.473165,174.570000
0,1,1,-482.614398,125.223667,0.000000,NULL,NULL,NULL,NULL,NULL,-3.871790,1.004611,174.570000
0,1,1,395.522081,-13.359035,0.000000,NULL,NULL,NULL,NULL,NULL,3.997720,-0.135026,174.570000
0,1,1,441.040508,197.739839,0.000000,NULL,NULL,NULL,NULL,NULL,3.649938,1.636444,174.570000
0,1,1,355.259000,-48.681026,0.000000,NULL,NULL,NULL,NULL,NULL,3.962966,-0.543044,174.570000
0,1,1,-46.788965,-243.054325,0.000000,NULL,NULL,NULL,NULL,NULL,-0.756134,-3.927883,174.570000
0,1,1,113.374723,-220.024508,0.000000,NULL,NULL,NULL,NULL,NULL,1.832194,-3.555709,174.570000
0,1,1,328.526692,-68.122709,0.000000,NULL,NULL,NULL,NULL,NULL,3.916683,-0.812156,174.570000
0,1,1,-107.539859,-235.606588,0.000000,NULL,NULL,NULL,NULL,NULL,-1.660918,-3.638867,174.570000
0,1,1,-307.801843,-133.523468,0.000000,NULL,NULL,NULL,NULL,NULL,-3.669602,-1.591862,174.570000
0,1,1,-255.455621,-180.119751,0.000000,NULL,NULL,NULL,NULL,NULL,-3.269088,-2.305008,174.570000
0,1,1,449.946762,214.815118,0.000000,NULL,NULL,NULL,NULL,NULL,3.609713,1.723361,174.570000
0,1,1,413.953359,185.595357,0.000000,NULL,NULL,NULL,NULL,NULL,3.649938,1.636444,174.570000
0,1,1,-460.297317,357.918514,0.000000,NULL,NULL,NULL,NULL,NULL,-3.157710,2.455376,174.570000
0,1,1,-353.422486,-111.996066,0.000000,NULL,NULL,NULL,NULL,NULL,-3.813124,-1.208341,174.570000
0,1,1,-488.680366,247.844463,0.000000,NULL,NULL,NULL,NULL,NULL,-3.567418,1.809290,174.570000
0,1,1,-497.642602,267.557501,0.000000,NULL,NULL,NULL,NULL,NULL,-3.523077,1.894182,174.570000
0,1,1,169.565988,-195.761747,0.000000,NULL,NULL,NULL,NULL,NULL,2.618891,-3.023476,174.570000
0,1,1,-146.178318,-227.554555,0.000000,NULL,NULL,NULL,NULL,NULL,-2.161913,-3.365432,174.570000
0,1,1,404.973820,170.044976,0.000000,NULL,NULL,NULL,NULL,NULL,3.688072,1.548589,174.570000
0,1,1,368.814750,-37.765758,0.000000,NULL,NULL,NULL,NULL,NULL,3.979193,-0.407460,174.570000
0,1,1,-494.994367,141.167556,0.000000,NULL,NULL,NULL,NULL,NULL,-3.846628,1.097021,174.570000
0,1,1,-404.804704,-55.470258,0.000000,NULL,NULL,NULL,NULL,NULL,-3.962966,-0.543044,174.570000
0,1,1,-489.467733,205.523233,0.000000,NULL,NULL,NULL,NULL,NULL,-3.688072,1.548589,174.570000
0,1,1,33.540015,-233.649787,0.000000,NULL,NULL,NULL,NULL,NULL,0.568367,-3.959414,174.570000
0,1,1,-69.682583,-237.505683,0.000000,NULL,NULL,NULL,NULL,NULL,-1.126106,-3.838214,174.570000
0,1,1,-425.147264,110.312704,0.000000,NULL,NULL,NULL,NULL,NULL,-3.871790,1.004611,174.570000
0,1,1,-184.588047,-213.104521,0.000000,NULL,NULL,NULL,NULL,NULL,-2.618891,-3.023476,174.570000
0,1,1,-421.558998,-44.550897,0.000000,NULL,NULL,NULL,NULL,NULL,-3.977848,-0.420384,174.570000
0,1,1,294.571513,-104.538618,0.000000,NULL,NULL,NULL,NULL,NULL,3.769658,-1.337790,174.570000
0,1,1,133.777503,-208.250310,0.000000,NULL,NULL,NULL,NULL,NULL,2.161913,-3.365432,174.570000
0,1,1,459.064845,232.824333,0.000000,NULL,NULL,NULL,NULL,NULL,3.567418,1.809290,174.570000
0,1,1,432.556806,336.348016,0.000000,NULL,NULL,NULL,NULL,NULL,3.157710,2.455376,174.570000
0,1,1,55.599609,-229.403224,0.000000,NULL,NULL,NULL,NULL,NULL,0.942187,-3.887452,174.570000
0,1,1,383.736605,439.005125,0.000000,NULL,NULL,NULL,NULL,NULL,2.632492,3.011642,174.570000
0,1,1,259.175660,-145.556852,0.000000,NULL,NULL,NULL,NULL,NULL,3.487621,-1.958699,174.570000
0,1,1,437.602084,357.406760,0.000000,NULL,NULL,NULL,NULL,NULL,3.098018,2.530273,174.570000
0,1,1,204.370399,-177.149418,0.000000,NULL,NULL,NULL,NULL,NULL,3.022548,-2.619962,174.570000
0,1,1,268.502524,-127.535150,0.000000,NULL,NULL,NULL,NULL,NULL,3.613129,-1.716188,174.570000
0,1,1,-436.260658,124.417276,0.000000,NULL,NULL,NULL,NULL,NULL,-3.846628,1.097021,174.570000
0,1,1,-453.081497,117.560783,0.000000,NULL,NULL,NULL,NULL,NULL,-3.871790,1.004611,174.570000
0,1,1,441.387036,294.950751,0.000000,NULL,NULL,NULL,NULL,NULL,3.325790,2.222413,174.570000
0,1,1,-11.176632,-235.780064,0.000000,NULL,NULL,NULL,NULL,NULL,-0.189398,-3.995514,174.570000
0,1,1,-464.807491,132.558554,0.000000,NULL,NULL,NULL,NULL,NULL,-3.846628,1.097021,174.570000
0,1,1,77.155609,-223.078837,0.000000,NULL,NULL,NULL,NULL,NULL,1.307474,-3.780279,174.570000
0,1,1,319.354409,-54.924933,0.000000,NULL,NULL,NULL,NULL,NULL,3.942122,-0.677995,174.570000
0,1,1,-129.450345,-224.316504,0.000000,NULL,NULL,NULL,NULL,NULL,-1.999318,-3.464495,174.570000
0,1,1,422.412910,201.669813,0.000000,NULL,NULL,NULL,NULL,NULL,3.609713,1.723361,174.570000
0,1,1,407.624979,28.029876,0.000000,NULL,NULL,NULL,NULL,NULL,3.990576,0.274408,174.570000
0,1,1,-406.671046,442.713208,0.000000,NULL,NULL,NULL,NULL,NULL,-2.705973,2.945796,174.570000
0,1,1,-160.447792,579.338269,0.000000,NULL,NULL,NULL,NULL,NULL,-1.067613,3.854893,174.570000
0,1,1,-476.066675,148.182807,0.000000,NULL,NULL,NULL,NULL,NULL,-3.819261,1.188801,174.570000
0,1,1,342.025427,-58.824063,0.000000,NULL,NULL,NULL,NULL,NULL,3.942122,-0.677995,174.570000
0,1,1,-442.636102,379.542572,0.000000,NULL,NULL,NULL,NULL,NULL,-3.036551,2.603720,174.570000
0,1,1,431.069105,218.625708,0.000000,NULL,NULL,NULL,NULL,NULL,3.567418,1.809290,174.570000
0,1,1,-322.909792,-127.164968,0.000000,NULL,NULL,NULL,NULL,NULL,-3.721798,-1.465680,174.570000
0,1,1,-267.149244,-162.271318,0.000000,NULL,NULL,NULL,NULL,NULL,-3.418732,-2.076600,174.570000
0,1,1,-33.540015,-233.649787,0.000000,NULL,NULL,NULL,NULL,NULL,-0.568367,-3.959414,174.570000
0,1,1,-374.931957,-77.745221,0.000000,NULL,NULL,NULL,NULL,NULL,-3.916683,-0.812156,174.570000
0,1,1,-301.505846,-118.735889,0.000000,NULL,NULL,NULL,NULL,NULL,-3.721798,-1.465680,174.570000
0,1,1,-292.950994,-50.383879,0.000000,NULL,NULL,NULL,NULL,NULL,-3.942122,-0.677995,174.570000
0,1,1,98.012770,-214.733911,0.000000,NULL,NULL,NULL,NULL,NULL,1.660918,-3.638867,174.570000
0,1,1,-476.255845,270.953406,0.000000,NULL,NULL,NULL,NULL,NULL,-3.476717,1.977988,174.570000
0,1,1,187.407796,-178.755709,0.000000,NULL,NULL,NULL,NULL,NULL,2.894452,-2.760824,174.570000
0,1,1,-91.945050,-229.805831,0.000000,NULL,NULL,NULL,NULL,NULL,-1.485879,-3.713780,174.570000
0,1,1,-484.264145,291.072866,0.000000,NULL,NULL,NULL,NULL,NULL,-3.428364,2.060660,174.570000
0,1,1,404.594365,205.198490,0.000000,NULL,NULL,NULL,NULL,NULL,3.567418,1.809290,174.570000
0,1,1,439.147757,236.107753,0.000000,NULL,NULL,NULL,NULL,NULL,3.523077,1.894182,174.570000
0,1,1,-345.324530,-96.590725,0.000000,NULL,NULL,NULL,NULL,NULL,-3.852146,-1.077484,174.570000
0,1,1,-224.149941,-195.232231,0.000000,NULL,NULL,NULL,NULL,NULL,-3.016294,-2.627160,174.570000
0,1,1,237.152689,-152.462737,0.000000,NULL,NULL,NULL,NULL,NULL,3.364666,-2.163105,174.570000
0,1,1,152.968591,-194.589882,0.000000,NULL,NULL,NULL,NULL,NULL,2.472051,-3.144672,174.570000
0,1,1,-390.021310,-67.078750,0.000000,NULL,NULL,NULL,NULL,NULL,-3.942122,-0.677995,174.570000
0,1,1,-167.148368,-212.627842,0.000000,NULL,NULL,NULL,NULL,NULL,-2.472051,-3.144672,174.570000
0,1,1,396.369515,189.236086,0.000000,NULL,NULL,NULL,NULL,NULL,3.609713,1.723361,174.570000
0,1,1,-479.068222,228.718385,0.000000,NULL,NULL,NULL,NULL,NULL,-3.609713,1.723361,174.570000
0,1,1,-487.669220,164.701046,0.000000,NULL,NULL,NULL,NULL,NULL,-3.789704,1.279901,174.570000
0,1,1,332.408933,-45.549889,0.000000,NULL,NULL,NULL,NULL,NULL,3.962966,-0.543044,174.570000
0,1,1,357.752521,-24.329667,0.000000,NULL,NULL,NULL,NULL,NULL,3.990782,-0.271401,174.570000
0,1,1,362.281554,456.871271,0.000000,NULL,NULL,NULL,NULL,NULL,2.485307,3.134207,174.570000
0,1,1,-316.194412,-112.212232,0.000000,NULL,NULL,NULL,NULL,NULL,-3.769658,-1.337790,174.570000
0,1,1,-419.379209,130.537993,0.000000,NULL,NULL,NULL,NULL,NULL,-3.819261,1.188801,174.570000
0,1,1,-55.599609,-229.403224,0.000000,NULL,NULL,NULL,NULL,NULL,-0.942187,-3.887452,174.570000
0,1,1,382.907653,0.144238,0.000000,NULL,NULL,NULL,NULL,NULL,4.000000,0.001507,174.570000
0,1,1,415.959971,356.668867,0.000000,NULL,NULL,NULL,NULL,NULL,3.036551,2.603720,174.570000
0,1,1,117.982180,-204.444028,0.000000,NULL,NULL,NULL,NULL,NULL,1.999318,-3.464495,174.570000
0,1,1,419.991384,377.944986,0.000000,NULL,NULL,NULL,NULL,NULL,2.973343,2.675674,174.570000
0,1,1,-360.240024,-87.622474,0.000000,NULL,NULL,NULL,NULL,NULL,-3.886679,-0.945371,174.570000
0,1,1,447.393288,254.532803,0.000000,NULL,NULL,NULL,NULL,NULL,3.476717,1.977988,174.570000
0,1,1,-446.934453,139.114971,0.000000,NULL,NULL,NULL,NULL,NULL,-3.819261,1.188801,174.570000
0,1,1,-429.804678,145.158393,0.000000,NULL,NULL,NULL,NULL,NULL,-3.789704,1.279901,174.570000
0,1,1,301.017388,-84.197574,0.000000,NULL,NULL,NULL,NULL,NULL,3.852146,-1.077484,174.570000
0,1,1,395.511905,13.657011,0.000000,NULL,NULL,NULL,NULL,NULL,3.997617,0.138038,174.570000
0,1,1,-423.959992,400.296399,0.000000,NULL,NULL,NULL,NULL,NULL,-2.908430,2.746094,174.570000
0,1,1,426.761760,315.741764,0.000000,NULL,NULL,NULL,NULL,NULL,3.215591,2.379070,174.570000
0,1,1,370.531980,-12.514977,0.000000,NULL,NULL,NULL,NULL,NULL,3.997720,-0.135026,174.570000
0,1,1,-457.929062,154.656871,0.000000,NULL,NULL,NULL,NULL,NULL,-3.789704,1.279901,174.570000
0,1,1,-150.188333,-210.994669,0.000000,NULL,NULL,NULL,NULL,NULL,-2.319610,-3.258744,174.570000
0,1,1,220.285239,-156.919054,0.000000,NULL,NULL,NULL,NULL,NULL,3.257922,-2.320764,174.570000
0,1,1,-204.010483,-194.591898,0.000000,NULL,NULL,NULL,NULL,NULL,-2.894452,-2.760824,174.570000
0,1,1,-407.645981,-27.722770,0.000000,NULL,NULL,NULL,NULL,NULL,-3.990782,-0.271401,174.570000
0,1,1,412.274735,221.659475,0.000000,NULL,NULL,NULL,NULL,NULL,3.523077,1.894182,174.570000
0,1,1,-113.374723,-220.024508,0.000000,NULL,NULL,NULL,NULL,NULL,-1.832194,-3.555709,174.570000
0,1,1,-359.807957,481.575081,0.000000,NULL,NULL,NULL,NULL,NULL,-2.394148,3.204381,174.570000
0,1,1,291.671983,525.646058,0.000000,NULL,NULL,NULL,NULL,NULL,1.940774,3.497628,174.570000
0,1,1,-468.427408,170.802188,0.000000,NULL,NULL,NULL,NULL,NULL,-3.757974,1.370266,174.570000
0,1,1,420.109330,239.010303,0.000000,NULL,NULL,NULL,NULL,NULL,3.476717,1.977988,174.570000
0,1,1,170.774163,-179.166953,0.000000,NULL,NULL,NULL,NULL,NULL,2.759798,-2.895430,174.570000
0,1,1,-462.739345,293.441096,0.000000,NULL,NULL,NULL,NULL,NULL,-3.378045,2.142151,174.570000
0,1,1,21.295805,-223.560740,0.000000,NULL,NULL,NULL,NULL,NULL,0.379312,-3.981975,174.570000
0,1,1,322.357589,-33.008655,0.000000,NULL,NULL,NULL,NULL,NULL,3.979193,-0.407460,174.570000
0,1,1,-469.775348,313.920847,0.000000,NULL,NULL,NULL,NULL,NULL,-3.325790,2.222413,174.570000
0,1,1,-277.597891,-143.666663,0.000000,NULL,NULL,NULL,NULL,NULL,-3.552445,-1.838515,174.570000
0,1,1,-77.155609,-223.078837,0.000000,NULL,NULL,NULL,NULL,NULL,-1.307474,-3.780279,174.570000
0,1,1,42.451754,-220.523841,0.000000,NULL,NULL,NULL,NULL,NULL,0.756134,-3.927883,174.570000
0,1,1,136.882964,-192.302391,0.000000,NULL,NULL,NULL,NULL,NULL,2.319610,-3.258744,174.570000
0,1,1,394.307700,224.331135,0.000000,NULL,NULL,NULL,NULL,NULL,3.476717,1.977988,174.570000
0,1,1,427.341856,256.859030,0.000000,NULL,NULL,NULL,NULL,NULL,3.428364,2.060660,174.570000
0,1,1,339.995848,473.689883,0.000000,NULL,NULL,NULL,NULL,NULL,2.332423,3.249585,174.570000
0,1,1,203.552155,-160.130589,0.000000,NULL,NULL,NULL,NULL,NULL,3.143797,-2.473165,174.570000
0,1,1,-308.904187,-97.888661,0.000000,NULL,NULL,NULL,NULL,NULL,-3.813124,-1.208341,174.570000
0,1,1,63.223194,-215.489544,0.000000,NULL,NULL,NULL,NULL,NULL,1.126106,-3.838214,174.570000
0,1,1,-467.570284,251.389122,0.000000,NULL,NULL,NULL,NULL,NULL,-3.523077,1.894182,174.570000
0,1,1,386.856397,207.993308,0.000000,NULL,NULL,NULL,NULL,NULL,3.523077,1.894182,174.570000
0,1,1,-330.833342,-104.837792,0.000000,NULL,NULL,NULL,NULL,NULL,-3.813124,-1.208341,174.570000
0,1,1,-479.225924,187.856903,0.000000,NULL,NULL,NULL,NULL,NULL,-3.724090,1.459846,174.570000
0,1,1,345.241803,-35.351944,0.000000,NULL,NULL,NULL,NULL,NULL,3.979193,-0.407460,174.570000
0,1,1,-412.649584,150.463979,0.000000,NULL,NULL,NULL,NULL,NULL,-3.757974,1.370266,174.570000
0,1,1,-21.295805,-223.560740,0.000000,NULL,NULL,NULL,NULL,NULL,-0.379312,-3.981975,174.570000
0,1,1,398.409405,376.171934,0.000000,NULL,NULL,NULL,NULL,NULL,2.908430,2.746094,174.570000
0,1,1,-186.604470,-195.775249,0.000000,NULL,NULL,NULL,NULL,NULL,-2.759798,-2.895430,174.570000
0,1,1,404.762798,55.775215,0.000000,NULL,NULL,NULL,NULL,NULL,3.962556,0.546029,174.570000
0,1,1,-404.311810,420.132410,0.000000,NULL,NULL,NULL,NULL,NULL,-2.773641,2.882172,174.570000
0,1,1,401.417712,397.616645,0.000000,NULL,NULL,NULL,NULL,NULL,2.841850,2.814940,174.570000
0,1,1,83.421990,-208.503447,0.000000,NULL,NULL,NULL,NULL,NULL,1.485879,-3.713780,174.570000
0,1,1,-379.362574,-51.983931,0.000000,NULL,NULL,NULL,NULL,NULL,-3.962966,-0.543044,174.570000
0,1,1,-439.762659,160.350191,0.000000,NULL,NULL,NULL,NULL,NULL,-3.757974,1.370266,174.570000
0,1,1,250.572272,-129.227784,0.000000,NULL,NULL,NULL,NULL,NULL,3.555060,-1.833453,174.570000
0,1,1,-422.363224,165.566684,0.000000,NULL,NULL,NULL,NULL,NULL,-3.724090,1.459846,174.570000
0,1,1,292.912952,50.604569,0.000000,NULL,NULL,NULL,NULL,NULL,3.941610,0.680965,174.570000
0,1,1,-351.109891,-72.805520,0.000000,NULL,NULL,NULL,NULL,NULL,-3.916683,-0.812156,174.570000
0,1,1,434.695930,275.657670,0.000000,NULL,NULL,NULL,NULL,NULL,3.378045,2.142151,174.570000
0,1,1,-133.777503,-208.250310,0.000000,NULL,NULL,NULL,NULL,NULL,-2.161913,-3.365432,174.570000
0,1,1,411.157987,335.808831,0.000000,NULL,NULL,NULL,NULL,NULL,3.098018,2.530273,174.570000
0,1,1,-323.113443,-90.378061,0.000000,NULL,NULL,NULL,NULL,NULL,-3.852146,-1.077484,174.570000
0,1,1,-393.689035,-40.312826,0.000000,NULL,NULL,NULL,NULL,NULL,-3.979193,-0.407460,174.570000
0,1,1,-450.000675,176.400584,0.000000,NULL,NULL,NULL,NULL,NULL,-3.724090,1.459846,174.570000
0,1,1,-98.012770,-214.733911,0.000000,NULL,NULL,NULL,NULL,NULL,-1.660918,-3.638867,174.570000
0,1,1,334.742073,-22.764796,0.000000,NULL,NULL,NULL,NULL,NULL,3.990782,-0.271401,174.570000
0,1,1,306.060453,-63.464149,0.000000,NULL,NULL,NULL,NULL,NULL,3.916683,-0.812156,174.570000
0,1,1,-42.451754,-220.523841,0.000000,NULL,NULL,NULL,NULL,NULL,-0.756134,-3.927883,174.570000
0,1,1,154.543928,-178.418972,0.000000,NULL,NULL,NULL,NULL,NULL,2.618891,-3.023476,174.570000
0,1,1,-169.565988,-195.761747,0.000000,NULL,NULL,NULL,NULL,NULL,-2.618891,-3.023476,174.570000
0,1,1,401.191280,241.140907,0.000000,NULL,NULL,NULL,NULL,NULL,3.428364,2.060660,174.570000
0,1,1,102.865190,-199.628827,0.000000,NULL,NULL,NULL,NULL,NULL,1.832194,-3.555709,174.570000
0,1,1,-448.161858,315.255972,0.000000,NULL,NULL,NULL,NULL,NULL,-3.271628,2.301401,174.570000
0,1,1,187.032947,-162.121217,0.000000,NULL,NULL,NULL,NULL,NULL,3.022548,-2.619962,174.570000
0,1,1,-454.209431,336.049057,0.000000,NULL,NULL,NULL,NULL,NULL,-3.215591,2.379070,174.570000
0,1,1,316.930586,489.422400,0.000000,NULL,NULL,NULL,NULL,NULL,2.174192,3.357512,174.570000
0,1,1,-459.714111,193.029947,0.000000,NULL,NULL,NULL,NULL,NULL,-3.688072,1.548589,174.570000
0,1,1,408.186310,258.846885,0.000000,NULL,NULL,NULL,NULL,NULL,3.378045,2.142151,174.570000
0,1,1,-412.750636,96.610992,0.000000,NULL,NULL,NULL,NULL,NULL,-3.894732,0.911625,174.570000
0,1,1,382.005594,26.268188,0.000000,NULL,NULL,NULL,NULL,NULL,3.990576,0.274408,174.570000
0,1,1,-365.378761,-62.840542,0.000000,NULL,NULL,NULL,NULL,NULL,-3.942122,-0.677995,174.570000
0,1,1,-286.752869,-124.392489,0.000000,NULL,NULL,NULL,NULL,NULL,-3.669602,-1.591862,174.570000
0,1,1,358.578835,0.135074,0.000000,NULL,NULL,NULL,NULL,NULL,4.000000,0.001507,174.570000
0,1,1,234.204843,-135.267393,0.000000,NULL,NULL,NULL,NULL,NULL,3.463787,-2.000545,174.570000
0,1,1,383.116950,242.949424,0.000000,NULL,NULL,NULL,NULL,NULL,3.378045,2.142151,174.570000
0,1,1,-221.585091,-174.316755,0.000000,NULL,NULL,NULL,NULL,NULL,-3.143797,-2.473165,174.570000
0,1,1,-383.736605,439.005125,0.000000,NULL,NULL,NULL,NULL,NULL,-2.632492,3.011642,174.570000
0,1,1,-455.000281,273.483464,0.000000,NULL,NULL,NULL,NULL,NULL,-3.428364,2.060660,174.570000
0,1,1,145.654471,259.120812,0.000000,NULL,NULL,NULL,NULL,NULL,1.960013,3.486883,174.570000
0,1,1,237.010500,552.451217,0.000000,NULL,NULL,NULL,NULL,NULL,1.577058,3.675988,174.570000
0,1,1,414.556129,277.021371,0.000000,NULL,NULL,NULL,NULL,NULL,3.325790,2.222413,174.570000
0,1,1,-63.223194,-215.489544,0.000000,NULL,NULL,NULL,NULL,NULL,-1.126106,-3.838214,174.570000
0,1,1,393.658553,40.609413,0.000000,NULL,NULL,NULL,NULL,NULL,3.978885,0.410458,174.570000
0,1,1,376.456280,226.273635,0.000000,NULL,NULL,NULL,NULL,NULL,3.428364,2.060660,174.570000
0,1,1,323.858510,-10.938548,0.000000,NULL,NULL,NULL,NULL,NULL,3.997720,-0.135026,174.570000
0,1,1,217.852838,-140.055084,0.000000,NULL,NULL,NULL,NULL,NULL,3.364666,-2.163105,174.570000
0,1,1,-469.683840,210.582033,0.000000,NULL,NULL,NULL,NULL,NULL,-3.649938,1.636444,174.570000
0,1,1,121.376687,-188.946066,0.000000,NULL,NULL,NULL,NULL,NULL,2.161913,-3.365432,174.570000
0,1,1,-314.862964,-76.585249,0.000000,NULL,NULL,NULL,NULL,NULL,-3.886679,-0.945371,174.570000
0,1,1,-416.902208,76.741907,0.000000,NULL,NULL,NULL,NULL,NULL,-3.933907,0.724140,174.570000
0,1,1,379.945350,394.812498,0.000000,NULL,NULL,NULL,NULL,NULL,2.773641,2.882172,174.570000
0,1,1,381.923652,416.376632,0.000000,NULL,NULL,NULL,NULL,NULL,2.703841,2.947752,174.570000
0,1,1,30.279841,-210.938438,0.000000,NULL,NULL,NULL,NULL,NULL,0.568367,-3.959414,174.570000
0,1,1,-408.587535,0.153912,0.000000,NULL,NULL,NULL,NULL,NULL,-4.000000,0.001507,174.570000
0,1,1,-117.982180,-204.444028,0.000000,NULL,NULL,NULL,NULL,NULL,-1.999318,-3.464495,174.570000
0,1,1,50.195187,-207.104652,0.000000,NULL,NULL,NULL,NULL,NULL,0.942187,-3.887452,174.570000
0,1,1,-404.973820,170.044976,0.000000,NULL,NULL,NULL,NULL,NULL,-3.688072,1.548589,174.570000
0,1,1,370.522446,12.794126,0.000000,NULL,NULL,NULL,NULL,NULL,3.997617,0.138038,174.570000
0,1,1,170.805109,-162.919521,0.000000,NULL,NULL,NULL,NULL,NULL,2.894452,-2.760824,174.570000
0,1,1,-431.582560,181.217754,0.000000,NULL,NULL,NULL,NULL,NULL,-3.688072,1.548589,174.570000
0,1,1,293.138652,504.032749,0.000000,NULL,NULL,NULL,NULL,NULL,2.010976,3.457741,174.570000
0,1,1,394.611494,355.105941,0.000000,NULL,NULL,NULL,NULL,NULL,2.973343,2.675674,174.570000
0,1,1,-152.968591,-194.589882,0.000000,NULL,NULL,NULL,NULL,NULL,-2.472051,-3.144672,174.570000
0,1,1,-413.953359,185.595357,0.000000,NULL,NULL,NULL,NULL,NULL,-3.649938,1.636444,174.570000
0,1,1,-10.090235,-212.861647,0.000000,NULL,NULL,NULL,NULL,NULL,-0.189398,-3.995514,174.570000
0,1,1,-337.215134,-82.022048,0.000000,NULL,NULL,NULL,NULL,NULL,-3.886679,-0.945371,174.570000
0,1,1,-204.370399,-177.149418,0.000000,NULL,NULL,NULL,NULL,NULL,-3.022548,-2.619962,174.570000
0,1,1,-441.040508,197.739839,0.000000,NULL,NULL,NULL,NULL,NULL,-3.649938,1.636444,174.570000
0,1,1,421.001882,296.150498,0.000000,NULL,NULL,NULL,NULL,NULL,3.271628,2.301401,174.570000
0,1,1,-437.602084,357.406760,0.000000,NULL,NULL,NULL,NULL,NULL,-3.098018,2.530273,174.570000
0,1,1,69.655889,-201.395012,0.000000,NULL,NULL,NULL,NULL,NULL,1.307474,-3.780279,174.570000
0,1,1,-432.556806,336.348016,0.000000,NULL,NULL,NULL,NULL,NULL,-3.157710,2.455376,174.570000
0,1,1,346.849275,-11.715077,0.000000,NULL,NULL,NULL,NULL,NULL,3.997720,-0.135026,174.570000
0,1,1,-362.281554,456.871271,0.000000,NULL,NULL,NULL,NULL,NULL,-2.485307,3.134207,174.570000
0,1,1,-291.671983,525.646058,0.000000,NULL,NULL,NULL,NULL,NULL,-1.940774,3.497628,174.570000
0,1,1,-449.946762,214.815118,0.000000,NULL,NULL,NULL,NULL,NULL,-3.609713,1.723361,174.570000
0,1,1,-83.421990,-208.503447,0.000000,NULL,NULL,NULL,NULL,NULL,-1.485879,-3.713780,174.570000
0,1,1,309.677207,-42.434968,0.000000,NULL,NULL,NULL,NULL,NULL,3.962966,-0.543044,174.570000
0,1,1,389.187956,260.069442,0.000000,NULL,NULL,NULL,NULL,NULL,3.325790,2.222413,174.570000
0,1,1,201.597676,-143.607065,0.000000,NULL,NULL,NULL,NULL,NULL,3.257922,-2.320764,174.570000
0,1,1,138.788813,-176.551923,0.000000,NULL,NULL,NULL,NULL,NULL,2.472051,-3.144672,174.570000
0,1,1,-30.279841,-210.938438,0.000000,NULL,NULL,NULL,NULL,NULL,-0.568367,-3.959414,174.570000
0,1,1,-382.025276,-25.980384,0.000000,NULL,NULL,NULL,NULL,NULL,-3.990782,-0.271401,174.570000
0,1,1,400.014331,83.260629,0.000000,NULL,NULL,NULL,NULL,NULL,3.916070,0.815107,174.570000
0,1,1,-187.407796,-178.755709,0.000000,NULL,NULL,NULL,NULL,NULL,-2.894452,-2.760824,174.570000
0,1,1,-423.594482,16.263047,0.000000,NULL,NULL,NULL,NULL,NULL,-3.997055,0.153459,174.570000
0,1,1,-328.526692,-68.122709,0.000000,NULL,NULL,NULL,NULL,NULL,-3.916683,-0.812156,174.570000
0,1,1,395.327385,278.089973,0.000000,NULL,NULL,NULL,NULL,NULL,3.271628,2.301401,174.570000
0,1,1,88.485682,-193.861233,0.000000,NULL,NULL,NULL,NULL,NULL,1.660918,-3.638867,174.570000
0,1,1,-441.387036,294.950751,0.000000,NULL,NULL,NULL,NULL,NULL,-3.325790,2.222413,174.570000
0,1,1,-355.259000,-48.681026,0.000000,NULL,NULL,NULL,NULL,NULL,-3.962966,-0.543044,174.570000
0,1,1,-395.522081,-13.359035,0.000000,NULL,NULL,NULL,NULL,NULL,-3.997720,-0.135026,174.570000
0,1,1,261.722294,-104.822349,0.000000,NULL,NULL,NULL,NULL,NULL,3.713254,-1.487195,174.570000
0,1,1,268.674599,517.487432,0.000000,NULL,NULL,NULL,NULL,NULL,1.843149,3.550043,174.570000
0,1,1,-268.502524,-127.535150,0.000000,NULL,NULL,NULL,NULL,NULL,-3.613129,-1.716188,174.570000
0,1,1,371.047774,261.010670,0.000000,NULL,NULL,NULL,NULL,NULL,3.271628,2.301401,174.570000
0,1,1,-259.175660,-145.556852,0.000000,NULL,NULL,NULL,NULL,NULL,-3.487621,-1.958699,174.570000
0,1,1,365.193008,244.035152,0.000000,NULL,NULL,NULL,NULL,NULL,3.325790,2.222413,174.570000
0,1,1,400.819890,296.548545,0.000000,NULL,NULL,NULL,NULL,NULL,3.215591,2.379070,174.570000
0,1,1,-294.571513,-104.538618,0.000000,NULL,NULL,NULL,NULL,NULL,-3.769658,-1.337790,174.570000
0,1,1,360.610141,412.547820,0.000000,NULL,NULL,NULL,NULL,NULL,2.632492,3.011642,174.570000
0,1,1,361.553902,434.181934,0.000000,NULL,NULL,NULL,NULL,NULL,2.559633,3.073805,174.570000
0,1,1,-459.064845,232.824333,0.000000,NULL,NULL,NULL,NULL,NULL,-3.567418,1.809290,174.570000
0,1,1,-136.882964,-192.302391,0.000000,NULL,NULL,NULL,NULL,NULL,-2.319610,-3.258744,174.570000
0,1,1,335.515238,0.126386,0.000000,NULL,NULL,NULL,NULL,NULL,4.000000,0.001507,174.570000
0,1,1,-339.995848,473.689883,0.000000,NULL,NULL,NULL,NULL,NULL,-2.332423,3.249585,174.570000
0,1,1,-50.195187,-207.104652,0.000000,NULL,NULL,NULL,NULL,NULL,-0.942187,-3.887452,174.570000
0,1,1,-396.369515,189.236086,0.000000,NULL,NULL,NULL,NULL,NULL,-3.609713,1.723361,174.570000
0,1,1,-422.412910,201.669813,0.000000,NULL,NULL,NULL,NULL,NULL,-3.609713,1.723361,174.570000
0,1,1,-145.654471,259.120812,0.000000,NULL,NULL,NULL,NULL,NULL,-1.960013,3.486883,174.570000
0,1,1,-368.814750,-37.765758,0.000000,NULL,NULL,NULL,NULL,NULL,-3.979193,-0.407460,174.570000
0,1,1,185.519219,-145.944423,0.000000,NULL,NULL,NULL,NULL,NULL,3.143797,-2.473165,174.570000
0,1,1,377.160220,373.588850,0.000000,NULL,NULL,NULL,NULL,NULL,2.841850,2.814940,174.570000
0,1,1,-419.991384,377.944986,0.000000,NULL,NULL,NULL,NULL,NULL,-2.973343,2.675674,174.570000
0,1,1,246.003133,-112.390546,0.000000,NULL,NULL,NULL,NULL,NULL,3.638278,-1.662207,174.570000
0,1,1,106.514014,-184.571553,0.000000,NULL,NULL,NULL,NULL,NULL,1.999318,-3.464495,174.570000
0,1,1,-404.594365,205.198490,0.000000,NULL,NULL,NULL,NULL,NULL,-3.567418,1.809290,174.570000
0,1,1,-415.959971,356.668867,0.000000,NULL,NULL,NULL,NULL,NULL,-3.036551,2.603720,174.570000
0,1,1,379.323303,52.269722,0.000000,NULL,NULL,NULL,NULL,NULL,3.962556,0.546029,174.570000
0,1,1,357.734090,24.599185,0.000000,NULL,NULL,NULL,NULL,NULL,3.990576,0.274408,174.570000
0,1,1,-102.865190,-199.628827,0.000000,NULL,NULL,NULL,NULL,NULL,-1.832194,-3.555709,174.570000
0,1,1,-319.354409,-54.924933,0.000000,NULL,NULL,NULL,NULL,NULL,-3.942122,-0.677995,174.570000
0,1,1,-237.010500,552.451217,0.000000,NULL,NULL,NULL,NULL,NULL,-1.577058,3.675988,174.570000
0,1,1,-431.069105,218.625708,0.000000,NULL,NULL,NULL,NULL,NULL,-3.567418,1.809290,174.570000
0,1,1,-237.152689,-152.462737,0.000000,NULL,NULL,NULL,NULL,NULL,-3.364666,-2.163105,174.570000
0,1,1,154.943857,-162.558658,0.000000,NULL,NULL,NULL,NULL,NULL,2.759798,-2.895430,174.570000
0,1,1,-170.774163,-179.166953,0.000000,NULL,NULL,NULL,NULL,NULL,-2.759798,-2.895430,174.570000
0,1,1,230.180315,-118.711028,0.000000,NULL,NULL,NULL,NULL,NULL,3.555060,-1.833453,174.570000
0,1,1,406.342544,315.964300,0.000000,NULL,NULL,NULL,NULL,NULL,3.157710,2.455376,174.570000
0,1,1,243.594517,529.755598,0.000000,NULL,NULL,NULL,NULL,NULL,1.671096,3.634204,174.570000
0,1,1,-439.147757,236.107753,0.000000,NULL,NULL,NULL,NULL,NULL,-3.523077,1.894182,174.570000
0,1,1,389.970663,67.372566,0.000000,NULL,NULL,NULL,NULL,NULL,3.941610,0.680965,174.570000
0,1,1,323.850178,11.182535,0.000000,NULL,NULL,NULL,NULL,NULL,3.997617,0.138038,174.570000
0,1,1,376.292287,278.401679,0.000000,NULL,NULL,NULL,NULL,NULL,3.215591,2.379070,174.570000
0,1,1,-69.655889,-201.395012,0.000000,NULL,NULL,NULL,NULL,NULL,-1.307474,-3.780279,174.570000
0,1,1,-426.761760,315.741764,0.000000,NULL,NULL,NULL,NULL,NULL,-3.215591,2.379070,174.570000
0,1,1,-407.624979,28.029876,0.000000,NULL,NULL,NULL,NULL,NULL,-3.990576,0.274408,174.570000
0,1,1,-316.930586,489.422400,0.000000,NULL,NULL,NULL,NULL,NULL,-2.174192,3.357512,174.570000
0,1,1,381.562036,296.695444,0.000000,NULL,NULL,NULL,NULL,NULL,3.157710,2.455376,174.570000
0,1,1,340.355167,450.991725,0.000000,NULL,NULL,NULL,NULL,NULL,2.409556,3.192811,174.570000
0,1,1,340.448111,429.337236,0.000000,NULL,NULL,NULL,NULL,NULL,2.485307,3.134207,174.570000
0,1,1,368.786194,38.043606,0.000000,NULL,NULL,NULL,NULL,NULL,3.978885,0.410458,174.570000
0,1,1,-220.285239,-156.919054,0.000000,NULL,NULL,NULL,NULL,NULL,-3.257922,-2.320764,174.570000
0,1,1,-342.025427,-58.824063,0.000000,NULL,NULL,NULL,NULL,NULL,-3.942122,-0.677995,174.570000
0,1,1,213.116462,366.439825,0.000000,NULL,NULL,NULL,NULL,NULL,2.010976,3.457741,174.570000
0,1,1,311.850796,-21.208029,0.000000,NULL,NULL,NULL,NULL,NULL,3.990782,-0.271401,174.570000
0,1,1,214.336431,-123.792190,0.000000,NULL,NULL,NULL,NULL,NULL,3.463787,-2.000545,174.570000
0,1,1,358.127845,278.473459,0.000000,NULL,NULL,NULL,NULL,NULL,3.157710,2.455376,174.570000
0,1,1,101.028624,592.595597,0.000000,NULL,NULL,NULL,NULL,NULL,0.672240,3.943107,174.570000
0,1,1,123.577594,-173.610114,0.000000,NULL,NULL,NULL,NULL,NULL,2.319610,-3.258744,174.570000
0,1,1,353.092407,261.237135,0.000000,NULL,NULL,NULL,NULL,NULL,3.215591,2.379070,174.570000
0,1,1,386.164635,315.395781,0.000000,NULL,NULL,NULL,NULL,NULL,3.098018,2.530273,174.570000
0,1,1,-447.393288,254.532803,0.000000,NULL,NULL,NULL,NULL,NULL,-3.476717,1.977988,174.570000
0,1,1,-154.543928,-178.418972,0.000000,NULL,NULL,NULL,NULL,NULL,-2.618891,-3.023476,174.570000
0,1,1,-203.552155,-160.130589,0.000000,NULL,NULL,NULL,NULL,NULL,-3.143797,-2.473165,174.570000
0,1,1,-401.417712,397.616645,0.000000,NULL,NULL,NULL,NULL,NULL,-2.841850,2.814940,174.570000
0,1,1,-398.409405,376.171934,0.000000,NULL,NULL,NULL,NULL,NULL,-2.908430,2.746094,174.570000
0,1,1,-412.274735,221.659475,0.000000,NULL,NULL,NULL,NULL,NULL,-3.523077,1.894182,174.570000
0,1,1,-292.912952,50.604569,0.000000,NULL,NULL,NULL,NULL,NULL,-3.941610,0.680965,174.570000
0,1,1,-386.856397,207.993308,0.000000,NULL,NULL,NULL,NULL,NULL,-3.523077,1.894182,174.570000
0,1,1,-121.376687,-188.946066,0.000000,NULL,NULL,NULL,NULL,NULL,-2.161913,-3.365432,174.570000
0,1,1,-332.408933,-45.549889,0.000000,NULL,NULL,NULL,NULL,NULL,-3.962966,-0.543044,174.570000
0,1,1,-301.017388,-84.197574,0.000000,NULL,NULL,NULL,NULL,NULL,-3.852146,-1.077484,174.570000
0,1,1,217.955911,540.809119,0.000000,NULL,NULL,NULL,NULL,NULL,1.495211,3.710033,174.570000
0,1,1,169.695495,-147.093015,0.000000,NULL,NULL,NULL,NULL,NULL,3.022548,-2.619962,174.570000
0,1,1,-394.307700,224.331135,0.000000,NULL,NULL,NULL,NULL,NULL,-3.476717,1.977988,174.570000
0,1,1,288.830890,-70.253375,0.000000,NULL,NULL,NULL,NULL,NULL,3.886679,-0.945371,174.570000
0,1,1,-293.138652,504.032749,0.000000,NULL,NULL,NULL,NULL,NULL,-2.010976,3.457741,174.570000
0,1,1,358.844178,391.215180,0.000000,NULL,NULL,NULL,NULL,NULL,2.703841,2.947752,174.570000
0,1,1,393.401707,110.358030,0.000000,NULL,NULL,NULL,NULL,NULL,3.851333,1.080386,174.570000
0,1,1,346.840351,11.976384,0.000000,NULL,NULL,NULL,NULL,NULL,3.997617,0.138038,174.570000
0,1,1,-357.752521,-24.329667,0.000000,NULL,NULL,NULL,NULL,NULL,-3.990782,-0.271401,174.570000
0,1,1,198.552987,-127.647432,0.000000,NULL,NULL,NULL,NULL,NULL,3.364666,-2.163105,174.570000
0,1,1,-420.109330,239.010303,0.000000,NULL,NULL,NULL,NULL,NULL,-3.476717,1.977988,174.570000
0,1,1,-382.907653,0.144238,0.000000,NULL,NULL,NULL,NULL,NULL,-4.000000,0.001507,174.570000
0,1,1,-88.485682,-193.861233,0.000000,NULL,NULL,NULL,NULL,NULL,-1.660918,-3.638867,174.570000
0,1,1,390.751528,335.053646,0.000000,NULL,NULL,NULL,NULL,NULL,3.036551,2.603720,174.570000
0,1,1,-427.341856,256.859030,0.000000,NULL,NULL,NULL,NULL,NULL,-3.428364,2.060660,174.570000
0,1,1,40.573273,599.775069,0.000000,NULL,NULL,NULL,NULL,NULL,0.269973,3.990879,174.570000
0,1,1,318.376051,466.767464,0.000000,NULL,NULL,NULL,NULL,NULL,2.253954,3.304496,174.570000
0,1,1,-411.157987,335.808831,0.000000,NULL,NULL,NULL,NULL,NULL,-3.098018,2.530273,174.570000
0,1,1,-395.511905,13.657011,0.000000,NULL,NULL,NULL,NULL,NULL,-3.997617,0.138038,174.570000
0,1,1,319.505487,445.142249,0.000000,NULL,NULL,NULL,NULL,NULL,2.332423,3.249585,174.570000
0,1,1,-187.032947,-162.121217,0.000000,NULL,NULL,NULL,NULL,NULL,-3.022548,-2.619962,174.570000
0,1,1,334.724827,23.016979,0.000000,NULL,NULL,NULL,NULL,NULL,3.990576,0.274408,174.570000
0,1,1,362.533839,296.095585,0.000000,NULL,NULL,NULL,NULL,NULL,3.098018,2.530273,174.570000
0,1,1,-101.028624,592.595597,0.000000,NULL,NULL,NULL,NULL,NULL,-0.672240,3.943107,174.570000
0,1,1,270.501761,-79.467484,0.000000,NULL,NULL,NULL,NULL,NULL,3.837815,-1.127466,174.570000
0,1,1,-40.573273,599.775069,0.000000,NULL,NULL,NULL,NULL,NULL,-0.269973,3.990879,174.570000
0,1,1,191.817568,550.622650,0.000000,NULL,NULL,NULL,NULL,NULL,1.315898,3.777355,174.570000
0,1,1,-322.357589,-33.008655,0.000000,NULL,NULL,NULL,NULL,NULL,-3.979193,-0.407460,174.570000
0,1,1,366.921826,314.620640,0.000000,NULL,NULL,NULL,NULL,NULL,3.036551,2.603720,174.570000
0,1,1,-268.674599,517.487432,0.000000,NULL,NULL,NULL,NULL,NULL,-1.843149,3.550043,174.570000
0,1,1,139.521869,-161.076198,0.000000,NULL,NULL,NULL,NULL,NULL,2.618891,-3.023476,174.570000
0,1,1,-370.531980,-12.514977,0.000000,NULL,NULL,NULL,NULL,NULL,-3.997720,-0.135026,174.570000
0,1,1,374.873278,78.027667,0.000000,NULL,NULL,NULL,NULL,NULL,3.916070,0.815107,174.570000
0,1,1,-381.923652,416.376632,0.000000,NULL,NULL,NULL,NULL,NULL,-2.703841,2.947752,174.570000
0,1,1,344.386785,295.297753,0.000000,NULL,NULL,NULL,NULL,NULL,3.036551,2.603720,174.570000
0,1,1,340.182221,277.840143,0.000000,NULL,NULL,NULL,NULL,NULL,3.098018,2.530273,174.570000
0,1,1,355.222224,48.948659,0.000000,NULL,NULL,NULL,NULL,NULL,3.962556,0.546029,174.570000
0,1,1,370.623965,333.519864,0.000000,NULL,NULL,NULL,NULL,NULL,2.973343,2.675674,174.570000
0,1,1,-434.695930,275.657670,0.000000,NULL,NULL,NULL,NULL,NULL,-3.378045,2.142151,174.570000
0,1,1,-379.945350,394.812498,0.000000,NULL,NULL,NULL,NULL,NULL,-2.773641,2.882172,174.570000
0,1,1,255.573245,-88.495720,0.000000,NULL,NULL,NULL,NULL,NULL,3.779816,-1.308813,174.570000
0,1,1,-250.572272,-129.227784,0.000000,NULL,NULL,NULL,NULL,NULL,-3.555060,-1.833453,174.570000
0,1,1,240.422930,-96.291745,0.000000,NULL,NULL,NULL,NULL,NULL,3.713254,-1.487195,174.570000
0,1,1,-138.788813,-176.551923,0.000000,NULL,NULL,NULL,NULL,NULL,-2.472051,-3.144672,174.570000
0,1,1,165.239417,559.173691,0.000000,NULL,NULL,NULL,NULL,NULL,1.133568,3.836017,174.570000
0,1,1,-401.191280,241.140907,0.000000,NULL,NULL,NULL,NULL,NULL,-3.428364,2.060660,174.570000
0,1,1,322.332630,33.251504,0.000000,NULL,NULL,NULL,NULL,NULL,3.978885,0.410458,174.570000
0,1,1,-376.456280,226.273635,0.000000,NULL,NULL,NULL,NULL,NULL,-3.428364,2.060660,174.570000
0,1,1,-170.805109,-162.919521,0.000000,NULL,NULL,NULL,NULL,NULL,-2.894452,-2.760824,174.570000
0,1,1,384.465421,93.821748,0.000000,NULL,NULL,NULL,NULL,NULL,3.885966,0.948299,174.570000
0,1,1,339.705363,407.944515,0.000000,NULL,NULL,NULL,NULL,NULL,2.559633,3.073805,174.570000
0,1,1,-383.116950,242.949424,0.000000,NULL,NULL,NULL,NULL,NULL,-3.378045,2.142151,174.570000
0,1,1,182.910113,-130.295076,0.000000,NULL,NULL,NULL,NULL,NULL,3.257922,-2.320764,174.570000
0,1,1,-243.594517,529.755598,0.000000,NULL,NULL,NULL,NULL,NULL,-1.671096,3.634204,174.570000
0,1,1,-408.186310,258.846885,0.000000,NULL,NULL,NULL,NULL,NULL,-3.378045,2.142151,174.570000
0,1,1,-106.514014,-184.571553,0.000000,NULL,NULL,NULL,NULL,NULL,-1.999318,-3.464495,174.570000
0,1,1,225.133831,-102.856065,0.000000,NULL,NULL,NULL,NULL,NULL,3.638278,-1.662207,174.570000
0,1,1,-404.762798,55.775215,0.000000,NULL,NULL,NULL,NULL,NULL,-3.962556,0.546029,174.570000
0,1,1,-345.241803,-35.351944,0.000000,NULL,NULL,NULL,NULL,NULL,-3.979193,-0.407460,174.570000
0,1,1,365.331314,63.115794,0.000000,NULL,NULL,NULL,NULL,NULL,3.941610,0.680965,174.570000
0,1,1,-306.060453,-63.464149,0.000000,NULL,NULL,NULL,NULL,NULL,-3.916683,-0.812156,174.570000
0,1,1,23.184527,-188.737854,0.000000,NULL,NULL,NULL,NULL,NULL,0.487694,-3.970158,174.570000
0,1,1,295.666950,481.472980,0.000000,NULL,NULL,NULL,NULL,NULL,2.093184,3.408604,174.570000
0,1,1,-234.204843,-135.267393,0.000000,NULL,NULL,NULL,NULL,NULL,-3.463787,-2.000545,174.570000
0,1,1,7.929337,-189.991119,0.000000,NULL,NULL,NULL,NULL,NULL,0.166796,-3.996521,174.570000
0,1,1,-394.611494,355.105941,0.000000,NULL,NULL,NULL,NULL,NULL,-2.973343,2.675674,174.570000
0,1,1,138.282399,566.442636,0.000000,NULL,NULL,NULL,NULL,NULL,0.948638,3.885883,174.570000
0,1,1,38.289495,-186.261682,0.000000,NULL,NULL,NULL,NULL,NULL,0.805431,-3.918071,174.570000
0,1,1,374.264580,353.374768,0.000000,NULL,NULL,NULL,NULL,NULL,2.908430,2.746094,174.570000
0,1,1,297.830287,459.926623,0.000000,NULL,NULL,NULL,NULL,NULL,2.174192,3.357512,174.570000
0,1,1,312.571088,0.117743,0.000000,NULL,NULL,NULL,NULL,NULL,4.000000,0.001507,174.570000
0,1,1,-217.852838,-140.055084,0.000000,NULL,NULL,NULL,NULL,NULL,-3.364666,-2.163105,174.570000
0,1,1,-414.556129,277.021371,0.000000,NULL,NULL,NULL,NULL,NULL,-3.325790,2.222413,174.570000
0,1,1,209.788358,-108.194272,0.000000,NULL,NULL,NULL,NULL,NULL,3.555060,-1.833453,174.570000
0,1,1,347.944159,313.110591,0.000000,NULL,NULL,NULL,NULL,NULL,2.973343,2.675674,174.570000
0,1,1,53.146371,-182.578649,0.000000,NULL,NULL,NULL,NULL,NULL,1.117950,-3.840597,174.570000
0,1,1,-334.742073,-22.764796,0.000000,NULL,NULL,NULL,NULL,NULL,-3.990782,-0.271401,174.570000
0,1,1,-361.553902,434.181934,0.000000,NULL,NULL,NULL,NULL,NULL,-2.559633,3.073805,174.570000
0,1,1,-217.955911,540.809119,0.000000,NULL,NULL,NULL,NULL,NULL,-1.495211,3.710033,174.570000
0,1,1,-213.116462,366.439825,0.000000,NULL,NULL,NULL,NULL,NULL,-2.010976,3.457741,174.570000
0,1,1,154.202421,-147.083333,0.000000,NULL,NULL,NULL,NULL,NULL,2.894452,-2.760824,174.570000
0,1,1,-7.929337,-189.991119,0.000000,NULL,NULL,NULL,NULL,NULL,-0.166796,-3.996521,174.570000
0,1,1,351.440323,331.824461,0.000000,NULL,NULL,NULL,NULL,NULL,2.908430,2.746094,174.570000
0,1,1,-360.610141,412.547820,0.000000,NULL,NULL,NULL,NULL,NULL,-2.632492,3.011642,174.570000
0,1,1,384.955741,136.941137,0.000000,NULL,NULL,NULL,NULL,NULL,3.768649,1.340630,174.570000
0,1,1,67.658890,-177.712617,0.000000,NULL,NULL,NULL,NULL,NULL,1.423225,-3.738239,174.570000
0,1,1,111.008321,572.412819,0.000000,NULL,NULL,NULL,NULL,NULL,0.761534,3.926839,174.570000
0,1,1,326.492051,293.806108,0.000000,NULL,NULL,NULL,NULL,NULL,2.973343,2.675674,174.570000
0,1,1,329.856101,311.444976,0.000000,NULL,NULL,NULL,NULL,NULL,2.908430,2.746094,174.570000
0,1,1,345.215072,35.612033,0.000000,NULL,NULL,NULL,NULL,NULL,3.978885,0.410458,174.570000
0,1,1,-23.184527,-188.737854,0.000000,NULL,NULL,NULL,NULL,NULL,-0.487694,-3.970158,174.570000
0,1,1,-201.597676,-143.607065,0.000000,NULL,NULL,NULL,NULL,NULL,-3.257922,-2.320764,174.570000
0,1,1,354.233514,350.879240,0.000000,NULL,NULL,NULL,NULL,NULL,2.841850,2.814940,174.570000
0,1,1,-191.817568,550.622650,0.000000,NULL,NULL,NULL,NULL,NULL,-1.315898,3.777355,174.570000
0,1,1,-421.001882,296.150498,0.000000,NULL,NULL,NULL,NULL,NULL,-3.271628,2.301401,174.570000
0,1,1,319.787658,423.738498,0.000000,NULL,NULL,NULL,NULL,NULL,2.409556,3.192811,174.570000
0,1,1,-382.005594,26.268188,0.000000,NULL,NULL,NULL,NULL,NULL,-3.990576,0.274408,174.570000
0,1,1,-365.193008,244.035152,0.000000,NULL,NULL,NULL,NULL,NULL,-3.325790,2.222413,174.570000
0,1,1,-358.578835,0.135074,0.000000,NULL,NULL,NULL,NULL,NULL,-4.000000,0.001507,174.570000
0,1,1,-323.858510,-10.938548,0.000000,NULL,NULL,NULL,NULL,NULL,-3.997720,-0.135026,174.570000
0,1,1,-154.943857,-162.558658,0.000000,NULL,NULL,NULL,NULL,NULL,-2.759798,-2.895430,174.570000
0,1,1,-389.187956,260.069442,0.000000,NULL,NULL,NULL,NULL,NULL,-3.325790,2.222413,174.570000
0,1,1,283.297039,90.008931,0.000000,NULL,NULL,NULL,NULL,NULL,3.812212,1.211213,174.570000
0,1,1,272.279932,495.074555,0.000000,NULL,NULL,NULL,NULL,NULL,1.927615,3.504897,174.570000
0,1,1,83.479718,577.070549,0.000000,NULL,NULL,NULL,NULL,NULL,0.572684,3.958792,174.570000
0,1,1,-165.239417,559.173691,0.000000,NULL,NULL,NULL,NULL,NULL,-1.133568,3.836017,174.570000
0,1,1,332.374522,45.800307,0.000000,NULL,NULL,NULL,NULL,NULL,3.962556,0.546029,174.570000
0,1,1,81.733022,-171.695116,0.000000,NULL,NULL,NULL,NULL,NULL,1.719279,-3.611659,174.570000
0,1,1,275.472210,473.656457,0.000000,NULL,NULL,NULL,NULL,NULL,2.010976,3.457741,174.570000
0,1,1,-123.577594,-173.610114,0.000000,NULL,NULL,NULL,NULL,NULL,-2.319610,-3.258744,174.570000
0,1,1,-371.047774,261.010670,0.000000,NULL,NULL,NULL,NULL,NULL,-3.271628,2.301401,174.570000
0,1,1,-393.658553,40.609413,0.000000,NULL,NULL,NULL,NULL,NULL,-3.978885,0.410458,174.570000
0,1,1,-38.289495,-186.261682,0.000000,NULL,NULL,NULL,NULL,NULL,-0.805431,-3.918071,174.570000
0,1,1,-395.327385,278.089973,0.000000,NULL,NULL,NULL,NULL,NULL,-3.271628,2.301401,174.570000
0,1,1,194.468020,-112.316986,0.000000,NULL,NULL,NULL,NULL,NULL,3.463787,-2.000545,174.570000
0,1,1,-377.160220,373.588850,0.000000,NULL,NULL,NULL,NULL,NULL,-2.841850,2.814940,174.570000
0,1,1,-340.355167,450.991725,0.000000,NULL,NULL,NULL,NULL,NULL,-2.409556,3.192811,174.570000
0,1,1,-185.519219,-145.944423,0.000000,NULL,NULL,NULL,NULL,NULL,-3.143797,-2.473165,174.570000
0,1,1,55.759710,580.405149,0.000000,NULL,NULL,NULL,NULL,NULL,0.382520,3.981668,174.570000
0,1,1,394.666589,154.709583,0.000000,NULL,NULL,NULL,NULL,NULL,3.724090,1.459846,174.570000
0,1,1,-138.282399,566.442636,0.000000,NULL,NULL,NULL,NULL,NULL,-0.948638,3.885883,174.570000
0,1,1,-340.448111,429.337236,0.000000,NULL,NULL,NULL,NULL,NULL,-2.485307,3.134207,174.570000
0,1,1,-400.819890,296.548545,0.000000,NULL,NULL,NULL,NULL,NULL,-3.215591,2.379070,174.570000
0,1,1,332.556699,329.407684,0.000000,NULL,NULL,NULL,NULL,NULL,2.841850,2.814940,174.570000
0,1,1,276.831155,-53.392841,0.000000,NULL,NULL,NULL,NULL,NULL,3.927615,-0.757525,174.570000
0,1,1,368.676260,103.421986,0.000000,NULL,NULL,NULL,NULL,NULL,3.851333,1.080386,174.570000
0,1,1,351.054941,73.070020,0.000000,NULL,NULL,NULL,NULL,NULL,3.916070,0.815107,174.570000
0,1,1,-370.522446,12.794126,0.000000,NULL,NULL,NULL,NULL,NULL,-3.997617,0.138038,174.570000
0,1,1,356.919503,370.885657,0.000000,NULL,NULL,NULL,NULL,NULL,2.773641,2.882172,174.570000
0,1,1,27.911854,582.408972,0.000000,NULL,NULL,NULL,NULL,NULL,0.191480,3.995414,174.570000
0,1,1,319.312938,55.165514,0.000000,NULL,NULL,NULL,NULL,NULL,3.941610,0.680965,174.570000
0,1,1,-111.008321,572.412819,0.000000,NULL,NULL,NULL,NULL,NULL,-0.761534,3.926839,174.570000
0,1,1,95.277573,-164.565136,0.000000,NULL,NULL,NULL,NULL,NULL,2.004193,-3.461678,174.570000
0,1,1,-309.677207,-42.434968,0.000000,NULL,NULL,NULL,NULL,NULL,-3.962966,-0.543044,174.570000
0,1,1,-53.146371,-182.578649,0.000000,NULL,NULL,NULL,NULL,NULL,-1.117950,-3.840597,174.570000
0,1,1,-83.479718,577.070549,0.000000,NULL,NULL,NULL,NULL,NULL,-0.572684,3.958792,174.570000
0,1,1,-55.759710,580.405149,0.000000,NULL,NULL,NULL,NULL,NULL,-0.382520,3.981668,174.570000
0,1,1,-27.911854,582.408972,0.000000,NULL,NULL,NULL,NULL,NULL,-0.191480,3.995414,174.570000
0,1,1,0.000000,583.077424,0.000000,NULL,NULL,NULL,NULL,NULL,0.000000,4.000000,174.570000
0,1,1,335.153024,348.267461,0.000000,NULL,NULL,NULL,NULL,NULL,2.773641,2.882172,174.570000
0,1,1,248.487911,-73.000298,0.000000,NULL,NULL,NULL,NULL,NULL,3.837815,-1.127466,174.570000
0,1,1,167.486283,-131.758257,0.000000,NULL,NULL,NULL,NULL,NULL,3.143797,-2.473165,174.570000
0,1,1,248.268618,507.541002,0.000000,NULL,NULL,NULL,NULL,NULL,1.757626,3.593153,174.570000
0,1,1,299.136730,438.560917,0.000000,NULL,NULL,NULL,NULL,NULL,2.253954,3.304496,174.570000
0,1,1,377.168484,119.833699,0.000000,NULL,NULL,NULL,NULL,NULL,3.812212,1.211213,174.570000
0,1,1,312.053287,309.098422,0.000000,NULL,NULL,NULL,NULL,NULL,2.841850,2.814940,174.570000
0,1,1,262.828500,-63.799342,0.000000,NULL,NULL,NULL,NULL,NULL,3.887118,-0.943564,174.570000
0,1,1,311.834729,21.442967,0.000000,NULL,NULL,NULL,NULL,NULL,3.990576,0.274408,174.570000
0,1,1,252.482520,486.300273,0.000000,NULL,NULL,NULL,NULL,NULL,1.843149,3.550043,174.570000
0,1,1,-261.722294,-104.822349,0.000000,NULL,NULL,NULL,NULL,NULL,-3.713254,-1.487195,174.570000
0,1,1,-406.342544,315.964300,0.000000,NULL,NULL,NULL,NULL,NULL,-3.157710,2.455376,174.570000
0,1,1,-400.014331,83.260629,0.000000,NULL,NULL,NULL,NULL,NULL,-3.916070,0.815107,174.570000
0,1,1,-318.376051,466.767464,0.000000,NULL,NULL,NULL,NULL,NULL,-2.253954,3.304496,174.570000
0,1,1,-353.092407,261.237135,0.000000,NULL,NULL,NULL,NULL,NULL,-3.215591,2.379070,174.570000
0,1,1,334.643469,260.212451,0.000000,NULL,NULL,NULL,NULL,NULL,3.157710,2.455376,174.570000
0,1,1,233.892078,-80.988320,0.000000,NULL,NULL,NULL,NULL,NULL,3.779816,-1.308813,174.570000
0,1,1,-346.849275,-11.715077,0.000000,NULL,NULL,NULL,NULL,NULL,-3.997720,-0.135026,174.570000
0,1,1,219.123567,-87.761141,0.000000,NULL,NULL,NULL,NULL,NULL,3.713254,-1.487195,174.570000
0,1,1,337.030862,367.434105,0.000000,NULL,NULL,NULL,NULL,NULL,2.703841,2.947752,174.570000
0,1,1,314.569110,326.878105,0.000000,NULL,NULL,NULL,NULL,NULL,2.773641,2.882172,174.570000
0,1,1,-376.292287,278.401679,0.000000,NULL,NULL,NULL,NULL,NULL,-3.215591,2.379070,174.570000
0,1,1,-319.505487,445.142249,0.000000,NULL,NULL,NULL,NULL,NULL,-2.332423,3.249585,174.570000
0,1,1,360.173908,87.893849,0.000000,NULL,NULL,NULL,NULL,NULL,3.885966,0.948299,174.570000
0,1,1,-169.695495,-147.093015,0.000000,NULL,NULL,NULL,NULL,NULL,-3.022548,-2.619962,174.570000
0,1,1,-358.127845,278.473459,0.000000,NULL,NULL,NULL,NULL,NULL,-3.157710,2.455376,174.570000
0,1,1,-230.180315,-118.711028,0.000000,NULL,NULL,NULL,NULL,NULL,-3.555060,-1.833453,174.570000
0,1,1,-381.562036,296.695444,0.000000,NULL,NULL,NULL,NULL,NULL,-3.157710,2.455376,174.570000
0,1,1,-358.844178,391.215180,0.000000,NULL,NULL,NULL,NULL,NULL,-2.703841,2.947752,174.570000
0,1,1,108.204784,-156.368873,0.000000,NULL,NULL,NULL,NULL,NULL,2.276120,-3.289267,174.570000
0,1,1,-246.003133,-112.390546,0.000000,NULL,NULL,NULL,NULL,NULL,-3.638278,-1.662207,174.570000
0,1,1,-67.658890,-177.712617,0.000000,NULL,NULL,NULL,NULL,NULL,-1.423225,-3.738239,174.570000
0,1,1,-335.515238,0.126386,0.000000,NULL,NULL,NULL,NULL,NULL,-4.000000,0.001507,174.570000
0,1,1,297.082708,-10.034177,0.000000,NULL,NULL,NULL,NULL,NULL,3.997720,-0.135026,174.570000
0,1,1,-386.164635,315.395781,0.000000,NULL,NULL,NULL,NULL,NULL,-3.098018,2.530273,174.570000
0,1,1,-139.521869,-161.076198,0.000000,NULL,NULL,NULL,NULL,NULL,-2.618891,-3.023476,174.570000
0,1,1,223.688065,518.843739,0.000000,NULL,NULL,NULL,NULL,NULL,1.583607,3.673171,174.570000
0,1,1,-214.336431,-123.792190,0.000000,NULL,NULL,NULL,NULL,NULL,-3.463787,-2.000545,174.570000
0,1,1,204.264529,-93.321584,0.000000,NULL,NULL,NULL,NULL,NULL,3.638278,-1.662207,174.570000
0,1,1,338.756067,387.546164,0.000000,NULL,NULL,NULL,NULL,NULL,2.632492,3.011642,174.570000
0,1,1,228.913927,497.829079,0.000000,NULL,NULL,NULL,NULL,NULL,1.671096,3.634204,174.570000
0,1,1,341.981012,59.081722,0.000000,NULL,NULL,NULL,NULL,NULL,3.941610,0.680965,174.570000
0,1,1,316.406738,344.949498,0.000000,NULL,NULL,NULL,NULL,NULL,2.703841,2.947752,174.570000
0,1,1,-323.850178,11.182535,0.000000,NULL,NULL,NULL,NULL,NULL,-3.997617,0.138038,174.570000
0,1,1,-295.666950,481.472980,0.000000,NULL,NULL,NULL,NULL,NULL,-2.093184,3.408604,174.570000
0,1,1,-379.323303,52.269722,0.000000,NULL,NULL,NULL,NULL,NULL,-3.962556,0.546029,174.570000
0,1,1,-357.734090,24.599185,0.000000,NULL,NULL,NULL,NULL,NULL,-3.990576,0.274408,174.570000
0,1,1,374.715795,162.886067,0.000000,NULL,NULL,NULL,NULL,NULL,3.668401,1.594626,174.570000
0,1,1,-198.552987,-127.647432,0.000000,NULL,NULL,NULL,NULL,NULL,-3.364666,-2.163105,174.570000
0,1,1,277.799930,452.377785,0.000000,NULL,NULL,NULL,NULL,NULL,2.093184,3.408604,174.570000
0,1,1,318.097271,363.911940,0.000000,NULL,NULL,NULL,NULL,NULL,2.632492,3.011642,174.570000
0,1,1,-297.830287,459.926623,0.000000,NULL,NULL,NULL,NULL,NULL,-2.174192,3.357512,174.570000
0,1,1,328.475277,68.370196,0.000000,NULL,NULL,NULL,NULL,NULL,3.916070,0.815107,174.570000
0,1,1,-340.182221,277.840143,0.000000,NULL,NULL,NULL,NULL,NULL,-3.098018,2.530273,174.570000
0,1,1,-390.751528,335.053646,0.000000,NULL,NULL,NULL,NULL,NULL,-3.036551,2.603720,174.570000
0,1,1,-81.733022,-171.695116,0.000000,NULL,NULL,NULL,NULL,NULL,-1.719279,-3.611659,174.570000
0,1,1,120.430894,-147.159436,0.000000,NULL,NULL,NULL,NULL,NULL,2.533300,-3.095543,174.570000
0,1,1,236.812287,179.662909,0.000000,NULL,NULL,NULL,NULL,NULL,3.186686,2.417650,174.570000
0,1,1,-389.970663,67.372566,0.000000,NULL,NULL,NULL,NULL,NULL,-3.941610,0.680965,174.570000
0,1,1,-362.533839,296.095585,0.000000,NULL,NULL,NULL,NULL,NULL,-3.098018,2.530273,174.570000
0,1,1,21.049453,-173.565775,0.000000,NULL,NULL,NULL,NULL,NULL,0.481577,-3.970905,174.570000
0,1,1,319.055452,383.146502,0.000000,NULL,NULL,NULL,NULL,NULL,2.559633,3.073805,174.570000
0,1,1,298.560861,341.561755,0.000000,NULL,NULL,NULL,NULL,NULL,2.632492,3.011642,174.570000
0,1,1,-339.705363,407.944515,0.000000,NULL,NULL,NULL,NULL,NULL,-2.559633,3.073805,174.570000
0,1,1,36.147245,-171.060032,0.000000,NULL,NULL,NULL,NULL,NULL,0.826991,-3.913577,174.570000
0,1,1,-311.850796,-21.208029,0.000000,NULL,NULL,NULL,NULL,NULL,-3.990782,-0.271401,174.570000
0,1,1,-366.921826,314.620640,0.000000,NULL,NULL,NULL,NULL,NULL,-3.036551,2.603720,174.570000
0,1,1,-344.386785,295.297753,0.000000,NULL,NULL,NULL,NULL,NULL,-3.036551,2.603720,174.570000
0,1,1,179.253136,-115.239780,0.000000,NULL,NULL,NULL,NULL,NULL,3.364666,-2.163105,174.570000
0,1,1,198.594630,528.956849,0.000000,NULL,NULL,NULL,NULL,NULL,1.405957,3.744768,174.570000
0,1,1,296.899035,323.682022,0.000000,NULL,NULL,NULL,NULL,NULL,2.703841,2.947752,174.570000
0,1,1,360.761126,128.334334,0.000000,NULL,NULL,NULL,NULL,NULL,3.768649,1.340630,174.570000
0,1,1,-5.790373,-174.741608,0.000000,NULL,NULL,NULL,NULL,NULL,-0.132474,-3.997806,174.570000
0,1,1,50.968067,-167.243577,0.000000,NULL,NULL,NULL,NULL,NULL,1.166067,-3.826263,174.570000
0,1,1,314.805177,76.822440,0.000000,NULL,NULL,NULL,NULL,NULL,3.885966,0.948299,174.570000
0,1,1,-272.279932,495.074555,0.000000,NULL,NULL,NULL,NULL,NULL,-1.927615,3.504897,174.570000
0,1,1,-368.786194,38.043606,0.000000,NULL,NULL,NULL,NULL,NULL,-3.978885,0.410458,174.570000
0,1,1,204.820470,508.216443,0.000000,NULL,NULL,NULL,NULL,NULL,1.495211,3.710033,174.570000
0,1,1,345.251662,96.850859,0.000000,NULL,NULL,NULL,NULL,NULL,3.851333,1.080386,174.570000
0,1,1,-370.623965,333.519864,0.000000,NULL,NULL,NULL,NULL,NULL,-2.973343,2.675674,174.570000
0,1,1,-275.472210,473.656457,0.000000,NULL,NULL,NULL,NULL,NULL,-2.010976,3.457741,174.570000
0,1,1,309.645150,42.668261,0.000000,NULL,NULL,NULL,NULL,NULL,3.962556,0.546029,174.570000
0,1,1,368.113856,145.287197,0.000000,NULL,NULL,NULL,NULL,NULL,3.720693,1.468483,174.570000
0,1,1,-21.049453,-173.565775,0.000000,NULL,NULL,NULL,NULL,NULL,-0.481577,-3.970905,174.570000
0,1,1,-182.910113,-130.295076,0.000000,NULL,NULL,NULL,NULL,NULL,-3.257922,-2.320764,174.570000
0,1,1,65.398357,-162.145653,0.000000,NULL,NULL,NULL,NULL,NULL,1.496209,-3.709631,174.570000
0,1,1,319.815917,403.318090,0.000000,NULL,NULL,NULL,NULL,NULL,2.485307,3.134207,174.570000
0,1,1,10.146084,297.078907,0.000000,NULL,NULL,NULL,NULL,NULL,0.136532,3.997669,174.570000
0,1,1,255.826178,465.157422,0.000000,NULL,NULL,NULL,NULL,NULL,1.927615,3.504897,174.570000
0,1,1,299.531308,359.700397,0.000000,NULL,NULL,NULL,NULL,NULL,2.559633,3.073805,174.570000
0,1,1,-393.401707,110.358030,0.000000,NULL,NULL,NULL,NULL,NULL,-3.851333,1.080386,174.570000
0,1,1,173.045850,537.857146,0.000000,NULL,NULL,NULL,NULL,NULL,1.225084,3.807778,174.570000
0,1,1,226.474061,-66.533112,0.000000,NULL,NULL,NULL,NULL,NULL,3.837815,-1.127466,174.570000
0,1,1,280.653146,-26.834592,0.000000,NULL,NULL,NULL,NULL,NULL,3.981840,-0.380723,174.570000
0,1,1,-95.277573,-164.565136,0.000000,NULL,NULL,NULL,NULL,NULL,-2.004193,-3.461678,174.570000
0,1,1,300.312173,378.722026,0.000000,NULL,NULL,NULL,NULL,NULL,2.485307,3.134207,174.570000
0,1,1,-154.202421,-147.083333,0.000000,NULL,NULL,NULL,NULL,NULL,-2.894452,-2.760824,174.570000
0,1,1,-288.830890,-70.253375,0.000000,NULL,NULL,NULL,NULL,NULL,-3.886679,-0.945371,174.570000
0,1,1,-319.787658,423.738498,0.000000,NULL,NULL,NULL,NULL,NULL,-2.409556,3.192811,174.570000
0,1,1,131.876685,-136.996496,0.000000,NULL,NULL,NULL,NULL,NULL,2.774066,-2.881763,174.570000
0,1,1,-10.146084,297.078907,0.000000,NULL,NULL,NULL,NULL,NULL,-0.136532,3.997669,174.570000
0,1,1,297.075064,10.257991,0.000000,NULL,NULL,NULL,NULL,NULL,3.997617,0.138038,174.570000
0,1,1,-248.268618,507.541002,0.000000,NULL,NULL,NULL,NULL,NULL,-1.757626,3.593153,174.570000
0,1,1,254.302209,-49.047650,0.000000,NULL,NULL,NULL,NULL,NULL,3.927615,-0.757525,174.570000
0,1,1,-326.492051,293.806108,0.000000,NULL,NULL,NULL,NULL,NULL,-2.973343,2.675674,174.570000
0,1,1,-374.264580,353.374768,0.000000,NULL,NULL,NULL,NULL,NULL,-2.908430,2.746094,174.570000
0,1,1,240.531843,-58.387022,0.000000,NULL,NULL,NULL,NULL,NULL,3.887118,-0.943564,174.570000
0,1,1,353.338010,112.262297,0.000000,NULL,NULL,NULL,NULL,NULL,3.812212,1.211213,174.570000
0,1,1,-36.147245,-171.060032,0.000000,NULL,NULL,NULL,NULL,NULL,-0.826991,-3.913577,174.570000
0,1,1,-346.840351,11.976384,0.000000,NULL,NULL,NULL,NULL,NULL,-3.997617,0.138038,174.570000
0,1,1,-347.944159,313.110591,0.000000,NULL,NULL,NULL,NULL,NULL,-2.973343,2.675674,174.570000
0,1,1,180.257393,517.438547,0.000000,NULL,NULL,NULL,NULL,NULL,1.315898,3.777355,174.570000
0,1,1,300.348498,397.980406,0.000000,NULL,NULL,NULL,NULL,NULL,2.409556,3.192811,174.570000
0,1,1,212.210910,-73.480920,0.000000,NULL,NULL,NULL,NULL,NULL,3.779816,-1.308813,174.570000
0,1,1,267.703180,-38.525101,0.000000,NULL,NULL,NULL,NULL,NULL,3.959212,-0.569769,174.570000
0,1,1,79.327546,-155.805322,0.000000,NULL,NULL,NULL,NULL,NULL,1.814886,-3.564574,174.570000
0,1,1,-252.482520,486.300273,0.000000,NULL,NULL,NULL,NULL,NULL,-1.843149,3.550043,174.570000
0,1,1,281.868061,355.462258,0.000000,NULL,NULL,NULL,NULL,NULL,2.485307,3.134207,174.570000
0,1,1,-270.501761,-79.467484,0.000000,NULL,NULL,NULL,NULL,NULL,-3.837815,-1.127466,174.570000
0,1,1,-334.724827,23.016979,0.000000,NULL,NULL,NULL,NULL,NULL,-3.990576,0.274408,174.570000
0,1,1,-351.440323,331.824461,0.000000,NULL,NULL,NULL,NULL,NULL,-2.908430,2.746094,174.570000
0,1,1,-329.856101,311.444976,0.000000,NULL,NULL,NULL,NULL,NULL,-2.908430,2.746094,174.570000
0,1,1,147.100302,545.524222,0.000000,NULL,NULL,NULL,NULL,NULL,1.041401,3.862057,174.570000
0,1,1,281.064040,337.523472,0.000000,NULL,NULL,NULL,NULL,NULL,2.559633,3.073805,174.570000
0,1,1,-240.422930,-96.291745,0.000000,NULL,NULL,NULL,NULL,NULL,-3.713254,-1.487195,174.570000
0,1,1,-223.688065,518.843739,0.000000,NULL,NULL,NULL,NULL,NULL,-1.583607,3.673171,174.570000
0,1,1,-225.133831,-102.856065,0.000000,NULL,NULL,NULL,NULL,NULL,-3.638278,-1.662207,174.570000
0,1,1,-354.233514,350.879240,0.000000,NULL,NULL,NULL,NULL,NULL,-2.841850,2.814940,174.570000
0,1,1,-322.332630,33.251504,0.000000,NULL,NULL,NULL,NULL,NULL,-3.978885,0.410458,174.570000
0,1,1,-255.573245,-88.495720,0.000000,NULL,NULL,NULL,NULL,NULL,-3.779816,-1.308813,174.570000
0,1,1,-209.788358,-108.194272,0.000000,NULL,NULL,NULL,NULL,NULL,-3.555060,-1.833453,174.570000
0,1,1,233.265858,476.870528,0.000000,NULL,NULL,NULL,NULL,NULL,1.757626,3.593153,174.570000
0,1,1,155.281015,525.474247,0.000000,NULL,NULL,NULL,NULL,NULL,1.133568,3.836017,174.570000
0,1,1,-374.873278,78.027667,0.000000,NULL,NULL,NULL,NULL,NULL,-3.916070,0.815107,174.570000
0,1,1,-50.968067,-167.243577,0.000000,NULL,NULL,NULL,NULL,NULL,-1.166067,-3.826263,174.570000
0,1,1,-283.297039,90.008931,0.000000,NULL,NULL,NULL,NULL,NULL,-3.812212,1.211213,174.570000
0,1,1,-299.136730,438.560917,0.000000,NULL,NULL,NULL,NULL,NULL,-2.253954,3.304496,174.570000
0,1,1,-355.222224,48.948659,0.000000,NULL,NULL,NULL,NULL,NULL,-3.962556,0.546029,174.570000
0,1,1,300.142480,418.165271,0.000000,NULL,NULL,NULL,NULL,NULL,2.332423,3.249585,174.570000
0,1,1,362.729588,188.071912,0.000000,NULL,NULL,NULL,NULL,NULL,3.551059,1.841191,174.570000
0,1,1,281.969099,373.626561,0.000000,NULL,NULL,NULL,NULL,NULL,2.409556,3.192811,174.570000
0,1,1,337.153244,82.276077,0.000000,NULL,NULL,NULL,NULL,NULL,3.885966,0.948299,174.570000
0,1,1,-228.913927,497.829079,0.000000,NULL,NULL,NULL,NULL,NULL,-1.671096,3.634204,174.570000
0,1,1,92.648904,-148.271165,0.000000,NULL,NULL,NULL,NULL,NULL,2.119657,-3.392205,174.570000
0,1,1,281.838506,392.663763,0.000000,NULL,NULL,NULL,NULL,NULL,2.332423,3.249585,174.570000
0,1,1,-108.204784,-156.368873,0.000000,NULL,NULL,NULL,NULL,NULL,-2.276120,-3.289267,174.570000
0,1,1,120.817478,551.940498,0.000000,NULL,NULL,NULL,NULL,NULL,0.855331,3.907481,174.570000
0,1,1,142.467995,-125.945902,0.000000,NULL,NULL,NULL,NULL,NULL,2.996858,-2.649310,174.570000
0,1,1,323.045262,90.621464,0.000000,NULL,NULL,NULL,NULL,NULL,3.851333,1.080386,174.570000
0,1,1,189.396400,-97.677516,0.000000,NULL,NULL,NULL,NULL,NULL,3.555060,-1.833453,174.570000
0,1,1,-384.465421,93.821748,0.000000,NULL,NULL,NULL,NULL,NULL,-3.885966,0.948299,174.570000
0,1,1,-312.053287,309.098422,0.000000,NULL,NULL,NULL,NULL,NULL,-2.841850,2.814940,174.570000
0,1,1,-198.594630,528.956849,0.000000,NULL,NULL,NULL,NULL,NULL,-1.405957,3.744768,174.570000
0,1,1,-312.571088,0.117743,0.000000,NULL,NULL,NULL,NULL,NULL,-4.000000,0.001507,174.570000
0,1,1,-332.556699,329.407684,0.000000,NULL,NULL,NULL,NULL,NULL,-2.841850,2.814940,174.570000
0,1,1,280.952893,411.901803,0.000000,NULL,NULL,NULL,NULL,NULL,2.253954,3.304496,174.570000
0,1,1,129.948602,532.305118,0.000000,NULL,NULL,NULL,NULL,NULL,0.948638,3.885883,174.570000
0,1,1,-194.468020,-112.316986,0.000000,NULL,NULL,NULL,NULL,NULL,-3.463787,-2.000545,174.570000
0,1,1,-356.919503,370.885657,0.000000,NULL,NULL,NULL,NULL,NULL,-2.773641,2.882172,174.570000
0,1,1,-334.643469,260.212451,0.000000,NULL,NULL,NULL,NULL,NULL,-3.157710,2.455376,174.570000
0,1,1,308.830352,98.121356,0.000000,NULL,NULL,NULL,NULL,NULL,3.812212,1.211213,174.570000
0,1,1,264.528981,368.547742,0.000000,NULL,NULL,NULL,NULL,NULL,2.332423,3.249585,174.570000
0,1,1,337.839433,120.180351,0.000000,NULL,NULL,NULL,NULL,NULL,3.768649,1.340630,174.570000
0,1,1,94.257638,557.091261,0.000000,NULL,NULL,NULL,NULL,NULL,0.667300,3.943946,174.570000
0,1,1,-365.331314,63.115794,0.000000,NULL,NULL,NULL,NULL,NULL,-3.941610,0.680965,174.570000
0,1,1,-204.820470,508.216443,0.000000,NULL,NULL,NULL,NULL,NULL,-1.495211,3.710033,174.570000
0,1,1,-173.045850,537.857146,0.000000,NULL,NULL,NULL,NULL,NULL,-1.225084,3.807778,174.570000
0,1,1,-65.398357,-162.145653,0.000000,NULL,NULL,NULL,NULL,NULL,-1.496209,-3.709631,174.570000
0,1,1,210.170696,487.490246,0.000000,NULL,NULL,NULL,NULL,NULL,1.583607,3.673171,174.570000
0,1,1,264.584610,350.591033,0.000000,NULL,NULL,NULL,NULL,NULL,2.409556,3.192811,174.570000
0,1,1,-335.153024,348.267461,0.000000,NULL,NULL,NULL,NULL,NULL,-2.773641,2.882172,174.570000
0,1,1,306.012553,63.694712,0.000000,NULL,NULL,NULL,NULL,NULL,3.916070,0.815107,174.570000
0,1,1,-314.569110,326.878105,0.000000,NULL,NULL,NULL,NULL,NULL,-2.773641,2.882172,174.570000
0,1,1,351.164764,152.648616,0.000000,NULL,NULL,NULL,NULL,NULL,3.668401,1.594626,174.570000
0,1,1,-384.955741,136.941137,0.000000,NULL,NULL,NULL,NULL,NULL,-3.768649,1.340630,174.570000
0,1,1,-277.799930,452.377785,0.000000,NULL,NULL,NULL,NULL,NULL,-2.093184,3.408604,174.570000
0,1,1,105.260359,-139.600912,0.000000,NULL,NULL,NULL,NULL,NULL,2.408187,-3.193843,174.570000
0,1,1,-167.486283,-131.758257,0.000000,NULL,NULL,NULL,NULL,NULL,-3.143797,-2.473165,174.570000
0,1,1,67.481680,560.964704,0.000000,NULL,NULL,NULL,NULL,NULL,0.477739,3.971368,174.570000
0,1,1,-147.100302,545.524222,0.000000,NULL,NULL,NULL,NULL,NULL,-1.041401,3.862057,174.570000
0,1,1,-337.030862,367.434105,0.000000,NULL,NULL,NULL,NULL,NULL,-2.703841,2.947752,174.570000
0,1,1,104.318237,537.915499,0.000000,NULL,NULL,NULL,NULL,NULL,0.761534,3.926839,174.570000
0,1,1,-236.812287,179.662909,0.000000,NULL,NULL,NULL,NULL,NULL,-3.186686,2.417650,174.570000
0,1,1,-180.257393,517.438547,0.000000,NULL,NULL,NULL,NULL,NULL,-1.315898,3.777355,174.570000
0,1,1,263.760381,386.696058,0.000000,NULL,NULL,NULL,NULL,NULL,2.253954,3.304496,174.570000
0,1,1,279.780863,432.053667,0.000000,NULL,NULL,NULL,NULL,NULL,2.174192,3.357512,174.570000
0,1,1,357.343734,170.063625,0.000000,NULL,NULL,NULL,NULL,NULL,3.611835,1.718910,174.570000
0,1,1,231.773264,-44.702458,0.000000,NULL,NULL,NULL,NULL,NULL,3.927615,-0.757525,174.570000
0,1,1,218.235187,-52.974702,0.000000,NULL,NULL,NULL,NULL,NULL,3.887118,-0.943564,174.570000
0,1,1,344.855476,136.107579,0.000000,NULL,NULL,NULL,NULL,NULL,3.720693,1.468483,174.570000
0,1,1,40.550997,563.551943,0.000000,NULL,NULL,NULL,NULL,NULL,0.287082,3.989685,174.570000
0,1,1,-120.817478,551.940498,0.000000,NULL,NULL,NULL,NULL,NULL,-0.855331,3.907481,174.570000
0,1,1,-120.430894,-147.159436,0.000000,NULL,NULL,NULL,NULL,NULL,-2.533300,-3.095543,174.570000
0,1,1,262.718628,405.705184,0.000000,NULL,NULL,NULL,NULL,NULL,2.174192,3.357512,174.570000
0,1,1,368.450816,209.620532,0.000000,NULL,NULL,NULL,NULL,NULL,3.476717,1.977988,174.570000
0,1,1,78.448687,542.292524,0.000000,NULL,NULL,NULL,NULL,NULL,0.572684,3.958792,174.570000
0,1,1,-155.281015,525.474247,0.000000,NULL,NULL,NULL,NULL,NULL,-1.133568,3.836017,174.570000
0,1,1,152.136200,-114.079255,0.000000,NULL,NULL,NULL,NULL,NULL,3.200231,-2.399692,174.570000
0,1,1,-345.215072,35.612033,0.000000,NULL,NULL,NULL,NULL,NULL,-3.978885,0.410458,174.570000
0,1,1,-94.257638,557.091261,0.000000,NULL,NULL,NULL,NULL,NULL,-0.667300,3.943946,174.570000
0,1,1,186.593646,496.992225,0.000000,NULL,NULL,NULL,NULL,NULL,1.405957,3.744768,174.570000
0,1,1,13.527338,564.847047,0.000000,NULL,NULL,NULL,NULL,NULL,0.095767,3.998853,174.570000
0,1,1,-332.374522,45.800307,0.000000,NULL,NULL,NULL,NULL,NULL,-3.962556,0.546029,174.570000
0,1,1,-79.327546,-155.805322,0.000000,NULL,NULL,NULL,NULL,NULL,-1.814886,-3.564574,174.570000
0,1,1,-316.406738,344.949498,0.000000,NULL,NULL,NULL,NULL,NULL,-2.703841,2.947752,174.570000
0,1,1,260.913108,424.878775,0.000000,NULL,NULL,NULL,NULL,NULL,2.093184,3.408604,174.570000
0,1,1,-338.756067,387.546164,0.000000,NULL,NULL,NULL,NULL,NULL,-2.632492,3.011642,174.570000
0,1,1,-67.481680,560.964704,0.000000,NULL,NULL,NULL,NULL,NULL,-0.477739,3.971368,174.570000
0,1,1,-13.527338,564.847047,0.000000,NULL,NULL,NULL,NULL,NULL,-0.095767,3.998853,174.570000
0,1,1,-255.826178,465.157422,0.000000,NULL,NULL,NULL,NULL,NULL,-1.927615,3.504897,174.570000
0,1,1,-40.550997,563.551943,0.000000,NULL,NULL,NULL,NULL,NULL,-0.287082,3.989685,174.570000
0,1,1,244.992988,-35.256883,0.000000,NULL,NULL,NULL,NULL,NULL,3.959212,-0.569769,174.570000
0,1,1,-296.899035,323.682022,0.000000,NULL,NULL,NULL,NULL,NULL,-2.703841,2.947752,174.570000
0,1,1,-129.948602,532.305118,0.000000,NULL,NULL,NULL,NULL,NULL,-0.948638,3.885883,174.570000
0,1,1,52.399267,545.426159,0.000000,NULL,NULL,NULL,NULL,NULL,0.382520,3.981668,174.570000
0,1,1,26.494466,-157.302900,0.000000,NULL,NULL,NULL,NULL,NULL,0.664361,-3.944442,174.570000
0,1,1,11.301102,-159.117705,0.000000,NULL,NULL,NULL,NULL,NULL,0.283380,-3.989949,174.570000
0,1,1,-319.312938,55.165514,0.000000,NULL,NULL,NULL,NULL,NULL,-3.941610,0.680965,174.570000
0,1,1,-318.097271,363.911940,0.000000,NULL,NULL,NULL,NULL,NULL,-2.632492,3.011642,174.570000
0,1,1,247.498530,362.854745,0.000000,NULL,NULL,NULL,NULL,NULL,2.253954,3.304496,174.570000
0,1,1,-394.666589,154.709583,0.000000,NULL,NULL,NULL,NULL,NULL,-3.724090,1.459846,174.570000
0,1,1,257.813161,-24.650751,0.000000,NULL,NULL,NULL,NULL,NULL,3.981840,-0.380723,174.570000
0,1,1,-298.560861,341.561755,0.000000,NULL,NULL,NULL,NULL,NULL,-2.632492,3.011642,174.570000
0,1,1,246.583379,380.788206,0.000000,NULL,NULL,NULL,NULL,NULL,2.174192,3.357512,174.570000
0,1,1,-219.123567,-87.761141,0.000000,NULL,NULL,NULL,NULL,NULL,-3.713254,-1.487195,174.570000
0,1,1,281.933118,-0.033288,0.000000,NULL,NULL,NULL,NULL,NULL,4.000000,-0.000472,174.570000
0,1,1,117.065279,-129.860996,0.000000,NULL,NULL,NULL,NULL,NULL,2.678264,-2.971010,174.570000
0,1,1,41.444052,-154.040740,0.000000,NULL,NULL,NULL,NULL,NULL,1.039229,-3.862642,174.570000
0,1,1,-319.055452,383.146502,0.000000,NULL,NULL,NULL,NULL,NULL,-2.559633,3.073805,174.570000
0,1,1,26.229704,547.309219,0.000000,NULL,NULL,NULL,NULL,NULL,0.191480,3.995414,174.570000
0,1,1,-368.676260,103.421986,0.000000,NULL,NULL,NULL,NULL,NULL,-3.851333,1.080386,174.570000
0,1,1,-104.318237,537.915499,0.000000,NULL,NULL,NULL,NULL,NULL,-0.761534,3.926839,174.570000
0,1,1,-11.301102,-159.117705,0.000000,NULL,NULL,NULL,NULL,NULL,-0.283380,-3.989949,174.570000
0,1,1,-233.892078,-80.988320,0.000000,NULL,NULL,NULL,NULL,NULL,-3.779816,-1.308813,174.570000
0,1,1,270.153136,-12.901918,0.000000,NULL,NULL,NULL,NULL,NULL,3.995446,-0.190814,174.570000
0,1,1,-351.054941,73.070020,0.000000,NULL,NULL,NULL,NULL,NULL,-3.916070,0.815107,174.570000
0,1,1,-276.831155,-53.392841,0.000000,NULL,NULL,NULL,NULL,NULL,-3.927615,-0.757525,174.570000
0,1,1,-248.487911,-73.000298,0.000000,NULL,NULL,NULL,NULL,NULL,-3.837815,-1.127466,174.570000
0,1,1,349.052978,212.381298,0.000000,NULL,NULL,NULL,NULL,NULL,3.417167,2.079175,174.570000
0,1,1,-78.448687,542.292524,0.000000,NULL,NULL,NULL,NULL,NULL,-0.572684,3.958792,174.570000
0,1,1,162.588767,505.354681,0.000000,NULL,NULL,NULL,NULL,NULL,1.225084,3.807778,174.570000
0,1,1,-311.834729,21.442967,0.000000,NULL,NULL,NULL,NULL,NULL,-3.990576,0.274408,174.570000
0,1,1,321.803485,275.933486,0.000000,NULL,NULL,NULL,NULL,NULL,3.036551,2.603720,174.570000
0,1,1,-204.264529,-93.321584,0.000000,NULL,NULL,NULL,NULL,NULL,-3.638278,-1.662207,174.570000
0,1,1,-52.399267,545.426159,0.000000,NULL,NULL,NULL,NULL,NULL,-0.382520,3.981668,174.570000
0,1,1,-26.229704,547.309219,0.000000,NULL,NULL,NULL,NULL,NULL,-0.191480,3.995414,174.570000
0,1,1,56.012309,-149.361241,0.000000,NULL,NULL,NULL,NULL,NULL,1.404534,-3.745302,174.570000
0,1,1,258.777754,444.951431,0.000000,NULL,NULL,NULL,NULL,NULL,2.010976,3.457741,174.570000
0,1,1,0.000000,547.937385,0.000000,NULL,NULL,NULL,NULL,NULL,0.000000,4.000000,174.570000
0,1,1,330.754265,105.087006,0.000000,NULL,NULL,NULL,NULL,NULL,3.812212,1.211213,174.570000
0,1,1,197.824204,-79.230537,0.000000,NULL,NULL,NULL,NULL,NULL,3.713254,-1.487195,174.570000
0,1,1,127.636284,268.454463,0.000000,NULL,NULL,NULL,NULL,NULL,1.717549,3.612482,174.570000
0,1,1,-233.265858,476.870528,0.000000,NULL,NULL,NULL,NULL,NULL,-1.757626,3.593153,174.570000
0,1,1,-377.168484,119.833699,0.000000,NULL,NULL,NULL,NULL,NULL,-3.812212,1.211213,174.570000
0,1,1,242.996379,417.816388,0.000000,NULL,NULL,NULL,NULL,NULL,2.010976,3.457741,174.570000
0,1,1,244.946902,398.878923,0.000000,NULL,NULL,NULL,NULL,NULL,2.093184,3.408604,174.570000
0,1,1,316.109783,112.450416,0.000000,NULL,NULL,NULL,NULL,NULL,3.768649,1.340630,174.570000
0,1,1,-262.828500,-63.799342,0.000000,NULL,NULL,NULL,NULL,NULL,-3.887118,-0.943564,174.570000
0,1,1,-26.494466,-157.302900,0.000000,NULL,NULL,NULL,NULL,NULL,-0.664361,-3.944442,174.570000
0,1,1,-299.531308,359.700397,0.000000,NULL,NULL,NULL,NULL,NULL,-2.559633,3.073805,174.570000
0,1,1,-319.815917,403.318090,0.000000,NULL,NULL,NULL,NULL,NULL,-2.485307,3.134207,174.570000
0,1,1,-131.876685,-136.996496,0.000000,NULL,NULL,NULL,NULL,NULL,-2.774066,-2.881763,174.570000
0,1,1,-92.648904,-148.271165,0.000000,NULL,NULL,NULL,NULL,NULL,-2.119657,-3.392205,174.570000
0,1,1,301.416307,118.963005,0.000000,NULL,NULL,NULL,NULL,NULL,3.720693,1.468483,174.570000
0,1,1,240.275091,436.881568,0.000000,NULL,NULL,NULL,NULL,NULL,1.927615,3.504897,174.570000
0,1,1,-300.312173,378.722026,0.000000,NULL,NULL,NULL,NULL,NULL,-2.485307,3.134207,174.570000
0,1,1,-281.064040,337.523472,0.000000,NULL,NULL,NULL,NULL,NULL,-2.559633,3.073805,174.570000
0,1,1,138.211097,512.558439,0.000000,NULL,NULL,NULL,NULL,NULL,1.041401,3.862057,174.570000
0,1,1,70.065193,-143.307459,0.000000,NULL,NULL,NULL,NULL,NULL,1.756917,-3.593500,174.570000
0,1,1,300.953869,84.424331,0.000000,NULL,NULL,NULL,NULL,NULL,3.851333,1.080386,174.570000
0,1,1,229.844975,374.286489,0.000000,NULL,NULL,NULL,NULL,NULL,2.093184,3.408604,174.570000
0,1,1,-281.868061,355.462258,0.000000,NULL,NULL,NULL,NULL,NULL,-2.485307,3.134207,174.570000
0,1,1,-360.173908,87.893849,0.000000,NULL,NULL,NULL,NULL,NULL,-3.885966,0.948299,174.570000
0,1,1,160.818655,-101.473444,0.000000,NULL,NULL,NULL,NULL,NULL,3.382869,-2.134525,174.570000
0,1,1,228.072400,392.155582,0.000000,NULL,NULL,NULL,NULL,NULL,2.010976,3.457741,174.570000
0,1,1,-300.348498,397.980406,0.000000,NULL,NULL,NULL,NULL,NULL,-2.409556,3.192811,174.570000
0,1,1,-179.253136,-115.239780,0.000000,NULL,NULL,NULL,NULL,NULL,-3.364666,-2.163105,174.570000
0,1,1,-210.170696,487.490246,0.000000,NULL,NULL,NULL,NULL,NULL,-1.583607,3.673171,174.570000
0,1,1,127.973211,-119.126047,0.000000,NULL,NULL,NULL,NULL,NULL,2.927820,-2.725412,174.570000
0,1,1,328.852795,142.949775,0.000000,NULL,NULL,NULL,NULL,NULL,3.668401,1.594626,174.570000
0,1,1,339.931895,176.251520,0.000000,NULL,NULL,NULL,NULL,NULL,3.551059,1.841191,174.570000
0,1,1,-41.444052,-154.040740,0.000000,NULL,NULL,NULL,NULL,NULL,-1.039229,-3.862642,174.570000
0,1,1,-297.082708,-10.034177,0.000000,NULL,NULL,NULL,NULL,NULL,-3.997720,-0.135026,174.570000
0,1,1,237.181309,456.828993,0.000000,NULL,NULL,NULL,NULL,NULL,1.843149,3.550043,174.570000
0,1,1,222.282796,-31.988664,0.000000,NULL,NULL,NULL,NULL,NULL,3.959212,-0.569769,174.570000
0,1,1,113.516532,518.586982,0.000000,NULL,NULL,NULL,NULL,NULL,0.855331,3.907481,174.570000
0,1,1,-374.715795,162.886067,0.000000,NULL,NULL,NULL,NULL,NULL,-3.668401,1.594626,174.570000
0,1,1,222.716977,428.969605,0.000000,NULL,NULL,NULL,NULL,NULL,1.843149,3.550043,174.570000
0,1,1,-281.969099,373.626561,0.000000,NULL,NULL,NULL,NULL,NULL,-2.409556,3.192811,174.570000
0,1,1,225.571798,410.147222,0.000000,NULL,NULL,NULL,NULL,NULL,1.927615,3.504897,174.570000
0,1,1,-300.142480,418.165271,0.000000,NULL,NULL,NULL,NULL,NULL,-2.332423,3.249585,174.570000
0,1,1,-281.838506,392.663763,0.000000,NULL,NULL,NULL,NULL,NULL,-2.332423,3.249585,174.570000
0,1,1,344.908309,194.047517,0.000000,NULL,NULL,NULL,NULL,NULL,3.486144,1.961326,174.570000
0,1,1,83.473402,-135.935096,0.000000,NULL,NULL,NULL,NULL,NULL,2.093134,-3.408635,174.570000
0,1,1,-186.593646,496.992225,0.000000,NULL,NULL,NULL,NULL,NULL,-1.405957,3.744768,174.570000
0,1,1,219.086161,447.882661,0.000000,NULL,NULL,NULL,NULL,NULL,1.757626,3.593153,174.570000
0,1,1,234.973176,-22.466911,0.000000,NULL,NULL,NULL,NULL,NULL,3.981840,-0.380723,174.570000
0,1,1,-264.584610,350.591033,0.000000,NULL,NULL,NULL,NULL,NULL,-2.409556,3.192811,174.570000
0,1,1,-328.475277,68.370196,0.000000,NULL,NULL,NULL,NULL,NULL,-3.916070,0.815107,174.570000
0,1,1,-127.636284,268.454463,0.000000,NULL,NULL,NULL,NULL,NULL,-1.717549,3.612482,174.570000
0,1,1,-341.981012,59.081722,0.000000,NULL,NULL,NULL,NULL,NULL,-3.941610,0.680965,174.570000
0,1,1,-280.952893,411.901803,0.000000,NULL,NULL,NULL,NULL,NULL,-2.253954,3.304496,174.570000
0,1,1,-314.805177,76.822440,0.000000,NULL,NULL,NULL,NULL,NULL,-3.885966,0.948299,174.570000
0,1,1,-264.528981,368.547742,0.000000,NULL,NULL,NULL,NULL,NULL,-2.332423,3.249585,174.570000
0,1,1,211.664421,384.860054,0.000000,NULL,NULL,NULL,NULL,NULL,1.927615,3.504897,174.570000
0,1,1,209.038488,402.623808,0.000000,NULL,NULL,NULL,NULL,NULL,1.843149,3.550043,174.570000
0,1,1,334.765838,159.318568,0.000000,NULL,NULL,NULL,NULL,NULL,3.611835,1.718910,174.570000
0,1,1,-105.260359,-139.600912,0.000000,NULL,NULL,NULL,NULL,NULL,-2.408187,-3.193843,174.570000
0,1,1,88.561691,523.426488,0.000000,NULL,NULL,NULL,NULL,NULL,0.667300,3.943946,174.570000
0,1,1,20.292362,423.420585,0.000000,NULL,NULL,NULL,NULL,NULL,0.191480,3.995414,174.570000
0,1,1,-56.012309,-149.361241,0.000000,NULL,NULL,NULL,NULL,NULL,-1.404534,-3.745302,174.570000
0,1,1,-162.588767,505.354681,0.000000,NULL,NULL,NULL,NULL,NULL,-1.225084,3.807778,174.570000
0,1,1,-360.761126,128.334334,0.000000,NULL,NULL,NULL,NULL,NULL,-3.768649,1.340630,174.570000
0,1,1,-142.467995,-125.945902,0.000000,NULL,NULL,NULL,NULL,NULL,-2.996858,-2.649310,174.570000
0,1,1,-309.645150,42.668261,0.000000,NULL,NULL,NULL,NULL,NULL,-3.962556,0.546029,174.570000
0,1,1,-226.474061,-66.533112,0.000000,NULL,NULL,NULL,NULL,NULL,-3.837815,-1.127466,174.570000
0,1,1,-212.210910,-73.480920,0.000000,NULL,NULL,NULL,NULL,NULL,-3.779816,-1.308813,174.570000
0,1,1,201.926921,439.139263,0.000000,NULL,NULL,NULL,NULL,NULL,1.671096,3.634204,174.570000
0,1,1,215.041044,467.659119,0.000000,NULL,NULL,NULL,NULL,NULL,1.671096,3.634204,174.570000
0,1,1,333.749703,235.700940,0.000000,NULL,NULL,NULL,NULL,NULL,3.267351,2.307471,174.570000
0,1,1,-138.211097,512.558439,0.000000,NULL,NULL,NULL,NULL,NULL,-1.041401,3.862057,174.570000
0,1,1,63.403792,527.065859,0.000000,NULL,NULL,NULL,NULL,NULL,0.477739,3.971368,174.570000
0,1,1,-345.251662,96.850859,0.000000,NULL,NULL,NULL,NULL,NULL,-3.851333,1.080386,174.570000
0,1,1,-368.113856,145.287197,0.000000,NULL,NULL,NULL,NULL,NULL,-3.720693,1.468483,174.570000
0,1,1,205.679495,420.475119,0.000000,NULL,NULL,NULL,NULL,NULL,1.757626,3.593153,174.570000
0,1,1,137.900575,-107.478320,0.000000,NULL,NULL,NULL,NULL,NULL,3.154942,-2.458930,174.570000
0,1,1,-263.760381,386.696058,0.000000,NULL,NULL,NULL,NULL,NULL,-2.253954,3.304496,174.570000
0,1,1,247.235105,-11.807403,0.000000,NULL,NULL,NULL,NULL,NULL,3.995446,-0.190814,174.570000
0,1,1,168.459104,-88.210147,0.000000,NULL,NULL,NULL,NULL,NULL,3.543588,-1.855527,174.570000
0,1,1,96.113567,-127.311984,0.000000,NULL,NULL,NULL,NULL,NULL,2.410092,-3.192406,174.570000
0,1,1,197.394901,457.856830,0.000000,NULL,NULL,NULL,NULL,NULL,1.583607,3.673171,174.570000
0,1,1,-279.780863,432.053667,0.000000,NULL,NULL,NULL,NULL,NULL,-2.174192,3.357512,174.570000
0,1,1,-113.516532,518.586982,0.000000,NULL,NULL,NULL,NULL,NULL,-0.855331,3.907481,174.570000
0,1,1,-262.718628,405.705184,0.000000,NULL,NULL,NULL,NULL,NULL,-2.174192,3.357512,174.570000
0,1,1,204.460212,-60.065926,0.000000,NULL,NULL,NULL,NULL,NULL,3.837815,-1.127466,174.570000
0,1,1,-247.498530,362.854745,0.000000,NULL,NULL,NULL,NULL,NULL,-2.253954,3.304496,174.570000
0,1,1,322.813896,127.408207,0.000000,NULL,NULL,NULL,NULL,NULL,3.720693,1.468483,174.570000
0,1,1,38.100519,529.496753,0.000000,NULL,NULL,NULL,NULL,NULL,0.287082,3.989685,174.570000
0,1,1,-20.292362,423.420585,0.000000,NULL,NULL,NULL,NULL,NULL,-0.191480,3.995414,174.570000
0,1,1,258.988966,-0.030579,0.000000,NULL,NULL,NULL,NULL,NULL,4.000000,-0.000472,174.570000
0,1,1,-240.531843,-58.387022,0.000000,NULL,NULL,NULL,NULL,NULL,-3.887118,-0.943564,174.570000
0,1,1,-260.913108,424.878775,0.000000,NULL,NULL,NULL,NULL,NULL,-2.093184,3.408604,174.570000
0,1,1,-297.075064,10.257991,0.000000,NULL,NULL,NULL,NULL,NULL,-3.997617,0.138038,174.570000
0,1,1,189.525283,412.168882,0.000000,NULL,NULL,NULL,NULL,NULL,1.671096,3.634204,174.570000
0,1,1,192.998556,394.551196,0.000000,NULL,NULL,NULL,NULL,NULL,1.757626,3.593153,174.570000
0,1,1,-88.561691,523.426488,0.000000,NULL,NULL,NULL,NULL,NULL,-0.667300,3.943946,174.570000
0,1,1,-254.302209,-49.047650,0.000000,NULL,NULL,NULL,NULL,NULL,-3.927615,-0.757525,174.570000
0,1,1,12.709887,530.713595,0.000000,NULL,NULL,NULL,NULL,NULL,0.095767,3.998853,174.570000
0,1,1,-70.065193,-143.307459,0.000000,NULL,NULL,NULL,NULL,NULL,-1.756917,-3.593500,174.570000
0,1,1,-246.583379,380.788206,0.000000,NULL,NULL,NULL,NULL,NULL,-2.174192,3.357512,174.570000
0,1,1,294.492672,104.760514,0.000000,NULL,NULL,NULL,NULL,NULL,3.768649,1.340630,174.570000
0,1,1,-353.338010,112.262297,0.000000,NULL,NULL,NULL,NULL,NULL,-3.812212,1.211213,174.570000
0,1,1,-63.403792,527.065859,0.000000,NULL,NULL,NULL,NULL,NULL,-0.477739,3.971368,174.570000
0,1,1,-12.709887,530.713595,0.000000,NULL,NULL,NULL,NULL,NULL,-0.095767,3.998853,174.570000
0,1,1,177.097088,385.140744,0.000000,NULL,NULL,NULL,NULL,NULL,1.671096,3.634204,174.570000
0,1,1,307.701161,133.755323,0.000000,NULL,NULL,NULL,NULL,NULL,3.668401,1.594626,174.570000
0,1,1,-38.100519,529.496753,0.000000,NULL,NULL,NULL,NULL,NULL,-0.287082,3.989685,174.570000
0,1,1,-280.653146,-26.834592,0.000000,NULL,NULL,NULL,NULL,NULL,-3.981840,-0.380723,174.570000
0,1,1,-189.396400,-97.677516,0.000000,NULL,NULL,NULL,NULL,NULL,-3.555060,-1.833453,174.570000
0,1,1,180.673878,448.302045,0.000000,NULL,NULL,NULL,NULL,NULL,1.495211,3.710033,174.570000
0,1,1,292.597594,139.250259,0.000000,NULL,NULL,NULL,NULL,NULL,3.611835,1.718910,174.570000
0,1,1,192.407725,477.416977,0.000000,NULL,NULL,NULL,NULL,NULL,1.495211,3.710033,174.570000
0,1,1,280.659475,26.768318,0.000000,NULL,NULL,NULL,NULL,NULL,3.981930,0.379783,174.570000
0,1,1,185.315601,429.838933,0.000000,NULL,NULL,NULL,NULL,NULL,1.583607,3.673171,174.570000
0,1,1,-117.065279,-129.860996,0.000000,NULL,NULL,NULL,NULL,NULL,-2.678264,-2.971010,174.570000
0,1,1,-267.703180,-38.525101,0.000000,NULL,NULL,NULL,NULL,NULL,-3.959212,-0.569769,174.570000
0,1,1,327.114866,199.033053,0.000000,NULL,NULL,NULL,NULL,NULL,3.417167,2.079175,174.570000
0,1,1,270.156175,12.838124,0.000000,NULL,NULL,NULL,NULL,NULL,3.995491,0.189870,174.570000
0,1,1,-258.777754,444.951431,0.000000,NULL,NULL,NULL,NULL,NULL,-2.010976,3.457741,174.570000
0,1,1,175.251046,466.781206,0.000000,NULL,NULL,NULL,NULL,NULL,1.405957,3.744768,174.570000
0,1,1,-242.996379,417.816388,0.000000,NULL,NULL,NULL,NULL,NULL,-2.010976,3.457741,174.570000
0,1,1,-362.729588,188.071912,0.000000,NULL,NULL,NULL,NULL,NULL,-3.551059,1.841191,174.570000
0,1,1,318.333629,165.053021,0.000000,NULL,NULL,NULL,NULL,NULL,3.551059,1.841191,174.570000
0,1,1,-244.946902,398.878923,0.000000,NULL,NULL,NULL,NULL,NULL,-2.093184,3.408604,174.570000
0,1,1,-229.844975,374.286489,0.000000,NULL,NULL,NULL,NULL,NULL,-2.093184,3.408604,174.570000
0,1,1,16.796500,-143.217950,0.000000,NULL,NULL,NULL,NULL,NULL,0.465924,-3.972772,174.570000
0,1,1,107.869384,-117.517467,0.000000,NULL,NULL,NULL,NULL,NULL,2.704874,-2.946804,174.570000
0,1,1,31.873897,-140.632707,0.000000,NULL,NULL,NULL,NULL,NULL,0.884161,-3.901059,174.570000
0,1,1,224.317075,-10.712889,0.000000,NULL,NULL,NULL,NULL,NULL,3.995446,-0.190814,174.570000
0,1,1,-240.275091,436.881568,0.000000,NULL,NULL,NULL,NULL,NULL,-1.927615,3.504897,174.570000
0,1,1,-1.530074,-144.191409,0.000000,NULL,NULL,NULL,NULL,NULL,-0.042443,-3.999775,174.570000
0,1,1,330.865534,217.127104,0.000000,NULL,NULL,NULL,NULL,NULL,3.344207,2.194602,174.570000
0,1,1,-152.136200,-114.079255,0.000000,NULL,NULL,NULL,NULL,NULL,-3.200231,-2.399692,174.570000
0,1,1,173.890175,403.337694,0.000000,NULL,NULL,NULL,NULL,NULL,1.583607,3.673171,174.570000
0,1,1,-228.072400,392.155582,0.000000,NULL,NULL,NULL,NULL,NULL,-2.010976,3.457741,174.570000
0,1,1,-308.830352,98.121356,0.000000,NULL,NULL,NULL,NULL,NULL,-3.812212,1.211213,174.570000
0,1,1,169.577527,420.768918,0.000000,NULL,NULL,NULL,NULL,NULL,1.495211,3.710033,174.570000
0,1,1,-323.045262,90.621464,0.000000,NULL,NULL,NULL,NULL,NULL,-3.851333,1.080386,174.570000
0,1,1,146.771304,-95.007063,0.000000,NULL,NULL,NULL,NULL,NULL,3.357890,-2.173608,174.570000
0,1,1,46.592582,-136.464775,0.000000,NULL,NULL,NULL,NULL,NULL,1.292448,-3.785443,174.570000
0,1,1,159.006579,456.436942,0.000000,NULL,NULL,NULL,NULL,NULL,1.315898,3.777355,174.570000
0,1,1,169.333246,486.080193,0.000000,NULL,NULL,NULL,NULL,NULL,1.315898,3.777355,174.570000
0,1,1,-16.796500,-143.217950,0.000000,NULL,NULL,NULL,NULL,NULL,-0.465924,-3.972772,174.570000
0,1,1,-337.153244,82.276077,0.000000,NULL,NULL,NULL,NULL,NULL,-3.885966,0.948299,174.570000
0,1,1,-83.473402,-135.935096,0.000000,NULL,NULL,NULL,NULL,NULL,-2.093134,-3.408635,174.570000
0,1,1,152.705368,474.635328,0.000000,NULL,NULL,NULL,NULL,NULL,1.225084,3.807778,174.570000
0,1,1,-222.716977,428.969605,0.000000,NULL,NULL,NULL,NULL,NULL,-1.843149,3.550043,174.570000
0,1,1,-237.181309,456.828993,0.000000,NULL,NULL,NULL,NULL,NULL,-1.843149,3.550043,174.570000
0,1,1,164.526807,438.217195,0.000000,NULL,NULL,NULL,NULL,NULL,1.405957,3.744768,174.570000
0,1,1,-306.012553,63.694712,0.000000,NULL,NULL,NULL,NULL,NULL,-3.916070,0.815107,174.570000
0,1,1,175.008040,-74.375303,0.000000,NULL,NULL,NULL,NULL,NULL,3.681347,-1.564507,174.570000
0,1,1,323.116116,181.787096,0.000000,NULL,NULL,NULL,NULL,NULL,3.486144,1.961326,174.570000
0,1,1,236.044815,-0.027870,0.000000,NULL,NULL,NULL,NULL,NULL,4.000000,-0.000472,174.570000
0,1,1,-211.664421,384.860054,0.000000,NULL,NULL,NULL,NULL,NULL,-1.927615,3.504897,174.570000
0,1,1,-225.571798,410.147222,0.000000,NULL,NULL,NULL,NULL,NULL,-1.927615,3.504897,174.570000
0,1,1,-218.235187,-52.974702,0.000000,NULL,NULL,NULL,NULL,NULL,-3.887118,-0.943564,174.570000
0,1,1,-219.086161,447.882661,0.000000,NULL,NULL,NULL,NULL,NULL,-1.757626,3.593153,174.570000
0,1,1,-177.097088,385.140744,0.000000,NULL,NULL,NULL,NULL,NULL,-1.671096,3.634204,174.570000
0,1,1,-337.839433,120.180351,0.000000,NULL,NULL,NULL,NULL,NULL,-3.768649,1.340630,174.570000
0,1,1,316.891079,257.922162,0.000000,NULL,NULL,NULL,NULL,NULL,3.102308,2.525012,174.570000
0,1,1,60.786913,-130.761060,0.000000,NULL,NULL,NULL,NULL,NULL,1.686189,-3.627226,174.570000
0,1,1,-351.164764,152.648616,0.000000,NULL,NULL,NULL,NULL,NULL,-3.668401,1.594626,174.570000
0,1,1,-209.038488,402.623808,0.000000,NULL,NULL,NULL,NULL,NULL,-1.843149,3.550043,174.570000
0,1,1,136.974703,463.525301,0.000000,NULL,NULL,NULL,NULL,NULL,1.133568,3.836017,174.570000
0,1,1,-31.873897,-140.632707,0.000000,NULL,NULL,NULL,NULL,NULL,-0.884161,-3.901059,174.570000
0,1,1,145.870512,493.628905,0.000000,NULL,NULL,NULL,NULL,NULL,1.133568,3.836017,174.570000
0,1,1,-231.773264,-44.702458,0.000000,NULL,NULL,NULL,NULL,NULL,-3.927615,-0.757525,174.570000
0,1,1,149.240957,428.404198,0.000000,NULL,NULL,NULL,NULL,NULL,1.315898,3.777355,174.570000
0,1,1,129.809561,481.401186,0.000000,NULL,NULL,NULL,NULL,NULL,1.041401,3.862057,174.570000
0,1,1,154.383091,411.199404,0.000000,NULL,NULL,NULL,NULL,NULL,1.405957,3.744768,174.570000
0,1,1,-201.926921,439.139263,0.000000,NULL,NULL,NULL,NULL,NULL,-1.671096,3.634204,174.570000
0,1,1,-127.973211,-119.126047,0.000000,NULL,NULL,NULL,NULL,NULL,-2.927820,-2.725412,174.570000
0,1,1,-215.041044,467.659119,0.000000,NULL,NULL,NULL,NULL,NULL,-1.671096,3.634204,174.570000
0,1,1,-357.343734,170.063625,0.000000,NULL,NULL,NULL,NULL,NULL,-3.611835,1.718910,174.570000
0,1,1,143.360780,445.590694,0.000000,NULL,NULL,NULL,NULL,NULL,1.225084,3.807778,174.570000
0,1,1,118.632688,-106.641663,0.000000,NULL,NULL,NULL,NULL,NULL,2.974769,-2.674089,174.570000
0,1,1,-321.803485,275.933486,0.000000,NULL,NULL,NULL,NULL,NULL,-3.036551,2.603720,174.570000
0,1,1,-368.450816,209.620532,0.000000,NULL,NULL,NULL,NULL,NULL,-3.476717,1.977988,174.570000
0,1,1,-197.394901,457.856830,0.000000,NULL,NULL,NULL,NULL,NULL,-1.583607,3.673171,174.570000
0,1,1,-205.679495,420.475119,0.000000,NULL,NULL,NULL,NULL,NULL,-1.757626,3.593153,174.570000
0,1,1,-192.998556,394.551196,0.000000,NULL,NULL,NULL,NULL,NULL,-1.757626,3.593153,174.570000
0,1,1,-344.855476,136.107579,0.000000,NULL,NULL,NULL,NULL,NULL,-3.720693,1.468483,174.570000
0,1,1,209.244318,-40.357266,0.000000,NULL,NULL,NULL,NULL,NULL,3.927615,-0.757525,174.570000
0,1,1,114.628766,469.550870,0.000000,NULL,NULL,NULL,NULL,NULL,0.948638,3.885883,174.570000
0,1,1,74.297143,-123.585752,0.000000,NULL,NULL,NULL,NULL,NULL,2.060954,-3.428187,174.570000
0,1,1,-189.525283,412.168882,0.000000,NULL,NULL,NULL,NULL,NULL,-1.671096,3.634204,174.570000
0,1,1,122.073320,500.045805,0.000000,NULL,NULL,NULL,NULL,NULL,0.948638,3.885883,174.570000
0,1,1,106.616122,487.063267,0.000000,NULL,NULL,NULL,NULL,NULL,0.855331,3.907481,174.570000
0,1,1,297.858582,154.436900,0.000000,NULL,NULL,NULL,NULL,NULL,3.551059,1.841191,174.570000
0,1,1,282.415310,158.888575,0.000000,NULL,NULL,NULL,NULL,NULL,3.486144,1.961326,174.570000
0,1,1,-96.113567,-127.311984,0.000000,NULL,NULL,NULL,NULL,NULL,-2.410092,-3.192406,174.570000
0,1,1,-46.592582,-136.464775,0.000000,NULL,NULL,NULL,NULL,NULL,-1.292448,-3.785443,174.570000
0,1,1,313.369142,149.135656,0.000000,NULL,NULL,NULL,NULL,NULL,3.611835,1.718910,174.570000
0,1,1,128.562201,435.057215,0.000000,NULL,NULL,NULL,NULL,NULL,1.133568,3.836017,174.570000
0,1,1,-180.673878,448.302045,0.000000,NULL,NULL,NULL,NULL,NULL,-1.495211,3.710033,174.570000
0,1,1,-160.818655,-101.473444,0.000000,NULL,NULL,NULL,NULL,NULL,-3.382869,-2.134525,174.570000
0,1,1,-244.992988,-35.256883,0.000000,NULL,NULL,NULL,NULL,NULL,-3.959212,-0.569769,174.570000
0,1,1,-349.052978,212.381298,0.000000,NULL,NULL,NULL,NULL,NULL,-3.417167,2.079175,174.570000
0,1,1,247.237887,11.749021,0.000000,NULL,NULL,NULL,NULL,NULL,3.995491,0.189870,174.570000
0,1,1,-192.407725,477.416977,0.000000,NULL,NULL,NULL,NULL,NULL,-1.495211,3.710033,174.570000
0,1,1,312.773408,220.887046,0.000000,NULL,NULL,NULL,NULL,NULL,3.267351,2.307471,174.570000
0,1,1,121.866050,451.942525,0.000000,NULL,NULL,NULL,NULL,NULL,1.041401,3.862057,174.570000
0,1,1,134.522032,418.118298,0.000000,NULL,NULL,NULL,NULL,NULL,1.225084,3.807778,174.570000
0,1,1,-175.251046,466.781206,0.000000,NULL,NULL,NULL,NULL,NULL,-1.405957,3.744768,174.570000
0,1,1,-197.824204,-79.230537,0.000000,NULL,NULL,NULL,NULL,NULL,-3.713254,-1.487195,174.570000
0,1,1,286.659072,124.608489,0.000000,NULL,NULL,NULL,NULL,NULL,3.668401,1.594626,174.570000
0,1,1,-185.315601,429.838933,0.000000,NULL,NULL,NULL,NULL,NULL,-1.583607,3.673171,174.570000
0,1,1,306.330956,186.387082,0.000000,NULL,NULL,NULL,NULL,NULL,3.417167,2.079175,174.570000
0,1,1,154.517429,-81.807835,0.000000,NULL,NULL,NULL,NULL,NULL,3.535109,-1.871631,174.570000
0,1,1,-173.890175,403.337694,0.000000,NULL,NULL,NULL,NULL,NULL,-1.583607,3.673171,174.570000
0,1,1,92.020004,474.499834,0.000000,NULL,NULL,NULL,NULL,NULL,0.761534,3.926839,174.570000
0,1,1,-257.813161,-24.650751,0.000000,NULL,NULL,NULL,NULL,NULL,-3.981840,-0.380723,174.570000
0,1,1,83.178229,491.608590,0.000000,NULL,NULL,NULL,NULL,NULL,0.667300,3.943946,174.570000
0,1,1,97.996234,505.316179,0.000000,NULL,NULL,NULL,NULL,NULL,0.761534,3.926839,174.570000
0,1,1,-159.006579,456.436942,0.000000,NULL,NULL,NULL,NULL,NULL,-1.315898,3.777355,174.570000
0,1,1,315.280850,239.194829,0.000000,NULL,NULL,NULL,NULL,NULL,3.186686,2.417650,174.570000
0,1,1,-301.416307,118.963005,0.000000,NULL,NULL,NULL,NULL,NULL,-3.720693,1.468483,174.570000
0,1,1,-152.705368,474.635328,0.000000,NULL,NULL,NULL,NULL,NULL,-1.225084,3.807778,174.570000
0,1,1,-169.333246,486.080193,0.000000,NULL,NULL,NULL,NULL,NULL,-1.315898,3.777355,174.570000
0,1,1,257.818975,24.589871,0.000000,NULL,NULL,NULL,NULL,NULL,3.981930,0.379783,174.570000
0,1,1,180.423031,-60.058551,0.000000,NULL,NULL,NULL,NULL,NULL,3.795253,-1.263350,174.570000
0,1,1,100.091900,457.258124,0.000000,NULL,NULL,NULL,NULL,NULL,0.855331,3.907481,174.570000
0,1,1,-169.577527,420.768918,0.000000,NULL,NULL,NULL,NULL,NULL,-1.495211,3.710033,174.570000
0,1,1,107.588673,440.712716,0.000000,NULL,NULL,NULL,NULL,NULL,0.948638,3.885883,174.570000
0,1,1,-316.109783,112.450416,0.000000,NULL,NULL,NULL,NULL,NULL,-3.768649,1.340630,174.570000
0,1,1,-281.933118,-0.033288,0.000000,NULL,NULL,NULL,NULL,NULL,-4.000000,-0.000472,174.570000
0,1,1,224.319598,10.659919,0.000000,NULL,NULL,NULL,NULL,NULL,3.995491,0.189870,174.570000
0,1,1,114.352535,424.078514,0.000000,NULL,NULL,NULL,NULL,NULL,1.041401,3.862057,174.570000
0,1,1,69.200254,478.360846,0.000000,NULL,NULL,NULL,NULL,NULL,0.572684,3.958792,174.570000
0,1,1,86.971229,-115.019603,0.000000,NULL,NULL,NULL,NULL,NULL,2.412525,-3.190568,174.570000
0,1,1,-164.526807,438.217195,0.000000,NULL,NULL,NULL,NULL,NULL,-1.405957,3.744768,174.570000
0,1,1,59.549621,495.026733,0.000000,NULL,NULL,NULL,NULL,NULL,0.477739,3.971368,174.570000
0,1,1,-300.953869,84.424331,0.000000,NULL,NULL,NULL,NULL,NULL,-3.851333,1.080386,174.570000
0,1,1,-136.974703,463.525301,0.000000,NULL,NULL,NULL,NULL,NULL,-1.133568,3.836017,174.570000
0,1,1,-270.153136,-12.901918,0.000000,NULL,NULL,NULL,NULL,NULL,-3.995446,-0.190814,174.570000
0,1,1,73.694458,509.427943,0.000000,NULL,NULL,NULL,NULL,NULL,0.572684,3.958792,174.570000
0,1,1,-129.809561,481.401186,0.000000,NULL,NULL,NULL,NULL,NULL,-1.041401,3.862057,174.570000
0,1,1,-330.754265,105.087006,0.000000,NULL,NULL,NULL,NULL,NULL,-3.812212,1.211213,174.570000
0,1,1,309.960599,203.408456,0.000000,NULL,NULL,NULL,NULL,NULL,3.344207,2.194602,174.570000
0,1,1,-145.870512,493.628905,0.000000,NULL,NULL,NULL,NULL,NULL,-1.133568,3.836017,174.570000
0,1,1,128.304445,-94.784643,0.000000,NULL,NULL,NULL,NULL,NULL,3.217293,-2.376768,174.570000
0,1,1,-60.786913,-130.761060,0.000000,NULL,NULL,NULL,NULL,NULL,-1.686189,-3.627226,174.570000
0,1,1,276.843755,53.327469,0.000000,NULL,NULL,NULL,NULL,NULL,3.927793,0.756597,174.570000
0,1,1,288.777881,70.470955,0.000000,NULL,NULL,NULL,NULL,NULL,3.885966,0.948299,174.570000
0,1,1,267.712270,38.461885,0.000000,NULL,NULL,NULL,NULL,NULL,3.959347,0.568834,174.570000
0,1,1,-137.900575,-107.478320,0.000000,NULL,NULL,NULL,NULL,NULL,-3.154942,-2.458930,174.570000
0,1,1,298.555671,278.941408,0.000000,NULL,NULL,NULL,NULL,NULL,2.922807,2.730787,174.570000
0,1,1,-222.282796,-31.988664,0.000000,NULL,NULL,NULL,NULL,NULL,-3.959212,-0.569769,174.570000
0,1,1,-106.616122,487.063267,0.000000,NULL,NULL,NULL,NULL,NULL,-0.855331,3.907481,174.570000
0,1,1,-114.628766,469.550870,0.000000,NULL,NULL,NULL,NULL,NULL,-0.948638,3.885883,174.570000
0,1,1,35.784476,497.309858,0.000000,NULL,NULL,NULL,NULL,NULL,0.287082,3.989685,174.570000
0,1,1,-149.240957,428.404198,0.000000,NULL,NULL,NULL,NULL,NULL,-1.315898,3.777355,174.570000
0,1,1,-154.383091,411.199404,0.000000,NULL,NULL,NULL,NULL,NULL,-1.405957,3.744768,174.570000
0,1,1,78.088255,461.525302,0.000000,NULL,NULL,NULL,NULL,NULL,0.667300,3.943946,174.570000
0,1,1,46.221839,481.125052,0.000000,NULL,NULL,NULL,NULL,NULL,0.382520,3.981668,174.570000
0,1,1,-143.360780,445.590694,0.000000,NULL,NULL,NULL,NULL,NULL,-1.225084,3.807778,174.570000
0,1,1,-339.931895,176.251520,0.000000,NULL,NULL,NULL,NULL,NULL,-3.551059,1.841191,174.570000
0,1,1,-122.073320,500.045805,0.000000,NULL,NULL,NULL,NULL,NULL,-0.948638,3.885883,174.570000
0,1,1,86.368460,445.357732,0.000000,NULL,NULL,NULL,NULL,NULL,0.761534,3.926839,174.570000
0,1,1,49.223712,512.371670,0.000000,NULL,NULL,NULL,NULL,NULL,0.382520,3.981668,174.570000
0,1,1,11.937282,498.452731,0.000000,NULL,NULL,NULL,NULL,NULL,0.095767,3.998853,174.570000
0,1,1,93.920846,429.066386,0.000000,NULL,NULL,NULL,NULL,NULL,0.855331,3.907481,174.570000
0,1,1,-328.852795,142.949775,0.000000,NULL,NULL,NULL,NULL,NULL,-3.668401,1.594626,174.570000
0,1,1,-83.178229,491.608590,0.000000,NULL,NULL,NULL,NULL,NULL,-0.667300,3.943946,174.570000
0,1,1,-107.869384,-117.517467,0.000000,NULL,NULL,NULL,NULL,NULL,-2.704874,-2.946804,174.570000
0,1,1,-92.020004,474.499834,0.000000,NULL,NULL,NULL,NULL,NULL,-0.761534,3.926839,174.570000
0,1,1,23.137445,482.786115,0.000000,NULL,NULL,NULL,NULL,NULL,0.191480,3.995414,174.570000
0,1,1,-11.937282,498.452731,0.000000,NULL,NULL,NULL,NULL,NULL,-0.095767,3.998853,174.570000
0,1,1,-59.549621,495.026733,0.000000,NULL,NULL,NULL,NULL,NULL,-0.477739,3.971368,174.570000
0,1,1,-121.866050,451.942525,0.000000,NULL,NULL,NULL,NULL,NULL,-1.041401,3.862057,174.570000
0,1,1,-35.784476,497.309858,0.000000,NULL,NULL,NULL,NULL,NULL,-0.287082,3.989685,174.570000
0,1,1,55.905567,464.734276,0.000000,NULL,NULL,NULL,NULL,NULL,0.477739,3.971368,174.570000
0,1,1,24.640104,514.140611,0.000000,NULL,NULL,NULL,NULL,NULL,0.191480,3.995414,174.570000
0,1,1,-344.908309,194.047517,0.000000,NULL,NULL,NULL,NULL,NULL,-3.486144,1.961326,174.570000
0,1,1,-128.562201,435.057215,0.000000,NULL,NULL,NULL,NULL,NULL,-1.133568,3.836017,174.570000
0,1,1,-69.200254,478.360846,0.000000,NULL,NULL,NULL,NULL,NULL,-0.572684,3.958792,174.570000
0,1,1,-97.996234,505.316179,0.000000,NULL,NULL,NULL,NULL,NULL,-0.761534,3.926839,174.570000
0,1,1,0.000000,483.340226,0.000000,NULL,NULL,NULL,NULL,NULL,0.000000,4.000000,174.570000
0,1,1,-134.522032,418.118298,0.000000,NULL,NULL,NULL,NULL,NULL,-1.225084,3.807778,174.570000
0,1,1,-23.137445,482.786115,0.000000,NULL,NULL,NULL,NULL,NULL,-0.191480,3.995414,174.570000
0,1,1,-73.694458,509.427943,0.000000,NULL,NULL,NULL,NULL,NULL,-0.572684,3.958792,174.570000
0,1,1,234.978475,22.411424,0.000000,NULL,NULL,NULL,NULL,NULL,3.981930,0.379783,174.570000
0,1,1,-234.973176,-22.466911,0.000000,NULL,NULL,NULL,NULL,NULL,-3.981840,-0.380723,174.570000
0,1,1,64.950219,448.981614,0.000000,NULL,NULL,NULL,NULL,NULL,0.572684,3.958792,174.570000
0,1,1,-46.221839,481.125052,0.000000,NULL,NULL,NULL,NULL,NULL,-0.382520,3.981668,174.570000
0,1,1,0.000000,514.730709,0.000000,NULL,NULL,NULL,NULL,NULL,0.000000,4.000000,174.570000
0,1,1,-168.459104,-88.210147,0.000000,NULL,NULL,NULL,NULL,NULL,-3.543588,-1.855527,174.570000
0,1,1,-100.091900,457.258124,0.000000,NULL,NULL,NULL,NULL,NULL,-0.855331,3.907481,174.570000
0,1,1,-49.223712,512.371670,0.000000,NULL,NULL,NULL,NULL,NULL,-0.382520,3.981668,174.570000
0,1,1,73.273811,433.070476,0.000000,NULL,NULL,NULL,NULL,NULL,0.667300,3.943946,174.570000
0,1,1,-24.640104,514.140611,0.000000,NULL,NULL,NULL,NULL,NULL,-0.191480,3.995414,174.570000
0,1,1,33.594695,466.877689,0.000000,NULL,NULL,NULL,NULL,NULL,0.287082,3.989685,174.570000
0,1,1,-333.749703,235.700940,0.000000,NULL,NULL,NULL,NULL,NULL,-3.267351,2.307471,174.570000
0,1,1,161.079597,-67.981771,0.000000,NULL,NULL,NULL,NULL,NULL,3.685241,-1.555313,174.570000
0,1,1,98.666535,-105.159015,0.000000,NULL,NULL,NULL,NULL,NULL,2.736945,-2.917042,174.570000
0,1,1,-107.588673,440.712716,0.000000,NULL,NULL,NULL,NULL,NULL,-0.948638,3.885883,174.570000
0,1,1,270.916907,177.786434,0.000000,NULL,NULL,NULL,NULL,NULL,3.344207,2.194602,174.570000
0,1,1,11.206797,467.950625,0.000000,NULL,NULL,NULL,NULL,NULL,0.095767,3.998853,174.570000
0,1,1,-114.352535,424.078514,0.000000,NULL,NULL,NULL,NULL,NULL,-1.041401,3.862057,174.570000
0,1,1,43.383057,451.576052,0.000000,NULL,NULL,NULL,NULL,NULL,0.382520,3.981668,174.570000
0,1,1,-78.088255,461.525302,0.000000,NULL,NULL,NULL,NULL,NULL,-0.667300,3.943946,174.570000
0,1,1,286.627915,174.398766,0.000000,NULL,NULL,NULL,NULL,NULL,3.417167,2.079175,174.570000
0,1,1,14.682737,-128.041433,0.000000,NULL,NULL,NULL,NULL,NULL,0.455701,-3.973957,174.570000
0,1,1,-74.297143,-123.585752,0.000000,NULL,NULL,NULL,NULL,NULL,-2.060954,-3.428187,174.570000
0,1,1,-334.765838,159.318568,0.000000,NULL,NULL,NULL,NULL,NULL,-3.611835,1.718910,174.570000
0,1,1,-11.206797,467.950625,0.000000,NULL,NULL,NULL,NULL,NULL,-0.095767,3.998853,174.570000
0,1,1,296.974354,241.711656,0.000000,NULL,NULL,NULL,NULL,NULL,3.102308,2.525012,174.570000
0,1,1,212.133191,-20.283071,0.000000,NULL,NULL,NULL,NULL,NULL,3.981840,-0.380723,174.570000
0,1,1,-55.905567,464.734276,0.000000,NULL,NULL,NULL,NULL,NULL,-0.477739,3.971368,174.570000
0,1,1,29.745075,-125.401045,0.000000,NULL,NULL,NULL,NULL,NULL,0.923183,-3.892009,174.570000
0,1,1,52.458772,436.081605,0.000000,NULL,NULL,NULL,NULL,NULL,0.477739,3.971368,174.570000
0,1,1,292.900712,206.852538,0.000000,NULL,NULL,NULL,NULL,NULL,3.267351,2.307471,174.570000
0,1,1,-33.594695,466.877689,0.000000,NULL,NULL,NULL,NULL,NULL,-0.287082,3.989685,174.570000
0,1,1,277.489576,143.875760,0.000000,NULL,NULL,NULL,NULL,NULL,3.551059,1.841191,174.570000
0,1,1,302.464016,170.168099,0.000000,NULL,NULL,NULL,NULL,NULL,3.486144,1.961326,174.570000
0,1,1,-86.368460,445.357732,0.000000,NULL,NULL,NULL,NULL,NULL,-0.761534,3.926839,174.570000
0,1,1,21.716425,453.135098,0.000000,NULL,NULL,NULL,NULL,NULL,0.191480,3.995414,174.570000
0,1,1,-93.920846,429.066386,0.000000,NULL,NULL,NULL,NULL,NULL,-0.855331,3.907481,174.570000
0,1,1,184.668991,-45.352657,0.000000,NULL,NULL,NULL,NULL,NULL,3.884568,-0.954007,174.570000
0,1,1,0.000000,453.655178,0.000000,NULL,NULL,NULL,NULL,NULL,0.000000,4.000000,174.570000
0,1,1,-64.950219,448.981614,0.000000,NULL,NULL,NULL,NULL,NULL,-0.572684,3.958792,174.570000
0,1,1,298.226885,260.147853,0.000000,NULL,NULL,NULL,NULL,NULL,3.014314,2.629432,174.570000
0,1,1,136.795664,-82.055502,0.000000,NULL,NULL,NULL,NULL,NULL,3.430214,-2.057579,174.570000
0,1,1,-204.460212,-60.065926,0.000000,NULL,NULL,NULL,NULL,NULL,-3.837815,-1.127466,174.570000
0,1,1,-14.682737,-128.041433,0.000000,NULL,NULL,NULL,NULL,NULL,-0.455701,-3.973957,174.570000
0,1,1,31.523452,438.092867,0.000000,NULL,NULL,NULL,NULL,NULL,0.287082,3.989685,174.570000
0,1,1,-21.716425,453.135098,0.000000,NULL,NULL,NULL,NULL,NULL,-0.191480,3.995414,174.570000
0,1,1,-43.383057,451.576052,0.000000,NULL,NULL,NULL,NULL,NULL,-0.382520,3.981668,174.570000
0,1,1,44.388648,-120.995204,0.000000,NULL,NULL,NULL,NULL,NULL,1.377668,-3.755267,174.570000
0,1,1,-73.273811,433.070476,0.000000,NULL,NULL,NULL,NULL,NULL,-0.667300,3.943946,174.570000
0,1,1,-52.458772,436.081605,0.000000,NULL,NULL,NULL,NULL,NULL,-0.477739,3.971368,174.570000
0,1,1,-146.771304,-95.007063,0.000000,NULL,NULL,NULL,NULL,NULL,-3.357890,-2.173608,174.570000
0,1,1,-10.515854,439.099653,0.000000,NULL,NULL,NULL,NULL,NULL,-0.095767,3.998853,174.570000
0,1,1,-247.235105,-11.807403,0.000000,NULL,NULL,NULL,NULL,NULL,-3.995446,-0.190814,174.570000
0,1,1,-294.492672,104.760514,0.000000,NULL,NULL,NULL,NULL,NULL,-3.768649,1.340630,174.570000
0,1,1,-31.523452,438.092867,0.000000,NULL,NULL,NULL,NULL,NULL,-0.287082,3.989685,174.570000
0,1,1,10.515854,439.099653,0.000000,NULL,NULL,NULL,NULL,NULL,0.095767,3.998853,174.570000
0,1,1,-292.597594,139.250259,0.000000,NULL,NULL,NULL,NULL,NULL,-3.611835,1.718910,174.570000
0,1,1,245.001307,35.199029,0.000000,NULL,NULL,NULL,NULL,NULL,3.959347,0.568834,174.570000
0,1,1,295.360595,224.081885,0.000000,NULL,NULL,NULL,NULL,NULL,3.186686,2.417650,174.570000
0,1,1,-118.632688,-106.641663,0.000000,NULL,NULL,NULL,NULL,NULL,-2.974769,-2.674089,174.570000
0,1,1,-322.813896,127.408207,0.000000,NULL,NULL,NULL,NULL,NULL,-3.720693,1.468483,174.570000
0,1,1,-327.114866,199.033053,0.000000,NULL,NULL,NULL,NULL,NULL,-3.417167,2.079175,174.570000
0,1,1,-307.701161,133.755323,0.000000,NULL,NULL,NULL,NULL,NULL,-3.668401,1.594626,174.570000
0,1,1,222.290343,31.936174,0.000000,NULL,NULL,NULL,NULL,NULL,3.959347,0.568834,174.570000
0,1,1,-29.745075,-125.401045,0.000000,NULL,NULL,NULL,NULL,NULL,-0.923183,-3.892009,174.570000
0,1,1,58.407298,-114.885939,0.000000,NULL,NULL,NULL,NULL,NULL,1.812758,-3.565657,174.570000
0,1,1,-258.988966,-0.030579,0.000000,NULL,NULL,NULL,NULL,NULL,-4.000000,-0.000472,174.570000
0,1,1,109.251442,-94.114962,0.000000,NULL,NULL,NULL,NULL,NULL,3.030563,-2.610687,174.570000
0,1,1,-224.317075,-10.712889,0.000000,NULL,NULL,NULL,NULL,NULL,-3.995446,-0.190814,174.570000
0,1,1,210.149394,210.228571,0.000000,NULL,NULL,NULL,NULL,NULL,2.827894,2.828960,174.570000
0,1,1,278.828925,298.660724,0.000000,NULL,NULL,NULL,NULL,NULL,2.729686,2.923836,174.570000
0,1,1,-330.865534,217.127104,0.000000,NULL,NULL,NULL,NULL,NULL,-3.344207,2.194602,174.570000
0,1,1,-86.971229,-115.019603,0.000000,NULL,NULL,NULL,NULL,NULL,-2.412525,-3.190568,174.570000
0,1,1,-318.333629,165.053021,0.000000,NULL,NULL,NULL,NULL,NULL,-3.551059,1.841191,174.570000
0,1,1,268.406365,127.737399,0.000000,NULL,NULL,NULL,NULL,NULL,3.611835,1.718910,174.570000
0,1,1,254.313784,48.987598,0.000000,NULL,NULL,NULL,NULL,NULL,3.927793,0.756597,174.570000
0,1,1,-175.008040,-74.375303,0.000000,NULL,NULL,NULL,NULL,NULL,-3.681347,-1.564507,174.570000
0,1,1,-316.891079,257.922162,0.000000,NULL,NULL,NULL,NULL,NULL,-3.102308,2.525012,174.570000
0,1,1,166.407527,-53.634811,0.000000,NULL,NULL,NULL,NULL,NULL,3.807135,-1.227078,174.570000
0,1,1,-280.659475,26.768318,0.000000,NULL,NULL,NULL,NULL,NULL,-3.981930,0.379783,174.570000
0,1,1,-270.156175,12.838124,0.000000,NULL,NULL,NULL,NULL,NULL,-3.995491,0.189870,174.570000
0,1,1,-44.388648,-120.995204,0.000000,NULL,NULL,NULL,NULL,NULL,-1.377668,-3.755267,174.570000
0,1,1,258.155969,195.855769,0.000000,NULL,NULL,NULL,NULL,NULL,3.186686,2.417650,174.570000
0,1,1,262.843558,63.737276,0.000000,NULL,NULL,NULL,NULL,NULL,3.887341,0.942646,174.570000
0,1,1,71.603664,-107.159259,0.000000,NULL,NULL,NULL,NULL,NULL,2.222327,-3.325848,174.570000
0,1,1,270.520519,79.403606,0.000000,NULL,NULL,NULL,NULL,NULL,3.838081,1.126559,174.570000
0,1,1,279.791333,261.409835,0.000000,NULL,NULL,NULL,NULL,NULL,2.922807,2.730787,174.570000
0,1,1,-323.116116,181.787096,0.000000,NULL,NULL,NULL,NULL,NULL,-3.486144,1.961326,174.570000
0,1,1,274.061496,193.547894,0.000000,NULL,NULL,NULL,NULL,NULL,3.267351,2.307471,174.570000
0,1,1,144.028217,-68.571363,0.000000,NULL,NULL,NULL,NULL,NULL,3.611573,-1.719458,174.570000
0,1,1,-236.044815,-0.027870,0.000000,NULL,NULL,NULL,NULL,NULL,-4.000000,-0.000472,174.570000
0,1,1,278.105483,226.354013,0.000000,NULL,NULL,NULL,NULL,NULL,3.102308,2.525012,174.570000
0,1,1,267.026916,162.472537,0.000000,NULL,NULL,NULL,NULL,NULL,3.417167,2.079175,174.570000
0,1,1,231.783813,44.647726,0.000000,NULL,NULL,NULL,NULL,NULL,3.927793,0.756597,174.570000
0,1,1,187.718408,-30.352906,0.000000,NULL,NULL,NULL,NULL,NULL,3.948714,-0.638483,174.570000
0,1,1,290.149339,190.407520,0.000000,NULL,NULL,NULL,NULL,NULL,3.344207,2.194602,174.570000
0,1,1,-154.517429,-81.807835,0.000000,NULL,NULL,NULL,NULL,NULL,-3.535109,-1.871631,174.570000
0,1,1,-128.304445,-94.784643,0.000000,NULL,NULL,NULL,NULL,NULL,-3.217293,-2.376768,174.570000
0,1,1,-282.415310,158.888575,0.000000,NULL,NULL,NULL,NULL,NULL,-3.486144,1.961326,174.570000
0,1,1,118.606827,-82.011733,0.000000,NULL,NULL,NULL,NULL,NULL,3.290075,-2.274952,174.570000
0,1,1,213.100664,-0.025161,0.000000,NULL,NULL,NULL,NULL,NULL,4.000000,-0.000472,174.570000
0,1,1,279.783116,279.888528,0.000000,NULL,NULL,NULL,NULL,NULL,2.827894,2.828960,174.570000
0,1,1,-98.666535,-105.159015,0.000000,NULL,NULL,NULL,NULL,NULL,-2.736945,-2.917042,174.570000
0,1,1,278.982615,319.163707,0.000000,NULL,NULL,NULL,NULL,NULL,2.632492,3.011642,174.570000
0,1,1,279.384144,243.711043,0.000000,NULL,NULL,NULL,NULL,NULL,3.014314,2.629432,174.570000
0,1,1,-312.773408,220.887046,0.000000,NULL,NULL,NULL,NULL,NULL,-3.267351,2.307471,174.570000
0,1,1,-58.407298,-114.885939,0.000000,NULL,NULL,NULL,NULL,NULL,-1.812758,-3.565657,174.570000
0,1,1,-209.244318,-40.357266,0.000000,NULL,NULL,NULL,NULL,NULL,-3.927615,-0.757525,174.570000
0,1,1,257.802773,316.988214,0.000000,NULL,NULL,NULL,NULL,NULL,2.523844,3.103259,174.570000
0,1,1,-297.858582,154.436900,0.000000,NULL,NULL,NULL,NULL,NULL,-3.551059,1.841191,174.570000
0,1,1,-286.659072,124.608489,0.000000,NULL,NULL,NULL,NULL,NULL,-3.668401,1.594626,174.570000
0,1,1,83.791962,-97.923942,0.000000,NULL,NULL,NULL,NULL,NULL,2.600609,-3.039216,174.570000
0,1,1,-315.280850,239.194829,0.000000,NULL,NULL,NULL,NULL,NULL,-3.186686,2.417650,174.570000
0,1,1,-306.330956,186.387082,0.000000,NULL,NULL,NULL,NULL,NULL,-3.417167,2.079175,174.570000
0,1,1,-298.555671,278.941408,0.000000,NULL,NULL,NULL,NULL,NULL,-2.922807,2.730787,174.570000
0,1,1,-180.423031,-60.058551,0.000000,NULL,NULL,NULL,NULL,NULL,-3.795253,-1.263350,174.570000
0,1,1,-313.369142,149.135656,0.000000,NULL,NULL,NULL,NULL,NULL,-3.611835,1.718910,174.570000
0,1,1,-224.319598,10.659919,0.000000,NULL,NULL,NULL,NULL,NULL,-3.995491,0.189870,174.570000
0,1,1,218.247691,52.923167,0.000000,NULL,NULL,NULL,NULL,NULL,3.887341,0.942646,174.570000
0,1,1,-247.237887,11.749021,0.000000,NULL,NULL,NULL,NULL,NULL,-3.995491,0.189870,174.570000
0,1,1,170.460393,-38.876885,0.000000,NULL,NULL,NULL,NULL,NULL,3.899858,-0.889440,174.570000
0,1,1,240.545624,58.330221,0.000000,NULL,NULL,NULL,NULL,NULL,3.887341,0.942646,174.570000
0,1,1,244.191967,213.012371,0.000000,NULL,NULL,NULL,NULL,NULL,3.014314,2.629432,174.570000
0,1,1,-309.960599,203.408456,0.000000,NULL,NULL,NULL,NULL,NULL,-3.344207,2.194602,174.570000
0,1,1,149.935556,-54.456295,0.000000,NULL,NULL,NULL,NULL,NULL,3.759703,-1.365517,174.570000
0,1,1,262.014221,244.800628,0.000000,NULL,NULL,NULL,NULL,NULL,2.922807,2.730787,174.570000
0,1,1,260.217889,211.795046,0.000000,NULL,NULL,NULL,NULL,NULL,3.102308,2.525012,174.570000
0,1,1,-71.603664,-107.159259,0.000000,NULL,NULL,NULL,NULL,NULL,-2.222327,-3.325848,174.570000
0,1,1,-210.149394,210.228571,0.000000,NULL,NULL,NULL,NULL,NULL,-2.827894,2.828960,174.570000
0,1,1,-257.818975,24.589871,0.000000,NULL,NULL,NULL,NULL,NULL,-3.981930,0.379783,174.570000
0,1,1,261.304421,279.889784,0.000000,NULL,NULL,NULL,NULL,NULL,2.729686,2.923836,174.570000
0,1,1,255.319850,180.312156,0.000000,NULL,NULL,NULL,NULL,NULL,3.267351,2.307471,174.570000
0,1,1,189.551525,-15.156486,0.000000,NULL,NULL,NULL,NULL,NULL,3.987274,-0.318821,174.570000
0,1,1,248.505143,72.941618,0.000000,NULL,NULL,NULL,NULL,NULL,3.838081,1.126559,174.570000
0,1,1,-161.079597,-67.981771,0.000000,NULL,NULL,NULL,NULL,NULL,-3.685241,-1.555313,174.570000
0,1,1,94.800600,-87.310009,0.000000,NULL,NULL,NULL,NULL,NULL,2.942278,-2.709797,174.570000
0,1,1,126.627403,-68.985539,0.000000,NULL,NULL,NULL,NULL,NULL,3.512561,-1.913613,174.570000
0,1,1,-136.795664,-82.055502,0.000000,NULL,NULL,NULL,NULL,NULL,-3.430214,-2.057579,174.570000
0,1,1,-270.916907,177.786434,0.000000,NULL,NULL,NULL,NULL,NULL,-3.344207,2.194602,174.570000
0,1,1,-109.251442,-94.114962,0.000000,NULL,NULL,NULL,NULL,NULL,-3.030563,-2.610687,174.570000
0,1,1,260.035495,298.324860,0.000000,NULL,NULL,NULL,NULL,NULL,2.628296,3.015304,174.570000
0,1,1,276.482501,209.759599,0.000000,NULL,NULL,NULL,NULL,NULL,3.186686,2.417650,174.570000
0,1,1,235.575203,333.838466,0.000000,NULL,NULL,NULL,NULL,NULL,2.306240,3.268220,174.570000
0,1,1,-296.974354,241.711656,0.000000,NULL,NULL,NULL,NULL,NULL,-3.102308,2.525012,174.570000
0,1,1,-276.843755,53.327469,0.000000,NULL,NULL,NULL,NULL,NULL,-3.927793,0.756597,174.570000
0,1,1,-267.712270,38.461885,0.000000,NULL,NULL,NULL,NULL,NULL,-3.959347,0.568834,174.570000
0,1,1,-288.777881,70.470955,0.000000,NULL,NULL,NULL,NULL,NULL,-3.885966,0.948299,174.570000
0,1,1,-234.978475,22.411424,0.000000,NULL,NULL,NULL,NULL,NULL,-3.981930,0.379783,174.570000
0,1,1,-298.226885,260.147853,0.000000,NULL,NULL,NULL,NULL,NULL,-3.014314,2.629432,174.570000
0,1,1,-286.627915,174.398766,0.000000,NULL,NULL,NULL,NULL,NULL,-3.417167,2.079175,174.570000
0,1,1,-277.489576,143.875760,0.000000,NULL,NULL,NULL,NULL,NULL,-3.551059,1.841191,174.570000
0,1,1,255.594136,88.435367,0.000000,NULL,NULL,NULL,NULL,NULL,3.780125,1.307920,174.570000
0,1,1,226.489766,66.479631,0.000000,NULL,NULL,NULL,NULL,NULL,3.838081,1.126559,174.570000
0,1,1,261.747039,104.760544,0.000000,NULL,NULL,NULL,NULL,NULL,3.713605,1.486318,174.570000
0,1,1,-292.900712,206.852538,0.000000,NULL,NULL,NULL,NULL,NULL,-3.267351,2.307471,174.570000
0,1,1,262.105700,262.204452,0.000000,NULL,NULL,NULL,NULL,NULL,2.827894,2.828960,174.570000
0,1,1,-278.828925,298.660724,0.000000,NULL,NULL,NULL,NULL,NULL,-2.729686,2.923836,174.570000
0,1,1,-184.668991,-45.352657,0.000000,NULL,NULL,NULL,NULL,NULL,-3.884568,-0.954007,174.570000
0,1,1,212.137974,20.232977,0.000000,NULL,NULL,NULL,NULL,NULL,3.981930,0.379783,174.570000
0,1,1,-302.464016,170.168099,0.000000,NULL,NULL,NULL,NULL,NULL,-3.486144,1.961326,174.570000
0,1,1,-212.133191,-20.283071,0.000000,NULL,NULL,NULL,NULL,NULL,-3.981840,-0.380723,174.570000
0,1,1,-295.360595,224.081885,0.000000,NULL,NULL,NULL,NULL,NULL,-3.186686,2.417650,174.570000
0,1,1,173.207143,-23.821073,0.000000,NULL,NULL,NULL,NULL,NULL,3.962700,-0.544988,174.570000
0,1,1,-83.791962,-97.923942,0.000000,NULL,NULL,NULL,NULL,NULL,-2.600609,-3.039216,174.570000
0,1,1,-222.290343,31.936174,0.000000,NULL,NULL,NULL,NULL,NULL,-3.959347,0.568834,174.570000
0,1,1,104.474592,-75.466887,0.000000,NULL,NULL,NULL,NULL,NULL,3.242525,-2.342228,174.570000
0,1,1,241.599771,297.065384,0.000000,NULL,NULL,NULL,NULL,NULL,2.523844,3.103259,174.570000
0,1,1,154.463329,-39.840170,0.000000,NULL,NULL,NULL,NULL,NULL,3.873239,-0.999011,174.570000
0,1,1,229.089974,229.176287,0.000000,NULL,NULL,NULL,NULL,NULL,2.827894,2.828960,174.570000
0,1,1,245.161607,229.055184,0.000000,NULL,NULL,NULL,NULL,NULL,2.922807,2.730787,174.570000
0,1,1,212.228256,73.430807,0.000000,NULL,NULL,NULL,NULL,NULL,3.780125,1.307920,174.570000
0,1,1,-258.155969,195.855769,0.000000,NULL,NULL,NULL,NULL,NULL,-3.186686,2.417650,174.570000
0,1,1,212.249798,349.132956,0.000000,NULL,NULL,NULL,NULL,NULL,2.077888,3.417950,174.570000
0,1,1,239.076049,315.370930,0.000000,NULL,NULL,NULL,NULL,NULL,2.416450,3.187596,174.570000
0,1,1,-268.406365,127.737399,0.000000,NULL,NULL,NULL,NULL,NULL,-3.611835,1.718910,174.570000
0,1,1,230.413576,355.817868,0.000000,NULL,NULL,NULL,NULL,NULL,2.174192,3.357512,174.570000
0,1,1,244.701912,262.106416,0.000000,NULL,NULL,NULL,NULL,NULL,2.729686,2.923836,174.570000
0,1,1,-279.791333,261.409835,0.000000,NULL,NULL,NULL,NULL,NULL,-2.922807,2.730787,174.570000
0,1,1,133.222906,-55.182977,0.000000,NULL,NULL,NULL,NULL,NULL,3.695516,-1.530739,174.570000
0,1,1,-118.606827,-82.011733,0.000000,NULL,NULL,NULL,NULL,NULL,-3.290075,-2.274952,174.570000
0,1,1,242.422935,197.311479,0.000000,NULL,NULL,NULL,NULL,NULL,3.102308,2.525012,174.570000
0,1,1,-144.028217,-68.571363,0.000000,NULL,NULL,NULL,NULL,NULL,-3.611573,-1.719458,174.570000
0,1,1,-166.407527,-53.634811,0.000000,NULL,NULL,NULL,NULL,NULL,-3.807135,-1.227078,174.570000
0,1,1,-245.001307,35.199029,0.000000,NULL,NULL,NULL,NULL,NULL,-3.959347,0.568834,174.570000
0,1,1,259.065926,145.752069,0.000000,NULL,NULL,NULL,NULL,NULL,3.486144,1.961326,174.570000
0,1,1,233.911196,80.933087,0.000000,NULL,NULL,NULL,NULL,NULL,3.780125,1.307920,174.570000
0,1,1,-257.802773,316.988214,0.000000,NULL,NULL,NULL,NULL,NULL,-2.523844,3.103259,174.570000
0,1,1,190.156464,0.138139,0.000000,NULL,NULL,NULL,NULL,NULL,3.999999,0.002906,174.570000
0,1,1,261.527192,228.134151,0.000000,NULL,NULL,NULL,NULL,NULL,3.014314,2.629432,174.570000
0,1,1,-274.061496,193.547894,0.000000,NULL,NULL,NULL,NULL,NULL,-3.267351,2.307471,174.570000
0,1,1,-278.105483,226.354013,0.000000,NULL,NULL,NULL,NULL,NULL,-3.102308,2.525012,174.570000
0,1,1,-278.982615,319.163707,0.000000,NULL,NULL,NULL,NULL,NULL,-2.632492,3.011642,174.570000
0,1,1,-267.026916,162.472537,0.000000,NULL,NULL,NULL,NULL,NULL,-3.417167,2.079175,174.570000
0,1,1,-279.783116,279.888528,0.000000,NULL,NULL,NULL,NULL,NULL,-2.827894,2.828960,174.570000
0,1,1,243.605784,279.475929,0.000000,NULL,NULL,NULL,NULL,NULL,2.628296,3.015304,174.570000
0,1,1,-254.313784,48.987598,0.000000,NULL,NULL,NULL,NULL,NULL,-3.927793,0.756597,174.570000
0,1,1,240.445662,96.234969,0.000000,NULL,NULL,NULL,NULL,NULL,3.713605,1.486318,174.570000
0,1,1,158.457414,393.176830,0.000000,NULL,NULL,NULL,NULL,NULL,1.495211,3.710033,174.570000
0,1,1,-94.800600,-87.310009,0.000000,NULL,NULL,NULL,NULL,NULL,-2.942278,-2.709797,174.570000
0,1,1,-279.384144,243.711043,0.000000,NULL,NULL,NULL,NULL,NULL,-3.014314,2.629432,174.570000
0,1,1,-187.718408,-30.352906,0.000000,NULL,NULL,NULL,NULL,NULL,-3.948714,-0.638483,174.570000
0,1,1,-290.149339,190.407520,0.000000,NULL,NULL,NULL,NULL,NULL,-3.344207,2.194602,174.570000
0,1,1,-231.783813,44.647726,0.000000,NULL,NULL,NULL,NULL,NULL,-3.927793,0.756597,174.570000
0,1,1,187.935261,362.800407,0.000000,NULL,NULL,NULL,NULL,NULL,1.839853,3.551752,174.570000
0,1,1,219.144285,87.709395,0.000000,NULL,NULL,NULL,NULL,NULL,3.713605,1.486318,174.570000
0,1,1,220.769211,312.856592,0.000000,NULL,NULL,NULL,NULL,NULL,2.306240,3.268220,174.570000
0,1,1,-270.520519,79.403606,0.000000,NULL,NULL,NULL,NULL,NULL,-3.838081,1.126559,174.570000
0,1,1,-262.843558,63.737276,0.000000,NULL,NULL,NULL,NULL,NULL,-3.887341,0.942646,174.570000
0,1,1,112.677745,-62.561308,0.000000,NULL,NULL,NULL,NULL,NULL,3.497122,-1.941684,174.570000
0,1,1,212.920370,244.272189,0.000000,NULL,NULL,NULL,NULL,NULL,2.628296,3.015304,174.570000
0,1,1,174.626729,-8.582738,0.000000,NULL,NULL,NULL,NULL,NULL,3.995177,-0.196359,174.570000
0,1,1,-244.191967,213.012371,0.000000,NULL,NULL,NULL,NULL,NULL,-3.014314,2.629432,174.570000
0,1,1,217.002454,330.947300,0.000000,NULL,NULL,NULL,NULL,NULL,2.193342,3.345034,174.570000
0,1,1,-235.575203,333.838466,0.000000,NULL,NULL,NULL,NULL,NULL,-2.306240,3.268220,174.570000
0,1,1,226.249237,278.190729,0.000000,NULL,NULL,NULL,NULL,NULL,2.523844,3.103259,174.570000
0,1,1,157.569874,-24.857474,0.000000,NULL,NULL,NULL,NULL,NULL,3.951137,-0.623313,174.570000
0,1,1,-213.100664,-0.025161,0.000000,NULL,NULL,NULL,NULL,NULL,-4.000000,-0.000472,174.570000
0,1,1,-261.304421,279.889784,0.000000,NULL,NULL,NULL,NULL,NULL,-2.729686,2.923836,174.570000
0,1,1,209.253842,40.307855,0.000000,NULL,NULL,NULL,NULL,NULL,3.927793,0.756597,174.570000
0,1,1,246.029666,112.332452,0.000000,NULL,NULL,NULL,NULL,NULL,3.638671,1.661348,174.570000
0,1,1,-126.627403,-68.985539,0.000000,NULL,NULL,NULL,NULL,NULL,-3.512561,-1.913613,174.570000
0,1,1,228.396275,213.391286,0.000000,NULL,NULL,NULL,NULL,NULL,2.922807,2.730787,174.570000
0,1,1,138.319111,-40.759383,0.000000,NULL,NULL,NULL,NULL,NULL,3.836881,-1.130638,174.570000
0,1,1,228.962817,245.247873,0.000000,NULL,NULL,NULL,NULL,NULL,2.729686,2.923836,174.570000
0,1,1,-218.247691,52.923167,0.000000,NULL,NULL,NULL,NULL,NULL,-3.887341,0.942646,174.570000
0,1,1,-260.035495,298.324860,0.000000,NULL,NULL,NULL,NULL,NULL,-2.628296,3.015304,174.570000
0,1,1,-262.014221,244.800628,0.000000,NULL,NULL,NULL,NULL,NULL,-2.922807,2.730787,174.570000
0,1,1,250.602781,129.168611,0.000000,NULL,NULL,NULL,NULL,NULL,3.555493,1.832614,174.570000
0,1,1,-149.935556,-54.456295,0.000000,NULL,NULL,NULL,NULL,NULL,-3.759703,-1.365517,174.570000
0,1,1,-170.460393,-38.876885,0.000000,NULL,NULL,NULL,NULL,NULL,-3.899858,-0.889440,174.570000
0,1,1,-260.217889,211.795046,0.000000,NULL,NULL,NULL,NULL,NULL,-3.102308,2.525012,174.570000
0,1,1,223.970610,295.444984,0.000000,NULL,NULL,NULL,NULL,NULL,2.416450,3.187596,174.570000
0,1,1,-255.319850,180.312156,0.000000,NULL,NULL,NULL,NULL,NULL,-3.267351,2.307471,174.570000
0,1,1,189.529304,15.431868,0.000000,NULL,NULL,NULL,NULL,NULL,3.986806,0.324614,174.570000
0,1,1,162.744903,374.777126,0.000000,NULL,NULL,NULL,NULL,NULL,1.593244,3.669002,174.570000
0,1,1,204.286561,93.273347,0.000000,NULL,NULL,NULL,NULL,NULL,3.638671,1.661348,174.570000
0,1,1,245.353106,245.445546,0.000000,NULL,NULL,NULL,NULL,NULL,2.827894,2.828960,174.570000
0,1,1,-212.249798,349.132956,0.000000,NULL,NULL,NULL,NULL,NULL,-2.077888,3.417950,174.570000
0,1,1,-240.545624,58.330221,0.000000,NULL,NULL,NULL,NULL,NULL,-3.887341,0.942646,174.570000
0,1,1,198.909817,327.189817,0.000000,NULL,NULL,NULL,NULL,NULL,2.077888,3.417950,174.570000
0,1,1,-104.474592,-75.466887,0.000000,NULL,NULL,NULL,NULL,NULL,-3.242525,-2.342228,174.570000
0,1,1,193.917579,344.981381,0.000000,NULL,NULL,NULL,NULL,NULL,1.960013,3.486883,174.570000
0,1,1,-276.482501,209.759599,0.000000,NULL,NULL,NULL,NULL,NULL,-3.186686,2.417650,174.570000
0,1,1,-230.413576,355.817868,0.000000,NULL,NULL,NULL,NULL,NULL,-2.174192,3.357512,174.570000
0,1,1,-262.105700,262.204452,0.000000,NULL,NULL,NULL,NULL,NULL,-2.827894,2.828960,174.570000
0,1,1,195.758509,258.229728,0.000000,NULL,NULL,NULL,NULL,NULL,2.416450,3.187596,174.570000
0,1,1,225.158113,102.802899,0.000000,NULL,NULL,NULL,NULL,NULL,3.638671,1.661348,174.570000
0,1,1,-189.551525,-15.156486,0.000000,NULL,NULL,NULL,NULL,NULL,-3.987274,-0.318821,174.570000
0,1,1,206.742190,292.978611,0.000000,NULL,NULL,NULL,NULL,NULL,2.306240,3.268220,174.570000
0,1,1,-241.599771,297.065384,0.000000,NULL,NULL,NULL,NULL,NULL,-2.523844,3.103259,174.570000
0,1,1,119.294570,-48.774964,0.000000,NULL,NULL,NULL,NULL,NULL,3.702485,-1.513804,174.570000
0,1,1,-239.076049,315.370930,0.000000,NULL,NULL,NULL,NULL,NULL,-2.416450,3.187596,174.570000
0,1,1,-158.457414,393.176830,0.000000,NULL,NULL,NULL,NULL,NULL,-1.495211,3.710033,174.570000
0,1,1,-229.089974,229.176287,0.000000,NULL,NULL,NULL,NULL,NULL,-2.827894,2.828960,174.570000
0,1,1,-248.505143,72.941618,0.000000,NULL,NULL,NULL,NULL,NULL,-3.838081,1.126559,174.570000
0,1,1,-226.489766,66.479631,0.000000,NULL,NULL,NULL,NULL,NULL,-3.838081,1.126559,174.570000
0,1,1,-187.935261,362.800407,0.000000,NULL,NULL,NULL,NULL,NULL,-1.839853,3.551752,174.570000
0,1,1,211.697009,260.297652,0.000000,NULL,NULL,NULL,NULL,NULL,2.523844,3.103259,174.570000
0,1,1,174.708274,6.721361,0.000000,NULL,NULL,NULL,NULL,NULL,3.997043,0.153774,174.570000
0,1,1,136.796117,385.007299,0.000000,NULL,NULL,NULL,NULL,NULL,1.339210,3.769153,174.570000
0,1,1,-245.161607,229.055184,0.000000,NULL,NULL,NULL,NULL,NULL,-2.922807,2.730787,174.570000
0,1,1,203.291681,310.037199,0.000000,NULL,NULL,NULL,NULL,NULL,2.193342,3.345034,174.570000
0,1,1,-244.701912,262.106416,0.000000,NULL,NULL,NULL,NULL,NULL,-2.729686,2.923836,174.570000
0,1,1,159.226608,-9.646062,0.000000,NULL,NULL,NULL,NULL,NULL,3.992680,-0.241879,174.570000
0,1,1,-133.222906,-55.182977,0.000000,NULL,NULL,NULL,NULL,NULL,-3.695516,-1.530739,174.570000
0,1,1,-242.422935,197.311479,0.000000,NULL,NULL,NULL,NULL,NULL,-3.102308,2.525012,174.570000
0,1,1,141.858663,-25.877080,0.000000,NULL,NULL,NULL,NULL,NULL,3.935066,-0.717813,174.570000
0,1,1,209.813901,108.144730,0.000000,NULL,NULL,NULL,NULL,NULL,3.555493,1.832614,174.570000
0,1,1,230.208341,118.656670,0.000000,NULL,NULL,NULL,NULL,NULL,3.555493,1.832614,174.570000
0,1,1,213.305236,228.476641,0.000000,NULL,NULL,NULL,NULL,NULL,2.729686,2.923836,174.570000
0,1,1,176.123458,339.998263,0.000000,NULL,NULL,NULL,NULL,NULL,1.839853,3.551752,174.570000
0,1,1,-154.463329,-39.840170,0.000000,NULL,NULL,NULL,NULL,NULL,-3.873239,-0.999011,174.570000
0,1,1,-255.594136,88.435367,0.000000,NULL,NULL,NULL,NULL,NULL,-3.780125,1.307920,174.570000
0,1,1,-261.747039,104.760544,0.000000,NULL,NULL,NULL,NULL,NULL,-3.713605,1.486318,174.570000
0,1,1,-173.207143,-23.821073,0.000000,NULL,NULL,NULL,NULL,NULL,-3.962700,-0.544988,174.570000
0,1,1,169.929004,357.407770,0.000000,NULL,NULL,NULL,NULL,NULL,1.717549,3.612482,174.570000
0,1,1,-212.228256,73.430807,0.000000,NULL,NULL,NULL,NULL,NULL,-3.780125,1.307920,174.570000
0,1,1,-243.605784,279.475929,0.000000,NULL,NULL,NULL,NULL,NULL,-2.628296,3.015304,174.570000
0,1,1,228.035620,261.613109,0.000000,NULL,NULL,NULL,NULL,NULL,2.628296,3.015304,174.570000
0,1,1,-162.744903,374.777126,0.000000,NULL,NULL,NULL,NULL,NULL,-1.593244,3.669002,174.570000
0,1,1,-212.137974,20.232977,0.000000,NULL,NULL,NULL,NULL,NULL,-3.981930,0.379783,174.570000
0,1,1,187.674111,30.625609,0.000000,NULL,NULL,NULL,NULL,NULL,3.947782,0.644219,174.570000
0,1,1,-220.769211,312.856592,0.000000,NULL,NULL,NULL,NULL,NULL,-2.306240,3.268220,174.570000
0,1,1,177.684369,270.983858,0.000000,NULL,NULL,NULL,NULL,NULL,2.193342,3.345034,174.570000
0,1,1,-217.002454,330.947300,0.000000,NULL,NULL,NULL,NULL,NULL,-2.193342,3.345034,174.570000
0,1,1,186.271677,306.401145,0.000000,NULL,NULL,NULL,NULL,NULL,2.077888,3.417950,174.570000
0,1,1,204.474390,60.017643,0.000000,NULL,NULL,NULL,NULL,NULL,3.838081,1.126559,174.570000
0,1,1,110.209831,393.443250,0.000000,NULL,NULL,NULL,NULL,NULL,1.078935,3.851740,174.570000
0,1,1,-261.527192,228.134151,0.000000,NULL,NULL,NULL,NULL,NULL,-3.014314,2.629432,174.570000
0,1,1,-112.677745,-62.561308,0.000000,NULL,NULL,NULL,NULL,NULL,-3.497122,-1.941684,174.570000
0,1,1,-212.920370,244.272189,0.000000,NULL,NULL,NULL,NULL,NULL,-2.628296,3.015304,174.570000
0,1,1,234.236778,135.212085,0.000000,NULL,NULL,NULL,NULL,NULL,3.464259,1.999727,174.570000
0,1,1,194.494536,112.271062,0.000000,NULL,NULL,NULL,NULL,NULL,3.464259,1.999727,174.570000
0,1,1,237.188685,152.406731,0.000000,NULL,NULL,NULL,NULL,NULL,3.365177,2.162310,174.570000
0,1,1,-259.065926,145.752069,0.000000,NULL,NULL,NULL,NULL,NULL,-3.486144,1.961326,174.570000
0,1,1,-226.249237,278.190729,0.000000,NULL,NULL,NULL,NULL,NULL,-2.523844,3.103259,174.570000
0,1,1,-190.156464,0.138139,0.000000,NULL,NULL,NULL,NULL,NULL,-3.999999,0.002906,174.570000
0,1,1,193.444644,274.134385,0.000000,NULL,NULL,NULL,NULL,NULL,2.306240,3.268220,174.570000
0,1,1,181.665368,323.184571,0.000000,NULL,NULL,NULL,NULL,NULL,1.960013,3.486883,174.570000
0,1,1,83.109941,400.045667,0.000000,NULL,NULL,NULL,NULL,NULL,0.813632,3.916376,174.570000
0,1,1,152.516324,351.222241,0.000000,NULL,NULL,NULL,NULL,NULL,1.593244,3.669002,174.570000
0,1,1,-233.911196,80.933087,0.000000,NULL,NULL,NULL,NULL,NULL,-3.780125,1.307920,174.570000
0,1,1,124.231913,-34.301943,0.000000,NULL,NULL,NULL,NULL,NULL,3.855723,-1.064612,174.570000
0,1,1,145.148521,368.168558,0.000000,NULL,NULL,NULL,NULL,NULL,1.467082,3.721246,174.570000
0,1,1,-193.917579,344.981381,0.000000,NULL,NULL,NULL,NULL,NULL,-1.960013,3.486883,174.570000
0,1,1,-198.909817,327.189817,0.000000,NULL,NULL,NULL,NULL,NULL,-2.077888,3.417950,174.570000
0,1,1,-136.796117,385.007299,0.000000,NULL,NULL,NULL,NULL,NULL,-1.339210,3.769153,174.570000
0,1,1,-228.396275,213.391286,0.000000,NULL,NULL,NULL,NULL,NULL,-2.922807,2.730787,174.570000
0,1,1,-223.970610,295.444984,0.000000,NULL,NULL,NULL,NULL,NULL,-2.416450,3.187596,174.570000
0,1,1,-228.962817,245.247873,0.000000,NULL,NULL,NULL,NULL,NULL,-2.729686,2.923836,174.570000
0,1,1,164.933096,318.395781,0.000000,NULL,NULL,NULL,NULL,NULL,1.839853,3.551752,174.570000
0,1,1,214.365657,123.741573,0.000000,NULL,NULL,NULL,NULL,NULL,3.464259,1.999727,174.570000
0,1,1,55.622740,404.783780,0.000000,NULL,NULL,NULL,NULL,NULL,0.544537,3.962762,174.570000
0,1,1,197.220146,242.497243,0.000000,NULL,NULL,NULL,NULL,NULL,2.523844,3.103259,174.570000
0,1,1,173.451154,21.973959,0.000000,NULL,NULL,NULL,NULL,NULL,3.968282,0.502729,174.570000
0,1,1,158.782180,282.475142,0.000000,NULL,NULL,NULL,NULL,NULL,1.960013,3.486883,174.570000
0,1,1,-219.144285,87.709395,0.000000,NULL,NULL,NULL,NULL,NULL,-3.713605,1.486318,174.570000
0,1,1,-138.319111,-40.759383,0.000000,NULL,NULL,NULL,NULL,NULL,-3.836881,-1.130638,174.570000
0,1,1,-110.209831,393.443250,0.000000,NULL,NULL,NULL,NULL,NULL,-1.078935,3.851740,174.570000
0,1,1,209.655436,276.561496,0.000000,NULL,NULL,NULL,NULL,NULL,2.416450,3.187596,174.570000
0,1,1,-195.758509,258.229728,0.000000,NULL,NULL,NULL,NULL,NULL,-2.416450,3.187596,174.570000
0,1,1,159.418287,5.654104,0.000000,NULL,NULL,NULL,NULL,NULL,3.997487,0.141779,174.570000
0,1,1,-240.445662,96.234969,0.000000,NULL,NULL,NULL,NULL,NULL,-3.713605,1.486318,174.570000
0,1,1,40.538196,421.963773,0.000000,NULL,NULL,NULL,NULL,NULL,0.382520,3.981668,174.570000
0,1,1,143.801730,-10.703555,0.000000,NULL,NULL,NULL,NULL,NULL,3.988965,-0.296910,174.570000
0,1,1,-157.569874,-24.857474,0.000000,NULL,NULL,NULL,NULL,NULL,-3.951137,-0.623313,174.570000
0,1,1,27.876325,407.635509,0.000000,NULL,NULL,NULL,NULL,NULL,0.272904,3.990680,174.570000
0,1,1,-174.626729,-8.582738,0.000000,NULL,NULL,NULL,NULL,NULL,-3.995177,-0.196359,174.570000
0,1,1,-83.109941,400.045667,0.000000,NULL,NULL,NULL,NULL,NULL,-0.813632,3.916376,174.570000
0,1,1,-206.742190,292.978611,0.000000,NULL,NULL,NULL,NULL,NULL,-2.306240,3.268220,174.570000
0,1,1,0.000000,408.587564,0.000000,NULL,NULL,NULL,NULL,NULL,0.000000,4.000000,174.570000
0,1,1,100.533503,411.812805,0.000000,NULL,NULL,NULL,NULL,NULL,0.948638,3.885883,174.570000
0,1,1,-169.929004,357.407770,0.000000,NULL,NULL,NULL,NULL,NULL,-1.717549,3.612482,174.570000
0,1,1,159.192453,334.825829,0.000000,NULL,NULL,NULL,NULL,NULL,1.717549,3.612482,174.570000
0,1,1,-55.622740,404.783780,0.000000,NULL,NULL,NULL,NULL,NULL,-0.544537,3.962762,174.570000
0,1,1,-40.538196,421.963773,0.000000,NULL,NULL,NULL,NULL,NULL,-0.382520,3.981668,174.570000
0,1,1,119.691614,377.213598,0.000000,NULL,NULL,NULL,NULL,NULL,1.209777,3.812668,174.570000
0,1,1,-176.123458,339.998263,0.000000,NULL,NULL,NULL,NULL,NULL,-1.839853,3.551752,174.570000
0,1,1,-27.876325,407.635509,0.000000,NULL,NULL,NULL,NULL,NULL,-0.272904,3.990680,174.570000
0,1,1,128.198429,360.809443,0.000000,NULL,NULL,NULL,NULL,NULL,1.339210,3.769153,174.570000
0,1,1,184.602904,45.620914,0.000000,NULL,NULL,NULL,NULL,NULL,3.883178,0.959650,174.570000
0,1,1,179.573691,236.879947,0.000000,NULL,NULL,NULL,NULL,NULL,2.416450,3.187596,174.570000
0,1,1,198.583124,127.600542,0.000000,NULL,NULL,NULL,NULL,NULL,3.365177,2.162310,174.570000
0,1,1,174.290783,286.693589,0.000000,NULL,NULL,NULL,NULL,NULL,2.077888,3.417950,174.570000
0,1,1,-245.353106,245.445546,0.000000,NULL,NULL,NULL,NULL,NULL,-2.827894,2.828960,174.570000
0,1,1,-204.286561,93.273347,0.000000,NULL,NULL,NULL,NULL,NULL,-3.638671,1.661348,174.570000
0,1,1,-203.291681,310.037199,0.000000,NULL,NULL,NULL,NULL,NULL,-2.193342,3.345034,174.570000
0,1,1,217.885904,140.003637,0.000000,NULL,NULL,NULL,NULL,NULL,3.365177,2.162310,174.570000
0,1,1,-119.294570,-48.774964,0.000000,NULL,NULL,NULL,NULL,NULL,-3.702485,-1.513804,174.570000
0,1,1,142.825889,328.906620,0.000000,NULL,NULL,NULL,NULL,NULL,1.593244,3.669002,174.570000
0,1,1,-209.253842,40.307855,0.000000,NULL,NULL,NULL,NULL,NULL,-3.927793,0.756597,174.570000
0,1,1,-246.029666,112.332452,0.000000,NULL,NULL,NULL,NULL,NULL,-3.638671,1.661348,174.570000
0,1,1,-211.697009,260.297652,0.000000,NULL,NULL,NULL,NULL,NULL,-2.523844,3.103259,174.570000
0,1,1,-250.602781,129.168611,0.000000,NULL,NULL,NULL,NULL,NULL,-3.555493,1.832614,174.570000
0,1,1,139.140030,292.650028,0.000000,NULL,NULL,NULL,NULL,NULL,1.717549,3.612482,174.570000
0,1,1,182.940875,130.251880,0.000000,NULL,NULL,NULL,NULL,NULL,3.258470,2.319994,174.570000
0,1,1,197.842908,79.183821,0.000000,NULL,NULL,NULL,NULL,NULL,3.713605,1.486318,174.570000
0,1,1,-177.684369,270.983858,0.000000,NULL,NULL,NULL,NULL,NULL,-2.193342,3.345034,174.570000
0,1,1,-189.529304,15.431868,0.000000,NULL,NULL,NULL,NULL,NULL,-3.986806,0.324614,174.570000
0,1,1,93.676916,384.500736,0.000000,NULL,NULL,NULL,NULL,NULL,0.946835,3.886323,174.570000
0,1,1,-152.516324,351.222241,0.000000,NULL,NULL,NULL,NULL,NULL,-1.593244,3.669002,174.570000
0,1,1,-186.271677,306.401145,0.000000,NULL,NULL,NULL,NULL,NULL,-2.077888,3.417950,174.570000
0,1,1,180.215966,255.387754,0.000000,NULL,NULL,NULL,NULL,NULL,2.306240,3.268220,174.570000
0,1,1,103.283101,368.715192,0.000000,NULL,NULL,NULL,NULL,NULL,1.078935,3.851740,174.570000
0,1,1,89.902209,283.330925,0.000000,NULL,NULL,NULL,NULL,NULL,1.209777,3.812668,174.570000
0,1,1,127.420263,-19.346005,0.000000,NULL,NULL,NULL,NULL,NULL,3.954678,-0.600432,174.570000
0,1,1,-213.305236,228.476641,0.000000,NULL,NULL,NULL,NULL,NULL,-2.729686,2.923836,174.570000
0,1,1,-145.148521,368.168558,0.000000,NULL,NULL,NULL,NULL,NULL,-1.467082,3.721246,174.570000
0,1,1,220.322288,156.867032,0.000000,NULL,NULL,NULL,NULL,NULL,3.258470,2.319994,174.570000
0,1,1,190.298210,290.221044,0.000000,NULL,NULL,NULL,NULL,NULL,2.193342,3.345034,174.570000
0,1,1,221.626248,174.264426,0.000000,NULL,NULL,NULL,NULL,NULL,3.144380,2.472422,174.570000
0,1,1,-100.533503,411.812805,0.000000,NULL,NULL,NULL,NULL,NULL,-0.948638,3.885883,174.570000
0,1,1,135.977665,344.906723,0.000000,NULL,NULL,NULL,NULL,NULL,1.467082,3.721246,174.570000
0,1,1,-181.665368,323.184571,0.000000,NULL,NULL,NULL,NULL,NULL,-1.960013,3.486883,174.570000
0,1,1,224.002792,195.401046,0.000000,NULL,NULL,NULL,NULL,NULL,3.014314,2.629432,174.570000
0,1,1,67.225663,389.996014,0.000000,NULL,NULL,NULL,NULL,NULL,0.679480,3.941866,174.570000
0,1,1,154.324688,297.916736,0.000000,NULL,NULL,NULL,NULL,NULL,1.839853,3.551752,174.570000
0,1,1,-225.158113,102.802899,0.000000,NULL,NULL,NULL,NULL,NULL,-3.638671,1.661348,174.570000
0,1,1,170.865001,37.058186,0.000000,NULL,NULL,NULL,NULL,NULL,3.909115,0.847831,174.570000
0,1,1,120.053081,337.884680,0.000000,NULL,NULL,NULL,NULL,NULL,1.339210,3.769153,174.570000
0,1,1,77.886450,374.902644,0.000000,NULL,NULL,NULL,NULL,NULL,0.813632,3.916376,174.570000
0,1,1,-228.035620,261.613109,0.000000,NULL,NULL,NULL,NULL,NULL,-2.628296,3.015304,174.570000
0,1,1,-119.691614,377.213598,0.000000,NULL,NULL,NULL,NULL,NULL,-1.209777,3.812668,174.570000
0,1,1,-164.933096,318.395781,0.000000,NULL,NULL,NULL,NULL,NULL,-1.839853,3.551752,174.570000
0,1,1,-141.858663,-25.877080,0.000000,NULL,NULL,NULL,NULL,NULL,-3.935066,-0.717813,174.570000
0,1,1,-193.444644,274.134385,0.000000,NULL,NULL,NULL,NULL,NULL,-2.306240,3.268220,174.570000
0,1,1,-158.782180,282.475142,0.000000,NULL,NULL,NULL,NULL,NULL,-1.960013,3.486883,174.570000
0,1,1,118.849455,301.461098,0.000000,NULL,NULL,NULL,NULL,NULL,1.467082,3.721246,174.570000
0,1,1,158.143148,20.902246,0.000000,NULL,NULL,NULL,NULL,NULL,3.965512,0.524133,174.570000
0,1,1,-128.198429,360.809443,0.000000,NULL,NULL,NULL,NULL,NULL,-1.339210,3.769153,174.570000
0,1,1,-174.708274,6.721361,0.000000,NULL,NULL,NULL,NULL,NULL,-3.997043,0.153774,174.570000
0,1,1,201.631582,143.559456,0.000000,NULL,NULL,NULL,NULL,NULL,3.258470,2.319994,174.570000
0,1,1,40.461122,393.673822,0.000000,NULL,NULL,NULL,NULL,NULL,0.408959,3.979039,174.570000
0,1,1,-159.226608,-9.646062,0.000000,NULL,NULL,NULL,NULL,NULL,-3.992680,-0.241879,174.570000
0,1,1,-209.813901,108.144730,0.000000,NULL,NULL,NULL,NULL,NULL,-3.555493,1.832614,174.570000
0,1,1,144.126443,4.590429,0.000000,NULL,NULL,NULL,NULL,NULL,3.997973,0.127335,174.570000
0,1,1,-93.676916,384.500736,0.000000,NULL,NULL,NULL,NULL,NULL,-0.946835,3.886323,174.570000
0,1,1,52.126830,379.342965,0.000000,NULL,NULL,NULL,NULL,NULL,0.544537,3.962762,174.570000
0,1,1,112.129190,353.380273,0.000000,NULL,NULL,NULL,NULL,NULL,1.209777,3.812668,174.570000
0,1,1,13.508024,395.517021,0.000000,NULL,NULL,NULL,NULL,NULL,0.136532,3.997669,174.570000
0,1,1,-159.192453,334.825829,0.000000,NULL,NULL,NULL,NULL,NULL,-1.717549,3.612482,174.570000
0,1,1,-89.902209,283.330925,0.000000,NULL,NULL,NULL,NULL,NULL,-1.209777,3.812668,174.570000
0,1,1,180.335582,60.320623,0.000000,NULL,NULL,NULL,NULL,NULL,3.793414,1.268863,174.570000
0,1,1,-67.225663,389.996014,0.000000,NULL,NULL,NULL,NULL,NULL,-0.679480,3.941866,174.570000
0,1,1,-13.508024,395.517021,0.000000,NULL,NULL,NULL,NULL,NULL,-0.136532,3.997669,174.570000
0,1,1,-194.494536,112.271062,0.000000,NULL,NULL,NULL,NULL,NULL,-3.464259,1.999727,174.570000
0,1,1,-40.461122,393.673822,0.000000,NULL,NULL,NULL,NULL,NULL,-0.408959,3.979039,174.570000
0,1,1,162.371939,267.088099,0.000000,NULL,NULL,NULL,NULL,NULL,2.077888,3.417950,174.570000
0,1,1,-103.283101,368.715192,0.000000,NULL,NULL,NULL,NULL,NULL,-1.078935,3.851740,174.570000
0,1,1,-142.825889,328.906620,0.000000,NULL,NULL,NULL,NULL,NULL,-1.593244,3.669002,174.570000
0,1,1,-197.220146,242.497243,0.000000,NULL,NULL,NULL,NULL,NULL,-2.523844,3.103259,174.570000
0,1,1,-230.208341,118.656670,0.000000,NULL,NULL,NULL,NULL,NULL,-3.555493,1.832614,174.570000
0,1,1,96.720799,345.288121,0.000000,NULL,NULL,NULL,NULL,NULL,1.078935,3.851740,174.570000
0,1,1,170.054151,302.528095,0.000000,NULL,NULL,NULL,NULL,NULL,1.960013,3.486883,174.570000
0,1,1,-124.231913,-34.301943,0.000000,NULL,NULL,NULL,NULL,NULL,-3.855723,-1.064612,174.570000
0,1,1,26.124288,382.015462,0.000000,NULL,NULL,NULL,NULL,NULL,0.272904,3.990680,174.570000
0,1,1,185.553677,145.900611,0.000000,NULL,NULL,NULL,NULL,NULL,3.144380,2.472422,174.570000
0,1,1,133.639405,307.751524,0.000000,NULL,NULL,NULL,NULL,NULL,1.593244,3.669002,174.570000
0,1,1,-77.886450,374.902644,0.000000,NULL,NULL,NULL,NULL,NULL,-0.813632,3.916376,174.570000
0,1,1,-139.140030,292.650028,0.000000,NULL,NULL,NULL,NULL,NULL,-1.717549,3.612482,174.570000
0,1,1,0.000000,382.907680,0.000000,NULL,NULL,NULL,NULL,NULL,0.000000,4.000000,174.570000
0,1,1,-52.126830,379.342965,0.000000,NULL,NULL,NULL,NULL,NULL,-0.544537,3.962762,174.570000
0,1,1,98.005016,308.867291,0.000000,NULL,NULL,NULL,NULL,NULL,1.209777,3.812668,174.570000
0,1,1,-187.674111,30.625609,0.000000,NULL,NULL,NULL,NULL,NULL,-3.947782,0.644219,174.570000
0,1,1,-174.290783,286.693589,0.000000,NULL,NULL,NULL,NULL,NULL,-2.077888,3.417950,174.570000
0,1,1,-26.124288,382.015462,0.000000,NULL,NULL,NULL,NULL,NULL,-0.272904,3.990680,174.570000
0,1,1,203.589963,160.082518,0.000000,NULL,NULL,NULL,NULL,NULL,3.144380,2.472422,174.570000
0,1,1,-179.573691,236.879947,0.000000,NULL,NULL,NULL,NULL,NULL,-2.416450,3.187596,174.570000
0,1,1,-209.655436,276.561496,0.000000,NULL,NULL,NULL,NULL,NULL,-2.416450,3.187596,174.570000
0,1,1,87.758168,360.206991,0.000000,NULL,NULL,NULL,NULL,NULL,0.946835,3.886323,174.570000
0,1,1,169.730224,147.052939,0.000000,NULL,NULL,NULL,NULL,NULL,3.023167,2.619248,174.570000
0,1,1,-204.474390,60.017643,0.000000,NULL,NULL,NULL,NULL,NULL,-3.838081,1.126559,174.570000
0,1,1,-234.236778,135.212085,0.000000,NULL,NULL,NULL,NULL,NULL,-3.464259,1.999727,174.570000
0,1,1,-237.188685,152.406731,0.000000,NULL,NULL,NULL,NULL,NULL,-3.365177,2.162310,174.570000
0,1,1,72.937775,351.082441,0.000000,NULL,NULL,NULL,NULL,NULL,0.813632,3.916376,174.570000
0,1,1,-135.977665,344.906723,0.000000,NULL,NULL,NULL,NULL,NULL,-1.467082,3.721246,174.570000
0,1,1,128.814735,-4.117705,0.000000,NULL,NULL,NULL,NULL,NULL,3.997958,-0.127799,174.570000
0,1,1,-120.053081,337.884680,0.000000,NULL,NULL,NULL,NULL,NULL,-1.339210,3.769153,174.570000
0,1,1,189.419460,97.632789,0.000000,NULL,NULL,NULL,NULL,NULL,3.555493,1.832614,174.570000
0,1,1,76.703850,314.834093,0.000000,NULL,NULL,NULL,NULL,NULL,0.946835,3.886323,174.570000
0,1,1,62.978173,365.355063,0.000000,NULL,NULL,NULL,NULL,NULL,0.679480,3.941866,174.570000
0,1,1,48.814846,355.240637,0.000000,NULL,NULL,NULL,NULL,NULL,0.544537,3.962762,174.570000
0,1,1,166.969631,51.858463,0.000000,NULL,NULL,NULL,NULL,NULL,3.819995,1.186438,174.570000
0,1,1,-118.849455,301.461098,0.000000,NULL,NULL,NULL,NULL,NULL,-1.467082,3.721246,174.570000
0,1,1,204.412225,177.101154,0.000000,NULL,NULL,NULL,NULL,NULL,3.023167,2.619248,174.570000
0,1,1,143.771222,277.543753,0.000000,NULL,NULL,NULL,NULL,NULL,1.839853,3.551752,174.570000
0,1,1,204.056428,194.543717,0.000000,NULL,NULL,NULL,NULL,NULL,2.895104,2.760140,174.570000
0,1,1,-180.215966,255.387754,0.000000,NULL,NULL,NULL,NULL,NULL,-2.306240,3.268220,174.570000
0,1,1,112.331332,316.152120,0.000000,NULL,NULL,NULL,NULL,NULL,1.339210,3.769153,174.570000
0,1,1,-154.324688,297.916736,0.000000,NULL,NULL,NULL,NULL,NULL,-1.839853,3.551752,174.570000
0,1,1,149.017602,313.425298,0.000000,NULL,NULL,NULL,NULL,NULL,1.717549,3.612482,174.570000
0,1,1,-112.129190,353.380273,0.000000,NULL,NULL,NULL,NULL,NULL,-1.209777,3.812668,174.570000
0,1,1,-214.365657,123.741573,0.000000,NULL,NULL,NULL,NULL,NULL,-3.464259,1.999727,174.570000
0,1,1,-96.720799,345.288121,0.000000,NULL,NULL,NULL,NULL,NULL,-1.078935,3.851740,174.570000
0,1,1,-143.801730,-10.703555,0.000000,NULL,NULL,NULL,NULL,NULL,-3.988965,-0.296910,174.570000
0,1,1,24.464428,357.743331,0.000000,NULL,NULL,NULL,NULL,NULL,0.272904,3.990680,174.570000
0,1,1,37.904685,368.800498,0.000000,NULL,NULL,NULL,NULL,NULL,0.408959,3.979039,174.570000
0,1,1,-173.451154,21.973959,0.000000,NULL,NULL,NULL,NULL,NULL,-3.968282,0.502729,174.570000
0,1,1,-159.418287,5.654104,0.000000,NULL,NULL,NULL,NULL,NULL,-3.997487,0.141779,174.570000
0,1,1,155.412923,35.958065,0.000000,NULL,NULL,NULL,NULL,NULL,3.897050,0.901665,174.570000
0,1,1,-190.298210,290.221044,0.000000,NULL,NULL,NULL,NULL,NULL,-2.193342,3.345034,174.570000
0,1,1,55.045228,319.333696,0.000000,NULL,NULL,NULL,NULL,NULL,0.679480,3.941866,174.570000
0,1,1,0.000000,358.578861,0.000000,NULL,NULL,NULL,NULL,NULL,0.000000,4.000000,174.570000
0,1,1,-72.937775,351.082441,0.000000,NULL,NULL,NULL,NULL,NULL,-0.813632,3.916376,174.570000
0,1,1,-87.758168,360.206991,0.000000,NULL,NULL,NULL,NULL,NULL,-0.946835,3.886323,174.570000
0,1,1,-24.464428,357.743331,0.000000,NULL,NULL,NULL,NULL,NULL,-0.272904,3.990680,174.570000
0,1,1,-198.583124,127.600542,0.000000,NULL,NULL,NULL,NULL,NULL,-3.365177,2.162310,174.570000
0,1,1,174.899796,74.629492,0.000000,NULL,NULL,NULL,NULL,NULL,3.679070,1.569854,174.570000
0,1,1,-98.005016,308.867291,0.000000,NULL,NULL,NULL,NULL,NULL,-1.209777,3.812668,174.570000
0,1,1,142.829148,19.832752,0.000000,NULL,NULL,NULL,NULL,NULL,3.961987,0.550147,174.570000
0,1,1,-48.814846,355.240637,0.000000,NULL,NULL,NULL,NULL,NULL,-0.544537,3.962762,174.570000
0,1,1,12.654553,370.527239,0.000000,NULL,NULL,NULL,NULL,NULL,0.136532,3.997669,174.570000
0,1,1,187.071224,162.077047,0.000000,NULL,NULL,NULL,NULL,NULL,3.023167,2.619248,174.570000
0,1,1,-12.654553,370.527239,0.000000,NULL,NULL,NULL,NULL,NULL,-0.136532,3.997669,174.570000
0,1,1,-62.978173,365.355063,0.000000,NULL,NULL,NULL,NULL,NULL,-0.679480,3.941866,174.570000
0,1,1,-182.940875,130.251880,0.000000,NULL,NULL,NULL,NULL,NULL,-3.258470,2.319994,174.570000
0,1,1,-37.904685,368.800498,0.000000,NULL,NULL,NULL,NULL,NULL,-0.408959,3.979039,174.570000
0,1,1,-133.639405,307.751524,0.000000,NULL,NULL,NULL,NULL,NULL,-1.593244,3.669002,174.570000
0,1,1,33.130082,322.345132,0.000000,NULL,NULL,NULL,NULL,NULL,0.408959,3.979039,174.570000
0,1,1,90.499769,323.079375,0.000000,NULL,NULL,NULL,NULL,NULL,1.078935,3.851740,174.570000
0,1,1,-76.703850,314.834093,0.000000,NULL,NULL,NULL,NULL,NULL,-0.946835,3.886323,174.570000
0,1,1,-184.602904,45.620914,0.000000,NULL,NULL,NULL,NULL,NULL,-3.883178,0.959650,174.570000
0,1,1,-127.420263,-19.346005,0.000000,NULL,NULL,NULL,NULL,NULL,-3.954678,-0.600432,174.570000
0,1,1,170.843576,162.879183,0.000000,NULL,NULL,NULL,NULL,NULL,2.895104,2.760140,174.570000
0,1,1,-217.885904,140.003637,0.000000,NULL,NULL,NULL,NULL,NULL,-3.365177,2.162310,174.570000
0,1,1,-162.371939,267.088099,0.000000,NULL,NULL,NULL,NULL,NULL,-2.077888,3.417950,174.570000
0,1,1,124.500498,286.705991,0.000000,NULL,NULL,NULL,NULL,NULL,1.593244,3.669002,174.570000
0,1,1,11.060542,323.854367,0.000000,NULL,NULL,NULL,NULL,NULL,0.136532,3.997669,174.570000
0,1,1,-55.045228,319.333696,0.000000,NULL,NULL,NULL,NULL,NULL,-0.679480,3.941866,174.570000
0,1,1,-11.060542,323.854367,0.000000,NULL,NULL,NULL,NULL,NULL,-0.136532,3.997669,174.570000
0,1,1,-33.130082,322.345132,0.000000,NULL,NULL,NULL,NULL,NULL,-0.408959,3.979039,174.570000
0,1,1,127.286596,322.861867,0.000000,NULL,NULL,NULL,NULL,NULL,1.467082,3.721246,174.570000
0,1,1,-170.054151,302.528095,0.000000,NULL,NULL,NULL,NULL,NULL,-1.960013,3.486883,174.570000
0,1,1,187.450002,178.711450,0.000000,NULL,NULL,NULL,NULL,NULL,2.895104,2.760140,174.570000
0,1,1,154.982239,162.522065,0.000000,NULL,NULL,NULL,NULL,NULL,2.760482,2.894778,174.570000
0,1,1,68.246457,328.501008,0.000000,NULL,NULL,NULL,NULL,NULL,0.813632,3.916376,174.570000
0,1,1,50.494227,292.931994,0.000000,NULL,NULL,NULL,NULL,NULL,0.679480,3.941866,174.570000
0,1,1,-197.842908,79.183821,0.000000,NULL,NULL,NULL,NULL,NULL,-3.713605,1.486318,174.570000
0,1,1,-221.626248,174.264426,0.000000,NULL,NULL,NULL,NULL,NULL,-3.144380,2.472422,174.570000
0,1,1,128.395695,11.168566,0.000000,NULL,NULL,NULL,NULL,NULL,3.984952,0.346633,174.570000
0,1,1,-112.331332,316.152120,0.000000,NULL,NULL,NULL,NULL,NULL,-1.339210,3.769153,174.570000
0,1,1,-220.322288,156.867032,0.000000,NULL,NULL,NULL,NULL,NULL,-3.258470,2.319994,174.570000
0,1,1,-224.002792,195.401046,0.000000,NULL,NULL,NULL,NULL,NULL,-3.014314,2.629432,174.570000
0,1,1,161.794891,66.261384,0.000000,NULL,NULL,NULL,NULL,NULL,3.701606,1.515953,174.570000
0,1,1,-143.771222,277.543753,0.000000,NULL,NULL,NULL,NULL,NULL,-1.839853,3.551752,174.570000
0,1,1,179.280343,115.197448,0.000000,NULL,NULL,NULL,NULL,NULL,3.365177,2.162310,174.570000
0,1,1,45.675101,332.391751,0.000000,NULL,NULL,NULL,NULL,NULL,0.544537,3.962762,174.570000
0,1,1,-170.865001,37.058186,0.000000,NULL,NULL,NULL,NULL,NULL,-3.909115,0.847831,174.570000
0,1,1,104.962406,330.793827,0.000000,NULL,NULL,NULL,NULL,NULL,1.209777,3.812668,174.570000
0,1,1,-149.017602,313.425298,0.000000,NULL,NULL,NULL,NULL,NULL,-1.717549,3.612482,174.570000
0,1,1,-201.631582,143.559456,0.000000,NULL,NULL,NULL,NULL,NULL,-3.258470,2.319994,174.570000
0,1,1,-90.499769,323.079375,0.000000,NULL,NULL,NULL,NULL,NULL,-1.078935,3.851740,174.570000
0,1,1,-50.494227,292.931994,0.000000,NULL,NULL,NULL,NULL,NULL,-0.679480,3.941866,174.570000
0,1,1,-144.126443,4.590429,0.000000,NULL,NULL,NULL,NULL,NULL,-3.997973,0.127335,174.570000
0,1,1,104.649574,294.532114,0.000000,NULL,NULL,NULL,NULL,NULL,1.339210,3.769153,174.570000
0,1,1,-158.143148,20.902246,0.000000,NULL,NULL,NULL,NULL,NULL,-3.965512,0.524133,174.570000
0,1,1,151.252733,50.683032,0.000000,NULL,NULL,NULL,NULL,NULL,3.792732,1.270900,174.570000
0,1,1,168.330766,88.454807,0.000000,NULL,NULL,NULL,NULL,NULL,3.540889,1.860674,174.570000
0,1,1,186.650695,195.731179,0.000000,NULL,NULL,NULL,NULL,NULL,2.760482,2.894778,174.570000
0,1,1,-185.553677,145.900611,0.000000,NULL,NULL,NULL,NULL,NULL,-3.144380,2.472422,174.570000
0,1,1,22.890889,334.733474,0.000000,NULL,NULL,NULL,NULL,NULL,0.272904,3.990680,174.570000
0,1,1,184.638364,213.060926,0.000000,NULL,NULL,NULL,NULL,NULL,2.619605,3.022858,174.570000
0,1,1,-169.730224,147.052939,0.000000,NULL,NULL,NULL,NULL,NULL,-3.023167,2.619248,174.570000
0,1,1,-68.246457,328.501008,0.000000,NULL,NULL,NULL,NULL,NULL,-0.813632,3.916376,174.570000
0,1,1,0.000000,335.515262,0.000000,NULL,NULL,NULL,NULL,NULL,0.000000,4.000000,174.570000
0,1,1,139.924445,34.851875,0.000000,NULL,NULL,NULL,NULL,NULL,3.881412,0.966768,174.570000
0,1,1,-45.675101,332.391751,0.000000,NULL,NULL,NULL,NULL,NULL,-0.544537,3.962762,174.570000
0,1,1,-22.890889,334.733474,0.000000,NULL,NULL,NULL,NULL,NULL,-0.272904,3.990680,174.570000
0,1,1,-180.335582,60.320623,0.000000,NULL,NULL,NULL,NULL,NULL,-3.793414,1.268863,174.570000
0,1,1,-124.500498,286.705991,0.000000,NULL,NULL,NULL,NULL,NULL,-1.593244,3.669002,174.570000
0,1,1,170.816467,179.126622,0.000000,NULL,NULL,NULL,NULL,NULL,2.760482,2.894778,174.570000
0,1,1,82.149068,337.184213,0.000000,NULL,NULL,NULL,NULL,NULL,0.946835,3.886323,174.570000
0,1,1,-128.814735,-4.117705,0.000000,NULL,NULL,NULL,NULL,NULL,-3.997958,-0.127799,174.570000
0,1,1,-203.589963,160.082518,0.000000,NULL,NULL,NULL,NULL,NULL,-3.144380,2.472422,174.570000
0,1,1,84.310959,300.985650,0.000000,NULL,NULL,NULL,NULL,NULL,1.078935,3.851740,174.570000
0,1,1,-127.286596,322.861867,0.000000,NULL,NULL,NULL,NULL,NULL,-1.467082,3.721246,174.570000
0,1,1,154.586056,178.382474,0.000000,NULL,NULL,NULL,NULL,NULL,2.619605,3.022858,174.570000
0,1,1,138.830500,176.519144,0.000000,NULL,NULL,NULL,NULL,NULL,2.472793,3.144089,174.570000
0,1,1,58.952897,342.003244,0.000000,NULL,NULL,NULL,NULL,NULL,0.679480,3.941866,174.570000
0,1,1,162.993875,248.579598,0.000000,NULL,NULL,NULL,NULL,NULL,2.193342,3.345034,174.570000
0,1,1,-204.056428,194.543717,0.000000,NULL,NULL,NULL,NULL,NULL,-2.895104,2.760140,174.570000
0,1,1,-104.962406,330.793827,0.000000,NULL,NULL,NULL,NULL,NULL,-1.209777,3.812668,174.570000
0,1,1,-204.412225,177.101154,0.000000,NULL,NULL,NULL,NULL,NULL,-3.023167,2.619248,174.570000
0,1,1,169.612210,195.721700,0.000000,NULL,NULL,NULL,NULL,NULL,2.619605,3.022858,174.570000
0,1,1,-104.649574,294.532114,0.000000,NULL,NULL,NULL,NULL,NULL,-1.339210,3.769153,174.570000
0,1,1,63.579435,306.036525,0.000000,NULL,NULL,NULL,NULL,NULL,0.813632,3.916376,174.570000
0,1,1,155.380432,80.156592,0.000000,NULL,NULL,NULL,NULL,NULL,3.554853,1.833853,174.570000
0,1,1,-189.419460,97.632789,0.000000,NULL,NULL,NULL,NULL,NULL,-3.555493,1.832614,174.570000
0,1,1,126.169044,26.297601,0.000000,NULL,NULL,NULL,NULL,NULL,3.915845,0.816185,174.570000
0,1,1,35.481991,345.228462,0.000000,NULL,NULL,NULL,NULL,NULL,0.408959,3.979039,174.570000
0,1,1,-166.969631,51.858463,0.000000,NULL,NULL,NULL,NULL,NULL,-3.819995,1.186438,174.570000
0,1,1,-82.149068,337.184213,0.000000,NULL,NULL,NULL,NULL,NULL,-0.946835,3.886323,174.570000
0,1,1,-187.071224,162.077047,0.000000,NULL,NULL,NULL,NULL,NULL,-3.023167,2.619248,174.570000
0,1,1,160.671056,101.706989,0.000000,NULL,NULL,NULL,NULL,NULL,3.379764,2.139437,174.570000
0,1,1,167.517392,131.718704,0.000000,NULL,NULL,NULL,NULL,NULL,3.144380,2.472422,174.570000
0,1,1,-170.843576,162.879183,0.000000,NULL,NULL,NULL,NULL,NULL,-2.895104,2.760140,174.570000
0,1,1,-155.412923,35.958065,0.000000,NULL,NULL,NULL,NULL,NULL,-3.897050,0.901665,174.570000
0,1,1,-142.829148,19.832752,0.000000,NULL,NULL,NULL,NULL,NULL,-3.961987,0.550147,174.570000
0,1,1,11.845732,346.844838,0.000000,NULL,NULL,NULL,NULL,NULL,0.136532,3.997669,174.570000
0,1,1,-84.310959,300.985650,0.000000,NULL,NULL,NULL,NULL,NULL,-1.078935,3.851740,174.570000
0,1,1,-154.982239,162.522065,0.000000,NULL,NULL,NULL,NULL,NULL,-2.760482,2.894778,174.570000
0,1,1,-58.952897,342.003244,0.000000,NULL,NULL,NULL,NULL,NULL,-0.679480,3.941866,174.570000
0,1,1,145.700857,64.941660,0.000000,NULL,NULL,NULL,NULL,NULL,3.653516,1.628442,174.570000
0,1,1,42.551618,309.661200,0.000000,NULL,NULL,NULL,NULL,NULL,0.544537,3.962762,174.570000
0,1,1,-11.845732,346.844838,0.000000,NULL,NULL,NULL,NULL,NULL,-0.136532,3.997669,174.570000
0,1,1,-35.481991,345.228462,0.000000,NULL,NULL,NULL,NULL,NULL,-0.408959,3.979039,174.570000
0,1,1,167.198573,212.588366,0.000000,NULL,NULL,NULL,NULL,NULL,2.472793,3.144089,174.570000
0,1,1,163.547936,229.648333,0.000000,NULL,NULL,NULL,NULL,NULL,2.320379,3.258196,174.570000
0,1,1,-174.899796,74.629492,0.000000,NULL,NULL,NULL,NULL,NULL,-3.679070,1.569854,174.570000
0,1,1,135.445024,49.478774,0.000000,NULL,NULL,NULL,NULL,NULL,3.757156,1.372509,174.570000
0,1,1,-63.579435,306.036525,0.000000,NULL,NULL,NULL,NULL,NULL,-0.813632,3.916376,174.570000
0,1,1,21.325500,311.842785,0.000000,NULL,NULL,NULL,NULL,NULL,0.272904,3.990680,174.570000
0,1,1,153.014537,194.553755,0.000000,NULL,NULL,NULL,NULL,NULL,2.472793,3.144089,174.570000
0,1,1,0.000000,312.571111,0.000000,NULL,NULL,NULL,NULL,NULL,0.000000,4.000000,174.570000
0,1,1,-42.551618,309.661200,0.000000,NULL,NULL,NULL,NULL,NULL,-0.544537,3.962762,174.570000
0,1,1,-187.450002,178.711450,0.000000,NULL,NULL,NULL,NULL,NULL,-2.895104,2.760140,174.570000
0,1,1,-21.325500,311.842785,0.000000,NULL,NULL,NULL,NULL,NULL,-0.272904,3.990680,174.570000
0,1,1,136.928370,192.270063,0.000000,NULL,NULL,NULL,NULL,NULL,2.320379,3.258196,174.570000
0,1,1,121.421301,188.917399,0.000000,NULL,NULL,NULL,NULL,NULL,2.162708,3.364921,174.570000
0,1,1,-128.395695,11.168566,0.000000,NULL,NULL,NULL,NULL,NULL,-3.984952,0.346633,174.570000
0,1,1,150.238153,210.959198,0.000000,NULL,NULL,NULL,NULL,NULL,2.320379,3.258196,174.570000
0,1,1,-184.638364,213.060926,0.000000,NULL,NULL,NULL,NULL,NULL,-2.619605,3.022858,174.570000
0,1,1,147.775402,93.437617,0.000000,NULL,NULL,NULL,NULL,NULL,3.380862,2.137702,174.570000
0,1,1,-161.794891,66.261384,0.000000,NULL,NULL,NULL,NULL,NULL,-3.701606,1.515953,174.570000
0,1,1,-186.650695,195.731179,0.000000,NULL,NULL,NULL,NULL,NULL,-2.760482,2.894778,174.570000
0,1,1,-179.280343,115.197448,0.000000,NULL,NULL,NULL,NULL,NULL,-3.365177,2.162310,174.570000
0,1,1,-138.830500,176.519144,0.000000,NULL,NULL,NULL,NULL,NULL,-2.472793,3.144089,174.570000
0,1,1,151.970295,114.300172,0.000000,NULL,NULL,NULL,NULL,NULL,3.196741,2.404339,174.570000
0,1,1,122.166128,41.056406,0.000000,NULL,NULL,NULL,NULL,NULL,3.791608,1.274247,174.570000
0,1,1,-154.586056,178.382474,0.000000,NULL,NULL,NULL,NULL,NULL,-2.619605,3.022858,174.570000
0,1,1,-170.816467,179.126622,0.000000,NULL,NULL,NULL,NULL,NULL,-2.760482,2.894778,174.570000
0,1,1,-151.252733,50.683032,0.000000,NULL,NULL,NULL,NULL,NULL,-3.792732,1.270900,174.570000
0,1,1,-168.330766,88.454807,0.000000,NULL,NULL,NULL,NULL,NULL,-3.540889,1.860674,174.570000
0,1,1,140.976169,244.155696,0.000000,NULL,NULL,NULL,NULL,NULL,2.000136,3.464023,174.570000
0,1,1,-139.924445,34.851875,0.000000,NULL,NULL,NULL,NULL,NULL,-3.881412,0.966768,174.570000
0,1,1,154.237149,147.046915,0.000000,NULL,NULL,NULL,NULL,NULL,2.895104,2.760140,174.570000
0,1,1,146.232048,227.520030,0.000000,NULL,NULL,NULL,NULL,NULL,2.162708,3.364921,174.570000
0,1,1,-162.993875,248.579598,0.000000,NULL,NULL,NULL,NULL,NULL,-2.193342,3.345034,174.570000
0,1,1,138.808378,78.602756,0.000000,NULL,NULL,NULL,NULL,NULL,3.480684,1.971000,174.570000
0,1,1,133.826675,208.218715,0.000000,NULL,NULL,NULL,NULL,NULL,2.162708,3.364921,174.570000
0,1,1,102.912328,199.604531,0.000000,NULL,NULL,NULL,NULL,NULL,1.833033,3.555276,174.570000
0,1,1,118.030454,204.416163,0.000000,NULL,NULL,NULL,NULL,NULL,2.000136,3.464023,174.570000
0,1,1,129.441296,63.548835,0.000000,NULL,NULL,NULL,NULL,NULL,3.590616,1.762803,174.570000
0,1,1,-169.612210,195.721700,0.000000,NULL,NULL,NULL,NULL,NULL,-2.619605,3.022858,174.570000
0,1,1,-126.169044,26.297601,0.000000,NULL,NULL,NULL,NULL,NULL,-3.915845,0.816185,174.570000
0,1,1,-163.547936,229.648333,0.000000,NULL,NULL,NULL,NULL,NULL,-2.320379,3.258196,174.570000
0,1,1,-121.421301,188.917399,0.000000,NULL,NULL,NULL,NULL,NULL,-2.162708,3.364921,174.570000
0,1,1,129.503311,224.285929,0.000000,NULL,NULL,NULL,NULL,NULL,2.000136,3.464023,174.570000
0,1,1,-167.198573,212.588366,0.000000,NULL,NULL,NULL,NULL,NULL,-2.472793,3.144089,174.570000
0,1,1,139.038075,106.002696,0.000000,NULL,NULL,NULL,NULL,NULL,3.180967,2.425170,174.570000
0,1,1,-136.928370,192.270063,0.000000,NULL,NULL,NULL,NULL,NULL,-2.320379,3.258196,174.570000
0,1,1,-155.380432,80.156592,0.000000,NULL,NULL,NULL,NULL,NULL,-3.554853,1.833853,174.570000
0,1,1,142.284859,126.152759,0.000000,NULL,NULL,NULL,NULL,NULL,2.993005,2.653662,174.570000
0,1,1,-153.014537,194.553755,0.000000,NULL,NULL,NULL,NULL,NULL,-2.472793,3.144089,174.570000
0,1,1,109.023283,276.537057,0.000000,NULL,NULL,NULL,NULL,NULL,1.467082,3.721246,174.570000
0,1,1,-160.671056,101.706989,0.000000,NULL,NULL,NULL,NULL,NULL,-3.379764,2.139437,174.570000
0,1,1,-167.517392,131.718704,0.000000,NULL,NULL,NULL,NULL,NULL,-3.144380,2.472422,174.570000
0,1,1,117.127509,256.451615,0.000000,NULL,NULL,NULL,NULL,NULL,1.661777,3.638474,174.570000
0,1,1,123.941024,240.390929,0.000000,NULL,NULL,NULL,NULL,NULL,1.833033,3.555276,174.570000
0,1,1,83.471224,208.483742,0.000000,NULL,NULL,NULL,NULL,NULL,1.486756,3.713429,174.570000
0,1,1,-145.700857,64.941660,0.000000,NULL,NULL,NULL,NULL,NULL,-3.653516,1.628442,174.570000
0,1,1,113.426676,219.997730,0.000000,NULL,NULL,NULL,NULL,NULL,1.833033,3.555276,174.570000
0,1,1,98.063474,214.710760,0.000000,NULL,NULL,NULL,NULL,NULL,1.661777,3.638474,174.570000
0,1,1,116.443304,55.237201,0.000000,NULL,NULL,NULL,NULL,NULL,3.613992,1.714369,174.570000
0,1,1,130.638713,91.540623,0.000000,NULL,NULL,NULL,NULL,NULL,3.275826,2.295423,174.570000
0,1,1,-135.445024,49.478774,0.000000,NULL,NULL,NULL,NULL,NULL,-3.757156,1.372509,174.570000
0,1,1,139.559901,161.043247,0.000000,NULL,NULL,NULL,NULL,NULL,2.619605,3.022858,174.570000
0,1,1,-150.238153,210.959198,0.000000,NULL,NULL,NULL,NULL,NULL,-2.320379,3.258196,174.570000
0,1,1,-102.912328,199.604531,0.000000,NULL,NULL,NULL,NULL,NULL,-1.833033,3.555276,174.570000
0,1,1,-140.976169,244.155696,0.000000,NULL,NULL,NULL,NULL,NULL,-2.000136,3.464023,174.570000
0,1,1,121.980828,76.903714,0.000000,NULL,NULL,NULL,NULL,NULL,3.383668,2.133258,174.570000
0,1,1,-118.030454,204.416163,0.000000,NULL,NULL,NULL,NULL,NULL,-2.000136,3.464023,174.570000
0,1,1,107.595492,235.581187,0.000000,NULL,NULL,NULL,NULL,NULL,1.661777,3.638474,174.570000
0,1,1,-146.232048,227.520030,0.000000,NULL,NULL,NULL,NULL,NULL,-2.162708,3.364921,174.570000
0,1,1,-133.826675,208.218715,0.000000,NULL,NULL,NULL,NULL,NULL,-2.162708,3.364921,174.570000
0,1,1,63.274078,215.474609,0.000000,NULL,NULL,NULL,NULL,NULL,1.127013,3.837948,174.570000
0,1,1,-147.775402,93.437617,0.000000,NULL,NULL,NULL,NULL,NULL,-3.380862,2.137702,174.570000
0,1,1,129.235397,117.755551,0.000000,NULL,NULL,NULL,NULL,NULL,2.956697,2.694057,174.570000
0,1,1,92.217964,266.424719,0.000000,NULL,NULL,NULL,NULL,NULL,1.308367,3.779971,174.570000
0,1,1,131.677504,137.187954,0.000000,NULL,NULL,NULL,NULL,NULL,2.769876,2.885790,174.570000
0,1,1,-122.166128,41.056406,0.000000,NULL,NULL,NULL,NULL,NULL,-3.791608,1.274247,174.570000
0,1,1,-151.970295,114.300172,0.000000,NULL,NULL,NULL,NULL,NULL,-3.196741,2.404339,174.570000
0,1,1,77.208284,223.060611,0.000000,NULL,NULL,NULL,NULL,NULL,1.308367,3.779971,174.570000
0,1,1,100.527403,251.084483,0.000000,NULL,NULL,NULL,NULL,NULL,1.486756,3.713429,174.570000
0,1,1,91.999313,229.784113,0.000000,NULL,NULL,NULL,NULL,NULL,1.486756,3.713429,174.570000
0,1,1,-83.471224,208.483742,0.000000,NULL,NULL,NULL,NULL,NULL,-1.486756,3.713429,174.570000
0,1,1,-154.237149,147.046915,0.000000,NULL,NULL,NULL,NULL,NULL,-2.895104,2.760140,174.570000
0,1,1,-109.023283,276.537057,0.000000,NULL,NULL,NULL,NULL,NULL,-1.467082,3.721246,174.570000
0,1,1,-129.503311,224.285929,0.000000,NULL,NULL,NULL,NULL,NULL,-2.000136,3.464023,174.570000
0,1,1,-138.808378,78.602756,0.000000,NULL,NULL,NULL,NULL,NULL,-3.480684,1.971000,174.570000
0,1,1,-117.127509,256.451615,0.000000,NULL,NULL,NULL,NULL,NULL,-1.661777,3.638474,174.570000
0,1,1,-98.063474,214.710760,0.000000,NULL,NULL,NULL,NULL,NULL,-1.661777,3.638474,174.570000
0,1,1,42.503827,220.513811,0.000000,NULL,NULL,NULL,NULL,NULL,0.757061,3.927704,174.570000
0,1,1,121.267033,103.636219,0.000000,NULL,NULL,NULL,NULL,NULL,3.040826,2.598726,174.570000
0,1,1,123.618587,173.580928,0.000000,NULL,NULL,NULL,NULL,NULL,2.320379,3.258196,174.570000
0,1,1,-113.426676,219.997730,0.000000,NULL,NULL,NULL,NULL,NULL,-1.833033,3.555276,174.570000
0,1,1,-129.441296,63.548835,0.000000,NULL,NULL,NULL,NULL,NULL,-3.590616,1.762803,174.570000
0,1,1,-123.941024,240.390929,0.000000,NULL,NULL,NULL,NULL,NULL,-1.833033,3.555276,174.570000
0,1,1,109.081139,68.640343,0.000000,NULL,NULL,NULL,NULL,NULL,3.385496,2.130356,174.570000
0,1,1,84.713124,244.742665,0.000000,NULL,NULL,NULL,NULL,NULL,1.308367,3.779971,174.570000
0,1,1,-63.274078,215.474609,0.000000,NULL,NULL,NULL,NULL,NULL,-1.127013,3.837948,174.570000
0,1,1,30.390970,295.694452,0.000000,NULL,NULL,NULL,NULL,NULL,0.408959,3.979039,174.570000
0,1,1,66.473154,273.984678,0.000000,NULL,NULL,NULL,NULL,NULL,0.943105,3.887229,174.570000
0,1,1,55.653778,229.390088,0.000000,NULL,NULL,NULL,NULL,NULL,0.943105,3.887229,174.570000
0,1,1,69.738665,237.489222,0.000000,NULL,NULL,NULL,NULL,NULL,1.127013,3.837948,174.570000
0,1,1,21.348596,223.555705,0.000000,NULL,NULL,NULL,NULL,NULL,0.380253,3.981885,174.570000
0,1,1,76.203252,259.503835,0.000000,NULL,NULL,NULL,NULL,NULL,1.127013,3.837948,174.570000
0,1,1,113.147580,89.393113,0.000000,NULL,NULL,NULL,NULL,NULL,3.138639,2.479706,174.570000
0,1,1,-142.284859,126.152759,0.000000,NULL,NULL,NULL,NULL,NULL,-2.993005,2.653662,174.570000
0,1,1,120.216960,147.334254,0.000000,NULL,NULL,NULL,NULL,NULL,2.528800,3.099221,174.570000
0,1,1,-30.390970,295.694452,0.000000,NULL,NULL,NULL,NULL,NULL,-0.408959,3.979039,174.570000
0,1,1,-42.503827,220.513811,0.000000,NULL,NULL,NULL,NULL,NULL,-0.757061,3.927704,174.570000
0,1,1,-107.595492,235.581187,0.000000,NULL,NULL,NULL,NULL,NULL,-1.661777,3.638474,174.570000
0,1,1,-139.038075,106.002696,0.000000,NULL,NULL,NULL,NULL,NULL,-3.180967,2.425170,174.570000
0,1,1,-77.208284,223.060611,0.000000,NULL,NULL,NULL,NULL,NULL,-1.308367,3.779971,174.570000
0,1,1,-92.217964,266.424719,0.000000,NULL,NULL,NULL,NULL,NULL,-1.308367,3.779971,174.570000
0,1,1,0.000000,224.572741,0.000000,NULL,NULL,NULL,NULL,NULL,0.000000,4.000000,174.570000
0,1,1,118.442481,128.606130,0.000000,NULL,NULL,NULL,NULL,NULL,2.709773,2.942301,174.570000
0,1,1,-21.348596,223.555705,0.000000,NULL,NULL,NULL,NULL,NULL,-0.380253,3.981885,174.570000
0,1,1,33.595188,233.641860,0.000000,NULL,NULL,NULL,NULL,NULL,0.569302,3.959280,174.570000
0,1,1,40.126262,279.063016,0.000000,NULL,NULL,NULL,NULL,NULL,0.569302,3.959280,174.570000
0,1,1,-91.999313,229.784113,0.000000,NULL,NULL,NULL,NULL,NULL,-1.486756,3.713429,174.570000
0,1,1,61.063466,251.687383,0.000000,NULL,NULL,NULL,NULL,NULL,0.943105,3.887229,174.570000
0,1,1,-116.443304,55.237201,0.000000,NULL,NULL,NULL,NULL,NULL,-3.613992,1.714369,174.570000
0,1,1,-100.527403,251.084483,0.000000,NULL,NULL,NULL,NULL,NULL,-1.486756,3.713429,174.570000
0,1,1,-139.559901,161.043247,0.000000,NULL,NULL,NULL,NULL,NULL,-2.619605,3.022858,174.570000
0,1,1,-55.653778,229.390088,0.000000,NULL,NULL,NULL,NULL,NULL,-0.943105,3.887229,174.570000
0,1,1,46.846358,243.043269,0.000000,NULL,NULL,NULL,NULL,NULL,0.757061,3.927704,174.570000
0,1,1,-66.473154,273.984678,0.000000,NULL,NULL,NULL,NULL,NULL,-0.943105,3.887229,174.570000
0,1,1,-130.638713,91.540623,0.000000,NULL,NULL,NULL,NULL,NULL,-3.275826,2.295423,174.570000
0,1,1,51.188890,265.572728,0.000000,NULL,NULL,NULL,NULL,NULL,0.757061,3.927704,174.570000
0,1,1,11.232308,235.777418,0.000000,NULL,NULL,NULL,NULL,NULL,0.190342,3.995469,174.570000
0,1,1,13.415926,281.613737,0.000000,NULL,NULL,NULL,NULL,NULL,0.190342,3.995469,174.570000
0,1,1,106.557596,184.546396,0.000000,NULL,NULL,NULL,NULL,NULL,2.000136,3.464023,174.570000
0,1,1,-33.595188,233.641860,0.000000,NULL,NULL,NULL,NULL,NULL,-0.569302,3.959280,174.570000
0,1,1,-11.232308,235.777418,0.000000,NULL,NULL,NULL,NULL,NULL,-0.190342,3.995469,174.570000
0,1,1,110.779567,114.778250,0.000000,NULL,NULL,NULL,NULL,NULL,2.777848,2.878117,174.570000
0,1,1,-40.126262,279.063016,0.000000,NULL,NULL,NULL,NULL,NULL,-0.569302,3.959280,174.570000
0,1,1,-84.713124,244.742665,0.000000,NULL,NULL,NULL,NULL,NULL,-1.308367,3.779971,174.570000
0,1,1,-13.415926,281.613737,0.000000,NULL,NULL,NULL,NULL,NULL,-0.190342,3.995469,174.570000
0,1,1,-69.738665,237.489222,0.000000,NULL,NULL,NULL,NULL,NULL,-1.127013,3.837948,174.570000
0,1,1,-121.980828,76.903714,0.000000,NULL,NULL,NULL,NULL,NULL,-3.383668,2.133258,174.570000
0,1,1,36.860725,256.352438,0.000000,NULL,NULL,NULL,NULL,NULL,0.569302,3.959280,174.570000
0,1,1,-76.203252,259.503835,0.000000,NULL,NULL,NULL,NULL,NULL,-1.127013,3.837948,174.570000
0,1,1,23.529740,246.395948,0.000000,NULL,NULL,NULL,NULL,NULL,0.380253,3.981885,174.570000
0,1,1,107.977482,156.525918,0.000000,NULL,NULL,NULL,NULL,NULL,2.271339,3.292570,174.570000
0,1,1,100.183281,81.077134,0.000000,NULL,NULL,NULL,NULL,NULL,3.109338,2.516350,174.570000
0,1,1,25.710883,269.236191,0.000000,NULL,NULL,NULL,NULL,NULL,0.380253,3.981885,174.570000
0,1,1,-131.677504,137.187954,0.000000,NULL,NULL,NULL,NULL,NULL,-2.769876,2.885790,174.570000
0,1,1,-129.235397,117.755551,0.000000,NULL,NULL,NULL,NULL,NULL,-2.956697,2.694057,174.570000
0,1,1,-46.846358,243.043269,0.000000,NULL,NULL,NULL,NULL,NULL,-0.757061,3.927704,174.570000
0,1,1,-61.063466,251.687383,0.000000,NULL,NULL,NULL,NULL,NULL,-0.943105,3.887229,174.570000
0,1,1,106.742024,138.471290,0.000000,NULL,NULL,NULL,NULL,NULL,2.442085,3.167999,174.570000
0,1,1,0.000000,247.516892,0.000000,NULL,NULL,NULL,NULL,NULL,0.000000,4.000000,174.570000
0,1,1,-51.188890,265.572728,0.000000,NULL,NULL,NULL,NULL,NULL,-0.757061,3.927704,174.570000
0,1,1,12.324117,258.695577,0.000000,NULL,NULL,NULL,NULL,NULL,0.190342,3.995469,174.570000
0,1,1,103.040963,100.876477,0.000000,NULL,NULL,NULL,NULL,NULL,2.858288,2.798247,174.570000
0,1,1,-23.529740,246.395948,0.000000,NULL,NULL,NULL,NULL,NULL,-0.380253,3.981885,174.570000
0,1,1,0.000000,270.461044,0.000000,NULL,NULL,NULL,NULL,NULL,0.000000,4.000000,174.570000
0,1,1,-36.860725,256.352438,0.000000,NULL,NULL,NULL,NULL,NULL,-0.569302,3.959280,174.570000
0,1,1,-25.710883,269.236191,0.000000,NULL,NULL,NULL,NULL,NULL,-0.380253,3.981885,174.570000
0,1,1,-12.324117,258.695577,0.000000,NULL,NULL,NULL,NULL,NULL,-0.190342,3.995469,174.570000
0,1,1,-123.618587,173.580928,0.000000,NULL,NULL,NULL,NULL,NULL,-2.320379,3.258196,174.570000
0,1,1,-121.267033,103.636219,0.000000,NULL,NULL,NULL,NULL,NULL,-3.040826,2.598726,174.570000
0,1,1,88.531457,193.840333,0.000000,NULL,NULL,NULL,NULL,NULL,1.661777,3.638474,174.570000
0,1,1,-109.081139,68.640343,0.000000,NULL,NULL,NULL,NULL,NULL,-3.385496,2.130356,174.570000
0,1,1,99.272810,124.864199,0.000000,NULL,NULL,NULL,NULL,NULL,2.489311,3.131027,174.570000
0,1,1,95.038377,164.703390,0.000000,NULL,NULL,NULL,NULL,NULL,1.999161,3.464586,174.570000
0,1,1,-120.216960,147.334254,0.000000,NULL,NULL,NULL,NULL,NULL,-2.528800,3.099221,174.570000
0,1,1,-113.147580,89.393113,0.000000,NULL,NULL,NULL,NULL,NULL,-3.138639,2.479706,174.570000
0,1,1,-118.442481,128.606130,0.000000,NULL,NULL,NULL,NULL,NULL,-2.709773,2.942301,174.570000
0,1,1,94.223678,147.275444,0.000000,NULL,NULL,NULL,NULL,NULL,2.155686,3.369424,174.570000
0,1,1,-106.557596,184.546396,0.000000,NULL,NULL,NULL,NULL,NULL,-2.000136,3.464023,174.570000
0,1,1,89.874998,92.372486,0.000000,NULL,NULL,NULL,NULL,NULL,2.789405,2.866918,174.570000
0,1,1,91.774715,111.224571,0.000000,NULL,NULL,NULL,NULL,NULL,2.545770,3.085296,174.570000
0,1,1,69.703444,201.378558,0.000000,NULL,NULL,NULL,NULL,NULL,1.308367,3.779971,174.570000
0,1,1,-110.779567,114.778250,0.000000,NULL,NULL,NULL,NULL,NULL,-2.777848,2.878117,174.570000
0,1,1,81.483481,171.813684,0.000000,NULL,NULL,NULL,NULL,NULL,1.714030,3.614153,174.570000
0,1,1,-107.977482,156.525918,0.000000,NULL,NULL,NULL,NULL,NULL,-2.271339,3.292570,174.570000
0,1,1,86.852638,133.801265,0.000000,NULL,NULL,NULL,NULL,NULL,2.177870,3.355128,174.570000
0,1,1,-100.183281,81.077134,0.000000,NULL,NULL,NULL,NULL,NULL,-3.109338,2.516350,174.570000
0,1,1,-88.531457,193.840333,0.000000,NULL,NULL,NULL,NULL,NULL,-1.661777,3.638474,174.570000
0,1,1,-106.742024,138.471290,0.000000,NULL,NULL,NULL,NULL,NULL,-2.442085,3.167999,174.570000
0,1,1,80.983363,154.951130,0.000000,NULL,NULL,NULL,NULL,NULL,1.852769,3.545032,174.570000
0,1,1,-103.040963,100.876477,0.000000,NULL,NULL,NULL,NULL,NULL,-2.858288,2.798247,174.570000
0,1,1,50.244091,207.092793,0.000000,NULL,NULL,NULL,NULL,NULL,0.943105,3.887229,174.570000
0,1,1,67.400622,177.810731,0.000000,NULL,NULL,NULL,NULL,NULL,1.417793,3.740303,174.570000
0,1,1,-95.038377,164.703390,0.000000,NULL,NULL,NULL,NULL,NULL,-1.999161,3.464586,174.570000
0,1,1,79.475630,120.320937,0.000000,NULL,NULL,NULL,NULL,NULL,2.204602,3.337624,174.570000
0,1,1,78.301414,102.367377,0.000000,NULL,NULL,NULL,NULL,NULL,2.430201,3.177125,174.570000
0,1,1,-69.703444,201.378558,0.000000,NULL,NULL,NULL,NULL,NULL,-1.308367,3.779971,174.570000
0,1,1,-99.272810,124.864199,0.000000,NULL,NULL,NULL,NULL,NULL,-2.489311,3.131027,174.570000
0,1,1,30.329651,210.931282,0.000000,NULL,NULL,NULL,NULL,NULL,0.569302,3.959280,174.570000
0,1,1,-94.223678,147.275444,0.000000,NULL,NULL,NULL,NULL,NULL,-2.155686,3.369424,174.570000
0,1,1,73.633328,141.507216,0.000000,NULL,NULL,NULL,NULL,NULL,1.846389,3.548358,174.570000
0,1,1,67.122530,161.439536,0.000000,NULL,NULL,NULL,NULL,NULL,1.535655,3.693476,174.570000
0,1,1,-81.483481,171.813684,0.000000,NULL,NULL,NULL,NULL,NULL,-1.714030,3.614153,174.570000
0,1,1,-50.244091,207.092793,0.000000,NULL,NULL,NULL,NULL,NULL,-0.943105,3.887229,174.570000
0,1,1,52.881047,182.655672,0.000000,NULL,NULL,NULL,NULL,NULL,1.112369,3.842218,174.570000
0,1,1,-89.874998,92.372486,0.000000,NULL,NULL,NULL,NULL,NULL,-2.789405,2.866918,174.570000
0,1,1,10.140499,212.859258,0.000000,NULL,NULL,NULL,NULL,NULL,0.190342,3.995469,174.570000
0,1,1,-91.774715,111.224571,0.000000,NULL,NULL,NULL,NULL,NULL,-2.545770,3.085296,174.570000
0,1,1,-30.329651,210.931282,0.000000,NULL,NULL,NULL,NULL,NULL,-0.569302,3.959280,174.570000
0,1,1,-10.140499,212.859258,0.000000,NULL,NULL,NULL,NULL,NULL,-0.190342,3.995469,174.570000
0,1,1,-80.983363,154.951130,0.000000,NULL,NULL,NULL,NULL,NULL,-1.852769,3.545032,174.570000
0,1,1,-86.852638,133.801265,0.000000,NULL,NULL,NULL,NULL,NULL,-2.177870,3.355128,174.570000
0,1,1,66.282121,128.063204,0.000000,NULL,NULL,NULL,NULL,NULL,1.838622,3.552389,174.570000
0,1,1,-67.400622,177.810731,0.000000,NULL,NULL,NULL,NULL,NULL,-1.417793,3.740303,174.570000
0,1,1,38.018836,186.317116,0.000000,NULL,NULL,NULL,NULL,NULL,0.799738,3.919237,174.570000
0,1,1,52.747385,166.690945,0.000000,NULL,NULL,NULL,NULL,NULL,1.206775,3.813620,174.570000
0,1,1,65.625469,110.921095,0.000000,NULL,NULL,NULL,NULL,NULL,2.036785,3.442602,174.570000
0,1,1,59.736514,147.911149,0.000000,NULL,NULL,NULL,NULL,NULL,1.497920,3.708940,174.570000
0,1,1,-52.881047,182.655672,0.000000,NULL,NULL,NULL,NULL,NULL,-1.112369,3.842218,174.570000
0,1,1,22.910286,188.771339,0.000000,NULL,NULL,NULL,NULL,NULL,0.481925,3.970862,174.570000
0,1,1,-67.122530,161.439536,0.000000,NULL,NULL,NULL,NULL,NULL,-1.535655,3.693476,174.570000
0,1,1,-79.475630,120.320937,0.000000,NULL,NULL,NULL,NULL,NULL,-2.204602,3.337624,174.570000
0,1,1,-78.301414,102.367377,0.000000,NULL,NULL,NULL,NULL,NULL,-2.430201,3.177125,174.570000
0,1,1,37.968074,170.665120,0.000000,NULL,NULL,NULL,NULL,NULL,0.868648,3.904542,174.570000
0,1,1,-38.018836,186.317116,0.000000,NULL,NULL,NULL,NULL,NULL,-0.799738,3.919237,174.570000
0,1,1,7.653292,190.002439,0.000000,NULL,NULL,NULL,NULL,NULL,0.160989,3.996759,174.570000
0,1,1,-73.633328,141.507216,0.000000,NULL,NULL,NULL,NULL,NULL,-1.846389,3.548358,174.570000
0,1,1,-7.653292,190.002439,0.000000,NULL,NULL,NULL,NULL,NULL,-0.160989,3.996759,174.570000
0,1,1,-22.910286,188.771339,0.000000,NULL,NULL,NULL,NULL,NULL,-0.481925,3.970862,174.570000
0,1,1,45.290060,152.954142,0.000000,NULL,NULL,NULL,NULL,NULL,1.135669,3.835395,174.570000
0,1,1,52.342669,134.364239,0.000000,NULL,NULL,NULL,NULL,NULL,1.451951,3.727176,174.570000
0,1,1,-52.747385,166.690945,0.000000,NULL,NULL,NULL,NULL,NULL,-1.206775,3.813620,174.570000
0,1,1,22.897841,173.331609,0.000000,NULL,NULL,NULL,NULL,NULL,0.523866,3.965547,174.570000
0,1,1,52.025619,117.913215,0.000000,NULL,NULL,NULL,NULL,NULL,1.614693,3.659613,174.570000
0,1,1,-37.968074,170.665120,0.000000,NULL,NULL,NULL,NULL,NULL,-0.868648,3.904542,174.570000
0,1,1,-59.736514,147.911149,0.000000,NULL,NULL,NULL,NULL,NULL,-1.497920,3.708940,174.570000
0,1,1,-66.282121,128.063204,0.000000,NULL,NULL,NULL,NULL,NULL,-1.838622,3.552389,174.570000
0,1,1,7.652158,174.669981,0.000000,NULL,NULL,NULL,NULL,NULL,0.175069,3.996167,174.570000
0,1,1,30.426889,156.589794,0.000000,NULL,NULL,NULL,NULL,NULL,0.762968,3.926561,174.570000
0,1,1,-22.897841,173.331609,0.000000,NULL,NULL,NULL,NULL,NULL,-0.523866,3.965547,174.570000
0,1,1,-7.652158,174.669981,0.000000,NULL,NULL,NULL,NULL,NULL,-0.175069,3.996167,174.570000
0,1,1,-65.625469,110.921095,0.000000,NULL,NULL,NULL,NULL,NULL,-2.036785,3.442602,174.570000
0,1,1,37.814149,139.153131,0.000000,NULL,NULL,NULL,NULL,NULL,1.048940,3.860016,174.570000
0,1,1,-45.290060,152.954142,0.000000,NULL,NULL,NULL,NULL,NULL,-1.135669,3.835395,174.570000
0,1,1,15.283758,158.784652,0.000000,NULL,NULL,NULL,NULL,NULL,0.383247,3.981598,174.570000
0,1,1,37.693329,123.245302,0.000000,NULL,NULL,NULL,NULL,NULL,1.169869,3.825102,174.570000
0,1,1,-52.342669,134.364239,0.000000,NULL,NULL,NULL,NULL,NULL,-1.451951,3.727176,174.570000
0,1,1,-30.426889,156.589794,0.000000,NULL,NULL,NULL,NULL,NULL,-0.762968,3.926561,174.570000
0,1,1,-0.000000,159.518523,0.000000,NULL,NULL,NULL,NULL,NULL,-0.000000,4.000000,174.570000
0,1,1,-15.283758,158.784652,0.000000,NULL,NULL,NULL,NULL,NULL,-0.383247,3.981598,174.570000
0,1,1,22.860066,142.375985,0.000000,NULL,NULL,NULL,NULL,NULL,0.634123,3.949416,174.570000
0,1,1,-52.025619,117.913215,0.000000,NULL,NULL,NULL,NULL,NULL,-1.614693,3.659613,174.570000
0,1,1,-37.814149,139.153131,0.000000,NULL,NULL,NULL,NULL,NULL,-1.048940,3.860016,174.570000
0,1,1,7.648715,143.996531,0.000000,NULL,NULL,NULL,NULL,NULL,0.212170,3.994369,174.570000
0,1,1,22.830376,126.842285,0.000000,NULL,NULL,NULL,NULL,NULL,0.708575,3.936740,174.570000
0,1,1,-22.860066,142.375985,0.000000,NULL,NULL,NULL,NULL,NULL,-0.634123,3.949416,174.570000
0,1,1,-7.648715,143.996531,0.000000,NULL,NULL,NULL,NULL,NULL,-0.212170,3.994369,174.570000
0,1,1,-37.693329,123.245302,0.000000,NULL,NULL,NULL,NULL,NULL,-1.169869,3.825102,174.570000
0,1,1,7.646007,128.653527,0.000000,NULL,NULL,NULL,NULL,NULL,0.237305,3.992955,174.570000
0,1,1,-22.830376,126.842285,0.000000,NULL,NULL,NULL,NULL,NULL,-0.708575,3.936740,174.570000
0,1,1,-7.646007,128.653527,0.000000,NULL,NULL,NULL,NULL,NULL,-0.237305,3.992955,174.570000

